gameId,playId,snapFrame,releaseFrame,endFrame,timeToThrow,playSeconds,timeToPressure,qbMaxSpeed,qbDistance
2021090900,97,6.000,40,43,3.400,3.700,3.400,3.890,8.580
2021090900,137,7.000,32,37,2.500,3.000,,2.460,3.840
2021090900,187,6.000,28,31,2.200,2.500,,2.160,3.010
2021090900,282,6.000,38,43,3.200,3.700,,4.980,10.240
2021090900,349,7.000,33,37,2.600,3.000,2.100,3.120,7.110
2021090900,410,6.000,22,27,1.600,2.100,,1.860,2.090
2021090900,434,6.000,23,28,1.700,2.200,,2.150,2.650
2021090900,456,6.000,31,36,2.500,3.000,2.500,3.070,3.270
2021090900,480,6.000,40,45,3.400,3.900,,2.720,4.630
2021090900,509,6.000,33,38,2.700,3.200,,2.930,4.310
2021090900,559,6.000,30,35,2.400,2.900,,2.840,3.580
2021090900,583,6.000,26,31,2.000,2.500,,0.480,0.520
2021090900,687,6.000,28,33,2.200,2.700,2.200,1.870,2.700
2021090900,735,6.000,45,49,3.900,4.300,,7.700,21.620
2021090900,764,7.000,32,36,2.500,2.900,,4.900,11.310
2021090900,788,6.000,19,24,1.300,1.800,,2.820,3.580
2021090900,869,6.000,32,36,2.600,3.000,,4.080,6.500
2021090900,925,6.000,34,39,2.800,3.300,2.300,4.240,7.110
2021090900,947,6.000,44,49,3.800,4.300,,3.210,7.350
2021090900,1078,6.000,34,38,2.800,3.200,,2.500,3.410
2021090900,1203,6.000,30,35,2.400,2.900,,2.130,3.150
2021090900,1227,7.000,23,27,1.600,2.000,,2.250,2.180
2021090900,1267,6.000,37,42,3.100,3.600,,4.650,8.220
2021090900,1312,6.000,35,40,2.900,3.400,,6.210,15.670
2021090900,1368,6.000,30,35,2.400,2.900,,4.400,5.390
2021090900,1392,6.000,34,39,2.800,3.300,,3.090,5.420
2021090900,1425,7.000,63,68,5.600,6.100,,7.530,35.530
2021090900,1506,7.000,58,63,5.100,5.600,2.900,6.920,18.300
2021090900,1563,7.000,33,38,2.600,3.100,,3.680,6.320
2021090900,1587,6.000,31,36,2.500,3.000,,3.280,6.130
2021090900,1687,6.000,38,43,3.200,3.700,3.100,3.310,6.430
2021090900,1726,6.000,28,33,2.200,2.700,,2.860,4.240
2021090900,1776,7.000,17,39,1.000,3.200,,2.770,6.350
2021090900,1918,6.000,28,33,2.200,2.700,,2.560,3.770
2021090900,1940,7.000,33,38,2.600,3.100,,3.240,5.030
2021090900,2008,6.000,24,29,1.800,2.300,,2.380,2.580
2021090900,2032,6.000,41,45,3.500,3.900,2.800,2.400,6.400
2021090900,2088,6.000,26,30,2.000,2.400,2.000,1.580,2.340
2021090900,2129,107.000,138,143,3.100,3.600,,3.070,10.940
2021090900,2169,6.000,27,32,2.100,2.600,,2.290,3.290
2021090900,2211,6.000,38,42,3.200,3.600,2.800,3.450,6.080
2021090900,2233,6.000,32,36,2.600,3.000,2.500,3.090,5.000
2021090900,2257,6.000,32,37,2.600,3.100,2.500,2.600,4.230
2021090900,2279,6.000,59,64,5.300,5.800,3.400,7.010,24.320
2021090900,2298,6.000,44,49,3.800,4.300,3.200,6.310,10.930
2021090900,2330,6.000,66,71,6.000,6.500,4.600,7.740,28.820
2021090900,2397,7.000,48,53,4.100,4.600,,3.670,7.380
2021090900,2419,6.000,26,30,2.000,2.400,,2.150,2.740
2021090900,2441,6.000,54,58,4.800,5.200,,3.850,13.610
2021090900,2530,6.000,30,34,2.400,2.800,,2.330,3.820
2021090900,2554,6.000,28,32,2.200,2.600,2.200,3.830,4.440
2021090900,2632,6.000,35,40,2.900,3.400,2.800,3.360,6.630
2021090900,2656,6.000,24,29,1.800,2.300,,1.370,1.970
2021090900,2678,7.000,37,41,3.000,3.400,2.000,3.470,6.550
2021090900,2735,7.000,27,32,2.000,2.500,2.000,3.000,4.160
2021090900,2780,7.000,42,47,3.500,4.000,,6.920,20.840
2021090900,2871,7.000,34,39,2.700,3.200,,2.380,3.280
2021090900,2893,6.000,24,29,1.800,2.300,,1.580,2.080
2021090900,2915,6.000,37,42,3.100,3.600,2.400,4.110,9.470
2021090900,3014,6.000,41,45,3.500,3.900,,4.900,9.040
2021090900,3062,6.000,32,37,2.600,3.100,,3.150,3.810
2021090900,3110,62.000,84,88,2.200,2.600,,2.810,5.140
2021090900,3134,7.000,27,32,2.000,2.500,,4.260,7.590
2021090900,3216,7.000,29,33,2.200,2.600,,2.400,3.400
2021090900,3261,6.000,25,29,1.900,2.300,,2.550,2.880
2021090900,3306,6.000,25,29,1.900,2.300,,2.110,2.840
2021090900,3330,6.000,43,47,3.700,4.100,,6.650,19.280
2021090900,3364,7.000,32,37,2.500,3.000,2.100,2.220,2.980
2021090900,3406,146.000,173,177,2.700,3.100,,3.580,9.210
2021090900,3462,6.000,21,26,1.500,2.000,,2.930,3.840
2021090900,3588,6.000,26,30,2.000,2.400,,2.440,3.570
2021090900,3633,7.000,36,40,2.900,3.300,,3.020,4.440
2021090900,3655,6.000,31,36,2.500,3.000,2.400,3.320,4.890
2021090900,3724,6.000,36,41,3.000,3.500,2.700,2.980,5.040
2021090900,3746,6.000,37,41,3.100,3.500,3.000,3.200,5.970
2021090900,3793,6.000,39,43,3.300,3.700,,4.080,6.640
2021090900,3862,7.000,43,48,3.600,4.100,3.000,3.780,9.130
2021090900,3909,6.000,28,33,2.200,2.700,,2.330,2.660
2021090900,3933,6.000,28,32,2.200,2.600,,4.690,6.550
2021090900,3962,6.000,40,45,3.400,3.900,,3.670,11.410
2021090900,4094,6.000,27,32,2.100,2.600,,1.820,3.470
2021090900,4141,6.000,28,33,2.200,2.700,,3.060,4.750
2021090900,4189,6.000,38,43,3.200,3.700,2.700,3.400,6.210
2021090900,4211,7.000,39,44,3.200,3.700,2.500,3.120,7.270
2021090900,4246,7.000,32,37,2.500,3.000,,3.260,5.000
2021090900,4287,6.000,31,36,2.500,3.000,2.300,3.340,5.030
2021090900,4393,6.000,40,45,3.400,3.900,3.100,3.040,7.610
2021090900,4428,7.000,33,37,2.600,3.000,,3.130,5.180
2021090900,4538,7.000,37,41,3.000,3.400,2.500,2.810,5.420
2021090900,4560,6.000,32,37,2.600,3.100,2.600,2.830,5.580
2021090900,4624,6.000,35,40,2.900,3.400,2.800,2.860,4.330
2021090900,4653,6.000,29,34,2.300,2.800,,2.560,3.570
2021090900,4677,7.000,35,40,2.800,3.300,,2.510,3.910
2021090900,4699,6.000,33,38,2.700,3.200,,3.110,6.350
2021090900,4728,6.000,26,30,2.000,2.400,2.000,2.480,3.740
2021090900,4750,6.000,30,35,2.400,2.900,,3.130,5.090
2021090900,4772,6.000,24,29,1.800,2.300,,2.450,3.090
2021091200,56,6.000,33,38,2.700,3.200,,5.230,7.210
2021091200,122,6.000,36,40,3.000,3.400,,4.660,12.720
2021091200,146,6.000,25,29,1.900,2.300,,1.890,2.080
2021091200,176,6.000,36,41,3.000,3.500,,4.690,8.130
2021091200,231,6.000,27,32,2.100,2.600,2.000,3.480,4.050
2021091200,303,6.000,34,37,2.800,3.100,,5.140,11.660
2021091200,348,6.000,38,43,3.200,3.700,3.200,3.780,8.110
2021091200,370,6.000,27,32,2.100,2.600,,2.290,3.510
2021091200,605,6.000,28,33,2.200,2.700,,2.050,2.700
2021091200,705,6.000,29,34,2.300,2.800,2.300,5.780,10.230
2021091200,750,6.000,33,38,2.700,3.200,,4.390,6.380
2021091200,821,6.000,25,30,1.900,2.400,,1.790,2.580
2021091200,843,6.000,58,63,5.200,5.700,2.000,6.410,15.660
2021091200,864,7.000,31,36,2.400,2.900,,6.100,12.990
2021091200,966,7.000,53,58,4.600,5.100,0.500,7.670,29.670
2021091200,1023,6.000,24,29,1.800,2.300,,1.530,1.750
2021091200,1085,6.000,42,47,3.600,4.100,2.200,4.070,8.110
2021091200,1153,6.000,48,51,4.200,4.500,,5.770,10.230
2021091200,1182,6.000,43,47,3.700,4.100,,3.440,7.180
2021091200,1206,6.000,35,39,2.900,3.300,,1.760,3.190
2021091200,1249,6.000,26,31,2.000,2.500,,1.860,1.750
2021091200,1271,6.000,54,59,4.800,5.300,4.800,8.240,22.940
2021091200,1326,6.000,44,49,3.800,4.300,2.900,5.230,10.540
2021091200,1459,6.000,43,48,3.700,4.200,2.700,4.830,14.830
2021091200,1494,6.000,28,33,2.200,2.700,,1.160,1.600
2021091200,1558,7.000,29,34,2.200,2.700,,1.690,2.480
2021091200,1582,6.000,27,31,2.100,2.500,,1.920,2.880
2021091200,1606,7.000,47,51,4.000,4.400,,6.900,15.170
2021091200,1630,6.000,32,36,2.600,3.000,,1.660,3.290
2021091200,1732,6.000,32,37,2.600,3.100,,2.430,4.430
2021091200,1792,6.000,55,60,4.900,5.400,,8.470,26.540
2021091200,1991,6.000,33,38,2.700,3.200,,2.850,4.460
2021091200,2020,6.000,26,30,2.000,2.400,,3.980,5.800
2021091200,2063,6.000,47,52,4.100,4.600,2.800,7.620,14.560
2021091200,2121,6.000,35,40,2.900,3.400,,3.400,5.410
2021091200,2145,6.000,53,58,4.700,5.200,2.600,8.710,19.070
2021091200,2214,6.000,40,45,3.400,3.900,3.200,6.040,8.680
2021091200,2275,6.000,42,47,3.600,4.100,2.200,7.290,17.260
2021091200,2321,6.000,34,38,2.800,3.200,,2.520,3.920
2021091200,2399,6.000,52,56,4.600,5.000,2.500,6.480,16.310
2021091200,2631,6.000,63,68,5.700,6.200,3.200,6.420,18.610
2021091200,2675,7.000,27,32,2.000,2.500,,1.660,2.470
2021091200,2720,6.000,49,54,4.300,4.800,2.400,5.490,12.890
2021091200,2767,6.000,31,36,2.500,3.000,,4.570,6.590
2021091200,2906,6.000,35,40,2.900,3.400,,2.410,3.860
2021091200,2935,6.000,29,33,2.300,2.700,,2.620,3.230
2021091200,2978,7.000,26,30,1.900,2.300,,1.740,2.490
2021091200,3045,6.000,28,33,2.200,2.700,2.200,2.280,2.900
2021091200,3110,6.000,30,34,2.400,2.800,2.300,2.030,3.220
2021091200,3145,7.000,34,39,2.700,3.200,,3.350,6.280
2021091200,3383,6.000,33,37,2.700,3.100,,1.510,2.310
2021091200,3416,6.000,26,31,2.000,2.500,,1.810,2.220
2021091200,3480,6.000,32,37,2.600,3.100,2.500,2.500,3.880
2021091200,3502,6.000,34,39,2.800,3.300,2.800,2.620,4.000
2021091200,3599,6.000,44,49,3.800,4.300,,3.570,8.400
2021091200,3659,6.000,28,33,2.200,2.700,,2.150,3.120
2021091200,3728,6.000,31,36,2.500,3.000,,1.580,2.490
2021091200,3752,6.000,33,38,2.700,3.200,,2.120,2.950
2021091200,3776,6.000,38,43,3.200,3.700,,4.900,9.020
2021091200,3798,6.000,35,40,2.900,3.400,,1.580,2.800
2021091200,3820,6.000,38,43,3.200,3.700,2.300,2.560,4.330
2021091200,3928,6.000,30,35,2.400,2.900,,3.100,3.850
2021091200,3988,7.000,27,32,2.000,2.500,,2.250,3.640
2021091200,4017,6.000,30,35,2.400,2.900,,2.050,2.870
2021091200,4041,6.000,38,43,3.200,3.700,2.500,3.170,5.900
2021091200,4112,6.000,46,51,4.000,4.500,2.500,4.400,11.980
2021091200,4131,7.000,73,78,6.600,7.100,5.500,4.950,17.310
2021091200,4240,7.000,43,48,3.600,4.100,,4.530,10.100
2021091200,4274,7.000,32,35,2.500,2.800,2.500,2.010,2.710
2021091200,4298,7.000,41,46,3.400,3.900,2.000,3.970,7.760
2021091200,4317,6.000,29,32,2.300,2.600,2.200,2.260,2.740
2021091200,4346,8.000,45,50,3.700,4.200,2.300,3.480,9.120
2021091200,4367,,28,33,,,,2.370,5.520
2021091201,63,6.000,28,32,2.200,2.600,,1.620,1.780
2021091201,111,6.000,38,43,3.200,3.700,3.200,4.330,7.930
2021091201,262,6.000,28,33,2.200,2.700,,3.020,3.950
2021091201,345,7.000,62,67,5.500,6.000,2.800,5.660,13.590
2021091201,406,6.000,33,38,2.700,3.200,,1.550,2.670
2021091201,430,6.000,45,50,3.900,4.400,3.900,2.880,5.360
2021091201,454,7.000,34,39,2.700,3.200,,2.270,3.810
2021091201,476,6.000,38,43,3.200,3.700,3.000,2.210,3.240
2021091201,500,6.000,35,40,2.900,3.400,1.300,6.900,17.030
2021091201,561,6.000,43,47,3.700,4.100,,2.740,5.230
2021091201,589,6.000,54,59,4.800,5.300,2.900,3.080,10.400
2021091201,639,7.000,27,31,2.000,2.400,,1.880,2.410
2021091201,691,7.000,40,45,3.300,3.800,2.200,5.300,7.980
2021091201,762,7.000,43,47,3.600,4.000,,4.320,9.980
2021091201,856,8.000,42,46,3.400,3.800,0.400,4.640,5.530
2021091201,901,7.000,30,34,2.300,2.700,,2.320,2.770
2021091201,997,7.000,32,37,2.500,3.000,2.400,2.290,3.660
2021091201,1058,7.000,29,34,2.200,2.700,2.000,2.230,3.040
2021091201,1087,7.000,28,32,2.100,2.500,,1.250,1.360
2021091201,1148,7.000,25,29,1.800,2.200,,1.770,2.380
2021091201,1172,6.000,46,50,4.000,4.400,,2.700,6.680
2021091201,1234,7.000,39,44,3.200,3.700,,5.000,13.200
2021091201,1300,8.000,31,36,2.300,2.800,2.300,2.230,3.000
2021091201,1367,6.000,38,43,3.200,3.700,2.900,3.030,5.670
2021091201,1393,7.000,45,50,3.800,4.300,2.200,6.350,12.880
2021091201,1422,7.000,34,39,2.700,3.200,,4.540,6.830
2021091201,1446,6.000,46,51,4.000,4.500,2.600,4.320,15.300
2021091201,1486,7.000,32,37,2.500,3.000,,2.890,4.010
2021091201,1548,7.000,33,37,2.600,3.000,2.400,2.420,5.130
2021091201,1572,7.000,56,60,4.900,5.300,3.600,6.690,14.850
2021091201,1605,7.000,29,34,2.200,2.700,,1.300,1.610
2021091201,1629,7.000,29,33,2.200,2.600,,2.660,4.140
2021091201,1653,6.000,32,36,2.600,3.000,,2.870,4.870
2021091201,1710,6.000,25,29,1.900,2.300,1.700,1.430,1.610
2021091201,1746,7.000,36,41,2.900,3.400,,2.450,3.590
2021091201,1808,7.000,30,34,2.300,2.700,,2.130,2.810
2021091201,1870,6.000,49,53,4.300,4.700,,4.330,10.020
2021091201,1951,8.000,34,38,2.600,3.000,,2.670,4.640
2021091201,2126,7.000,56,61,4.900,5.400,2.800,3.910,12.520
2021091201,2209,7.000,44,49,3.700,4.200,2.100,3.180,7.810
2021091201,2302,7.000,35,39,2.800,3.200,,3.430,6.730
2021091201,2362,7.000,30,35,2.300,2.800,,1.890,2.400
2021091201,2392,7.000,31,36,2.400,2.900,,2.020,3.020
2021091201,2414,6.000,26,30,2.000,2.400,,2.250,2.710
2021091201,2438,8.000,27,31,1.900,2.300,,1.810,2.170
2021091201,2483,7.000,38,42,3.100,3.500,,2.600,5.780
2021091201,2547,7.000,30,34,2.300,2.700,2.300,1.800,2.720
2021091201,2590,7.000,43,47,3.600,4.000,3.000,2.320,4.990
2021091201,2612,7.000,39,43,3.200,3.600,,3.060,5.410
2021091201,2634,7.000,22,26,1.500,1.900,,1.590,1.710
2021091201,2709,7.000,33,37,2.600,3.000,,3.040,6.830
2021091201,2731,9.000,40,44,3.100,3.500,,2.490,5.890
2021091201,2828,6.000,49,54,4.300,4.800,,3.580,8.450
2021091201,2850,7.000,37,41,3.000,3.400,,2.260,3.690
2021091201,2912,7.000,29,33,2.200,2.600,,1.710,2.580
2021091201,2936,6.000,32,36,2.600,3.000,2.600,2.080,3.250
2021091201,2983,6.000,30,35,2.400,2.900,,4.350,4.420
2021091201,3004,6.000,50,55,4.400,4.900,4.400,3.620,9.540
2021091201,3049,6.000,28,33,2.200,2.700,,2.180,3.160
2021091201,3165,7.000,29,34,2.200,2.700,,2.270,3.080
2021091201,3219,6.000,27,31,2.100,2.500,,1.850,3.130
2021091201,3312,7.000,28,32,2.100,2.500,,2.010,2.200
2021091201,3346,7.000,56,61,4.900,5.400,2.600,3.250,9.100
2021091201,3431,7.000,32,37,2.500,3.000,,2.200,3.550
2021091201,3584,7.000,26,31,1.900,2.400,,2.430,3.520
2021091201,3655,6.000,36,40,3.000,3.400,,1.600,2.980
2021091201,3709,7.000,32,37,2.500,3.000,,1.250,1.850
2021091201,3756,7.000,50,55,4.300,4.800,,6.190,13.310
2021091201,3799,8.000,34,38,2.600,3.000,,3.040,4.080
2021091201,3878,7.000,31,36,2.400,2.900,,2.240,3.130
2021091201,3967,7.000,31,36,2.400,2.900,2.300,2.600,4.060
2021091201,3989,1.000,31,36,3.000,3.500,2.500,2.700,5.910
2021091201,4011,7.000,45,49,3.800,4.200,3.600,2.900,6.450
2021091201,4033,7.000,44,48,3.700,4.100,3.100,4.170,9.200
2021091201,4074,6.000,39,43,3.300,3.700,,2.520,5.250
2021091201,4103,6.000,48,53,4.200,4.700,1.300,6.320,15.820
2021091201,4156,6.000,30,34,2.400,2.800,,2.060,2.650
2021091201,4180,6.000,35,38,2.900,3.200,,2.610,4.350
2021091201,4209,6.000,38,42,3.200,3.600,3.000,2.760,5.160
2021091201,4233,6.000,60,65,5.400,5.900,2.900,6.040,17.910
2021091201,4266,6.000,31,34,2.500,2.800,2.400,2.880,3.730
2021091202,88,6.000,23,28,1.700,2.200,,1.860,1.920
2021091202,210,6.000,34,39,2.800,3.300,1.900,3.940,6.500
2021091202,394,7.000,29,34,2.200,2.700,,2.770,3.450
2021091202,467,6.000,61,66,5.500,6.000,2.600,7.770,29.840
2021091202,489,6.000,38,43,3.200,3.700,,3.250,5.710
2021091202,602,6.000,25,30,1.900,2.400,,3.240,4.770
2021091202,664,6.000,28,33,2.200,2.700,,2.150,2.890
2021091202,688,6.000,24,29,1.800,2.300,,1.820,2.580
2021091202,815,6.000,35,40,2.900,3.400,2.500,3.320,6.730
2021091202,837,6.000,43,48,3.700,4.200,2.500,3.630,8.350
2021091202,935,6.000,29,34,2.300,2.800,,4.250,5.600
2021091202,957,6.000,30,35,2.400,2.900,,2.520,3.410
2021091202,1021,6.000,33,38,2.700,3.200,2.500,2.540,3.440
2021091202,1074,6.000,30,35,2.400,2.900,2.400,4.090,5.570
2021091202,1113,6.000,28,33,2.200,2.700,,4.530,4.720
2021091202,1241,6.000,33,38,2.700,3.200,,1.970,2.470
2021091202,1297,6.000,35,38,2.900,3.200,2.600,4.960,12.750
2021091202,1319,7.000,33,37,2.600,3.000,,1.580,2.970
2021091202,1350,7.000,40,44,3.300,3.700,2.300,4.960,11.580
2021091202,1419,6.000,64,69,5.800,6.300,,8.950,40.420
2021091202,1441,7.000,28,32,2.100,2.500,,2.260,3.440
2021091202,1497,6.000,57,62,5.100,5.600,2.000,7.790,26.930
2021091202,1519,6.000,27,32,2.100,2.600,2.100,2.350,3.050
2021091202,1543,7.000,29,33,2.200,2.600,,2.600,3.290
2021091202,1596,7.000,28,32,2.100,2.500,2.000,2.450,3.040
2021091202,1620,7.000,36,40,2.900,3.300,2.500,4.330,11.570
2021091202,1696,7.000,44,49,3.700,4.200,,4.270,11.190
2021091202,1752,6.000,32,37,2.600,3.100,,2.990,3.170
2021091202,1774,6.000,24,29,1.800,2.300,,2.370,2.180
2021091202,1798,6.000,48,53,4.200,4.700,2.900,4.980,11.880
2021091202,1885,6.000,33,38,2.700,3.200,2.600,2.870,4.130
2021091202,1909,6.000,55,59,4.900,5.300,,1.390,5.030
2021091202,1943,6.000,32,37,2.600,3.100,,2.270,2.800
2021091202,1967,6.000,22,27,1.600,2.100,,1.320,1.810
2021091202,1991,6.000,33,38,2.700,3.200,2.700,2.610,4.130
2021091202,2153,6.000,28,33,2.200,2.700,,3.810,4.990
2021091202,2196,6.000,40,45,3.400,3.900,2.400,3.560,6.840
2021091202,2261,6.000,27,32,2.100,2.600,,4.750,7.190
2021091202,2283,6.000,33,38,2.700,3.200,,4.360,8.850
2021091202,2345,6.000,27,32,2.100,2.600,,2.730,3.800
2021091202,2367,6.000,34,39,2.800,3.300,,2.930,4.480
2021091202,2428,6.000,35,40,2.900,3.400,,6.340,14.410
2021091202,2457,6.000,34,39,2.800,3.300,2.800,5.040,7.490
2021091202,2481,7.000,32,37,2.500,3.000,,2.720,4.270
2021091202,2503,7.000,29,34,2.200,2.700,2.200,3.460,4.750
2021091202,2543,6.000,102,107,9.600,10.100,3.800,4.740,27.130
2021091202,2586,6.000,50,55,4.400,4.900,4.000,3.620,11.200
2021091202,2662,6.000,30,35,2.400,2.900,,2.650,3.470
2021091202,2684,6.000,31,36,2.500,3.000,,2.550,4.230
2021091202,2797,6.000,39,44,3.300,3.800,,5.860,10.000
2021091202,2821,6.000,26,31,2.000,2.500,,2.210,3.160
2021091202,2883,7.000,46,51,3.900,4.400,,7.750,21.600
2021091202,2949,6.000,75,80,6.900,7.400,,8.330,32.220
2021091202,3075,7.000,30,35,2.300,2.800,,2.540,3.180
2021091202,3376,6.000,26,31,2.000,2.500,,1.940,2.720
2021091202,3398,6.000,68,73,6.200,6.700,,7.520,29.160
2021091202,3420,6.000,41,46,3.500,4.000,2.400,3.290,8.120
2021091202,3490,7.000,70,75,6.300,6.800,3.500,8.160,32.980
2021091202,3512,7.000,36,41,2.900,3.400,,2.690,4.940
2021091202,3536,6.000,30,35,2.400,2.900,,3.370,6.910
2021091202,3635,6.000,28,33,2.200,2.700,,2.280,2.910
2021091202,3675,6.000,35,40,2.900,3.400,,3.830,6.710
2021091202,3699,6.000,25,30,1.900,2.400,,2.330,3.080
2021091202,3723,6.000,23,28,1.700,2.200,,1.700,1.770
2021091202,3745,6.000,43,48,3.700,4.200,,3.680,8.130
2021091202,3767,6.000,32,37,2.600,3.100,,3.330,5.950
2021091202,3791,6.000,39,44,3.300,3.800,2.600,4.640,8.490
2021091202,3820,6.000,40,45,3.400,3.900,2.800,3.800,8.420
2021091202,3843,6.000,34,39,2.800,3.300,,3.090,4.050
2021091202,3889,6.000,28,33,2.200,2.700,,2.820,3.720
2021091202,3914,6.000,28,33,2.200,2.700,,2.160,3.330
2021091202,3606,,16,21,,,,1.760,2.000
2021091203,125,6.000,27,32,2.100,2.600,,4.030,4.870
2021091203,149,6.000,32,37,2.600,3.100,2.600,2.750,3.850
2021091203,223,6.000,35,40,2.900,3.400,2.700,4.190,7.890
2021091203,258,6.000,33,38,2.700,3.200,,2.430,3.530
2021091203,280,6.000,26,31,2.000,2.500,,1.870,2.410
2021091203,405,7.000,24,29,1.700,2.200,,3.570,3.740
2021091203,533,6.000,23,28,1.700,2.200,,2.850,4.200
2021091203,601,6.000,47,52,4.100,4.600,1.900,4.580,12.560
2021091203,620,7.000,32,37,2.500,3.000,2.500,2.410,4.280
2021091203,672,6.000,27,31,2.100,2.500,2.100,4.610,8.470
2021091203,722,6.000,49,54,4.300,4.800,2.600,4.970,15.150
2021091203,765,6.000,58,63,5.200,5.700,2.900,2.690,7.270
2021091203,845,6.000,27,31,2.100,2.500,,1.860,2.170
2021091203,924,6.000,26,31,2.000,2.500,,3.360,4.120
2021091203,1041,6.000,34,39,2.800,3.300,,3.720,5.390
2021091203,1086,6.000,39,44,3.300,3.800,,4.940,14.350
2021091203,1258,6.000,27,32,2.100,2.600,,1.870,2.140
2021091203,1414,6.000,41,46,3.500,4.000,1.900,3.910,9.750
2021091203,1485,7.000,32,37,2.500,3.000,,2.460,3.780
2021091203,1521,7.000,61,66,5.400,5.900,2.700,4.330,13.170
2021091203,1561,6.000,28,33,2.200,2.700,2.200,2.250,3.290
2021091203,1591,6.000,33,38,2.700,3.200,,2.720,4.170
2021091203,1667,6.000,39,44,3.300,3.800,,3.520,5.110
2021091203,1723,7.000,29,34,2.200,2.700,,2.740,5.470
2021091203,1745,6.000,28,33,2.200,2.700,,1.890,3.340
2021091203,1780,6.000,35,38,2.900,3.200,,2.520,3.720
2021091203,1809,6.000,38,43,3.200,3.700,,3.080,5.420
2021091203,1885,7.000,29,34,2.200,2.700,,2.050,2.310
2021091203,1909,7.000,31,35,2.400,2.800,,2.530,3.870
2021091203,1938,6.000,34,39,2.800,3.300,,2.590,3.960
2021091203,1967,6.000,33,38,2.700,3.200,,2.820,4.760
2021091203,2063,7.000,40,45,3.300,3.800,,2.780,5.890
2021091203,2104,7.000,45,50,3.800,4.300,,5.610,13.720
2021091203,2186,6.000,35,39,2.900,3.300,2.800,2.870,6.030
2021091203,2219,6.000,63,68,5.700,6.200,3.000,6.430,19.100
2021091203,2376,6.000,23,28,1.700,2.200,,1.720,2.490
2021091203,2400,6.000,38,43,3.200,3.700,,2.230,4.780
2021091203,2450,7.000,40,45,3.300,3.800,,6.330,16.100
2021091203,2472,6.000,34,39,2.800,3.300,,2.610,4.350
2021091203,2538,6.000,36,40,3.000,3.400,2.900,2.460,4.000
2021091203,2685,6.000,48,53,4.200,4.700,3.500,5.690,10.840
2021091203,2751,6.000,28,33,2.200,2.700,,3.060,4.080
2021091203,2773,6.000,25,30,1.900,2.400,,1.520,1.630
2021091203,2822,6.000,50,55,4.400,4.900,2.900,3.780,9.630
2021091203,2862,6.000,27,32,2.100,2.600,,1.270,1.950
2021091203,2909,6.000,40,45,3.400,3.900,3.000,4.020,8.920
2021091203,2952,7.000,32,37,2.500,3.000,,2.660,3.830
2021091203,2974,6.000,25,30,1.900,2.400,,2.750,4.040
2021091203,3239,7.000,34,39,2.700,3.200,2.600,4.230,7.510
2021091203,3261,6.000,31,35,2.500,2.900,,2.120,2.390
2021091203,3320,6.000,37,42,3.100,3.600,,5.200,12.880
2021091203,3366,6.000,40,45,3.400,3.900,,4.220,8.520
2021091203,3405,6.000,35,40,2.900,3.400,2.900,2.610,4.020
2021091203,3429,6.000,29,34,2.300,2.800,,4.150,5.680
2021091203,3453,6.000,35,40,2.900,3.400,,2.760,3.840
2021091203,3623,6.000,42,47,3.600,4.100,,4.830,14.210
2021091203,3645,6.000,47,52,4.100,4.600,2.900,2.450,6.310
2021091203,3682,7.000,63,68,5.600,6.100,3.300,4.550,16.630
2021091203,3740,6.000,31,36,2.500,3.000,,2.330,3.060
2021091203,3764,7.000,50,55,4.300,4.800,2.700,3.410,9.480
2021091203,3977,6.000,29,34,2.300,2.800,,2.670,3.350
2021091203,4001,6.000,33,38,2.700,3.200,2.700,2.360,3.880
2021091203,4025,7.000,32,37,2.500,3.000,2.200,2.100,3.040
2021091203,4047,6.000,27,31,2.100,2.500,,1.550,1.990
2021091203,4076,6.000,37,42,3.100,3.600,2.500,2.700,5.730
2021091203,4100,6.000,25,30,1.900,2.400,,1.490,2.000
2021091203,4124,7.000,36,41,2.900,3.400,,2.250,4.120
2021091203,4284,6.000,35,40,2.900,3.400,,3.740,5.900
2021091203,4329,6.000,52,57,4.600,5.100,2.300,1.790,4.200
2021091203,4393,7.000,33,38,2.600,3.100,2.400,4.460,9.480
2021091203,4415,8.000,32,36,2.400,2.800,,2.390,3.320
2021091203,4528,7.000,32,36,2.500,2.900,,2.200,2.860
2021091203,4596,6.000,39,44,3.300,3.800,3.200,4.720,8.630
2021091203,4629,7.000,49,54,4.200,4.700,4.100,6.100,22.230
2021091203,4682,6.000,32,37,2.600,3.100,,2.530,3.850
2021091203,4849,7.000,40,45,3.300,3.800,,4.510,9.070
2021091204,90,6.000,34,39,2.800,3.300,,6.240,14.700
2021091204,135,6.000,31,36,2.500,3.000,2.300,1.480,2.520
2021091204,157,6.000,36,41,3.000,3.500,,3.170,5.940
2021091204,282,6.000,34,39,2.800,3.300,,3.070,5.640
2021091204,328,6.000,36,41,3.000,3.500,2.800,3.030,5.050
2021091204,417,7.000,31,36,2.400,2.900,,4.910,10.240
2021091204,487,7.000,29,34,2.200,2.700,,2.080,2.720
2021091204,516,6.000,33,38,2.700,3.200,,1.670,2.560
2021091204,596,6.000,26,31,2.000,2.500,,1.850,2.440
2021091204,660,6.000,35,40,2.900,3.400,,3.750,6.460
2021091204,693,6.000,51,56,4.500,5.000,3.400,4.410,13.840
2021091204,712,6.000,40,45,3.400,3.900,,5.340,12.080
2021091204,736,6.000,29,34,2.300,2.800,2.300,3.440,5.230
2021091204,807,6.000,22,27,1.600,2.100,,2.680,4.510
2021091204,831,7.000,23,28,1.600,2.100,,1.870,2.300
2021091204,895,6.000,34,39,2.800,3.300,2.800,3.120,4.610
2021091204,919,6.000,29,34,2.300,2.800,,3.050,4.370
2021091204,1026,7.000,38,43,3.100,3.600,,3.950,7.360
2021091204,1054,6.000,24,29,1.800,2.300,,1.660,1.640
2021091204,1163,6.000,39,44,3.300,3.800,,6.000,17.550
2021091204,1187,7.000,30,34,2.300,2.700,,2.620,4.070
2021091204,1300,6.000,34,39,2.800,3.300,2.700,2.740,6.270
2021091204,1365,6.000,46,51,4.000,4.500,3.900,3.010,6.040
2021091204,1443,6.000,39,44,3.300,3.800,,3.100,5.420
2021091204,1488,6.000,42,47,3.600,4.100,,5.770,17.440
2021091204,1579,6.000,36,40,3.000,3.400,,5.630,14.650
2021091204,1641,6.000,52,57,4.600,5.100,,4.750,12.430
2021091204,1670,7.000,36,41,2.900,3.400,2.600,3.250,6.340
2021091204,1775,7.000,47,52,4.000,4.500,2.300,4.550,11.540
2021091204,1811,7.000,33,37,2.600,3.000,,3.530,6.990
2021091204,1916,6.000,24,29,1.800,2.300,,1.100,0.990
2021091204,1938,6.000,38,43,3.200,3.700,,4.510,8.540
2021091204,1979,6.000,39,44,3.300,3.800,2.200,4.310,7.520
2021091204,2034,6.000,34,38,2.800,3.200,,2.740,4.000
2021091204,2148,7.000,44,48,3.700,4.100,,4.590,13.980
2021091204,2196,6.000,27,31,2.100,2.500,,1.080,1.300
2021091204,2263,6.000,48,53,4.200,4.700,2.500,4.170,10.410
2021091204,2345,6.000,26,31,2.000,2.500,,1.720,2.460
2021091204,2367,6.000,33,38,2.700,3.200,,2.980,5.700
2021091204,2421,6.000,33,38,2.700,3.200,2.600,2.870,5.100
2021091204,2447,6.000,29,33,2.300,2.700,,3.120,5.070
2021091204,2596,7.000,33,37,2.600,3.000,2.500,2.990,4.570
2021091204,2652,6.000,54,59,4.800,5.300,,8.020,29.280
2021091204,2699,6.000,24,29,1.800,2.300,,4.650,8.360
2021091204,2742,6.000,39,44,3.300,3.800,,2.900,5.560
2021091204,2766,6.000,49,54,4.300,4.800,4.200,2.900,5.280
2021091204,2876,6.000,30,35,2.400,2.900,,3.430,4.750
2021091204,3017,6.000,39,44,3.300,3.800,,2.300,4.180
2021091204,3060,6.000,30,35,2.400,2.900,,2.800,4.050
2021091204,3100,7.000,64,69,5.700,6.200,2.500,5.610,15.730
2021091204,3171,7.000,40,44,3.300,3.700,,5.070,12.800
2021091204,3195,7.000,26,31,1.900,2.400,1.800,4.430,6.360
2021091204,3255,7.000,47,52,4.000,4.500,2.200,4.280,10.280
2021091204,3351,6.000,34,39,2.800,3.300,,3.270,5.290
2021091204,3375,6.000,29,34,2.300,2.800,,2.320,3.860
2021091204,3404,7.000,67,72,6.000,6.500,3.400,5.080,17.920
2021091204,3444,6.000,29,34,2.300,2.800,,3.560,5.980
2021091204,3479,7.000,36,40,2.900,3.300,,2.950,4.980
2021091204,3504,7.000,28,33,2.100,2.600,,2.040,3.110
2021091204,3533,6.000,36,41,3.000,3.500,,2.810,5.110
2021091204,3597,6.000,22,27,1.600,2.100,,1.600,1.610
2021091204,3638,6.000,32,37,2.600,3.100,2.500,2.390,3.660
2021091204,3662,6.000,30,35,2.400,2.900,,2.530,4.390
2021091204,3691,7.000,31,36,2.400,2.900,,2.650,4.090
2021091204,3719,6.000,35,39,2.900,3.300,2.800,2.970,5.460
2021091204,3741,6.000,30,35,2.400,2.900,,2.400,3.310
2021091204,3774,7.000,36,40,2.900,3.300,,3.240,7.190
2021091204,3808,6.000,33,38,2.700,3.200,,3.300,6.180
2021091204,3832,6.000,33,38,2.700,3.200,2.600,1.930,3.080
2021091204,3856,6.000,37,42,3.100,3.600,3.000,4.620,10.870
2021091204,3880,7.000,32,37,2.500,3.000,,1.830,3.110
2021091204,3908,6.000,52,57,4.600,5.100,,6.970,23.380
2021091204,3973,6.000,28,33,2.200,2.700,,2.430,3.740
2021091204,4042,7.000,24,28,1.700,2.100,,2.070,2.930
2021091204,4082,6.000,31,36,2.500,3.000,,2.380,3.600
2021091204,4106,4.000,30,35,2.600,3.100,,2.430,4.040
2021091204,4135,6.000,38,43,3.200,3.700,,6.840,11.840
2021091204,4164,6.000,25,30,1.900,2.400,,2.630,3.350
2021091204,4199,7.000,29,34,2.200,2.700,,2.800,4.050
2021091204,4253,6.000,39,44,3.300,3.800,3.300,6.630,18.800
2021091204,4401,6.000,38,43,3.200,3.700,2.400,5.510,13.620
2021091204,4441,6.000,29,34,2.300,2.800,,2.740,4.500
2021091204,4463,6.000,38,43,3.200,3.700,,3.300,8.990
2021091204,4492,7.000,32,37,2.500,3.000,,3.080,4.710
2021091204,4514,6.000,42,46,3.600,4.000,3.400,3.090,6.410
2021091204,4555,6.000,41,45,3.500,3.900,2.600,3.350,9.590
2021091204,4581,6.000,52,57,4.600,5.100,2.900,7.690,18.270
2021091204,4607,7.000,29,33,2.200,2.600,,2.870,4.160
2021091204,4629,7.000,42,47,3.500,4.000,3.500,3.300,9.530
2021091205,78,6.000,26,31,2.000,2.500,,1.800,2.280
2021091205,100,6.000,29,33,2.300,2.700,,1.930,3.150
2021091205,151,6.000,31,36,2.500,3.000,,1.470,1.890
2021091205,249,6.000,28,33,2.200,2.700,,2.770,3.440
2021091205,337,6.000,50,55,4.400,4.900,,8.010,25.910
2021091205,404,6.000,67,72,6.100,6.600,3.800,8.390,25.250
2021091205,423,6.000,27,31,2.100,2.500,,2.250,2.860
2021091205,447,7.000,32,36,2.500,2.900,,2.300,3.890
2021091205,513,6.000,36,41,3.000,3.500,3.000,3.740,8.390
2021091205,643,7.000,38,42,3.100,3.500,,6.350,11.860
2021091205,699,6.000,28,33,2.200,2.700,0.300,4.720,5.990
2021091205,745,6.000,26,31,2.000,2.500,,1.480,1.560
2021091205,787,6.000,31,35,2.500,2.900,,1.450,1.760
2021091205,811,6.000,55,60,4.900,5.400,3.100,4.650,13.770
2021091205,856,6.000,28,33,2.200,2.700,,3.910,8.020
2021091205,878,6.000,31,36,2.500,3.000,,2.950,4.900
2021091205,1050,6.000,34,38,2.800,3.200,,2.590,3.520
2021091205,1091,6.000,37,42,3.100,3.600,3.100,3.480,6.190
2021091205,1157,6.000,35,40,2.900,3.400,,4.740,7.670
2021091205,1179,6.000,67,72,6.100,6.600,,8.110,32.180
2021091205,1212,6.000,37,42,3.100,3.600,,3.090,7.910
2021091205,1278,6.000,30,35,2.400,2.900,,4.040,6.610
2021091205,1359,6.000,40,45,3.400,3.900,,1.370,3.410
2021091205,1404,7.000,56,60,4.900,5.300,3.000,6.060,19.990
2021091205,1426,6.000,31,35,2.500,2.900,,2.660,4.100
2021091205,1494,6.000,29,34,2.300,2.800,2.300,2.740,3.790
2021091205,1518,6.000,26,30,2.000,2.400,,2.740,4.190
2021091205,1667,6.000,45,50,3.900,4.400,,3.090,6.970
2021091205,1711,6.000,29,34,2.300,2.800,,2.710,3.360
2021091205,1739,6.000,61,66,5.500,6.000,3.300,7.440,23.060
2021091205,1808,6.000,64,69,5.800,6.300,2.100,5.880,22.930
2021091205,1924,6.000,38,43,3.200,3.700,3.200,3.130,4.790
2021091205,1988,6.000,46,50,4.000,4.400,,4.300,7.460
2021091205,2042,7.000,24,29,1.700,2.200,,1.380,1.330
2021091205,2075,6.000,24,29,1.800,2.300,,2.600,3.410
2021091205,2097,6.000,51,56,4.500,5.000,,8.240,17.670
2021091205,2183,6.000,30,35,2.400,2.900,,2.350,2.810
2021091205,2223,6.000,30,35,2.400,2.900,,2.460,3.350
2021091205,2245,6.000,25,30,1.900,2.400,,1.150,1.600
2021091205,2297,6.000,45,50,3.900,4.400,3.000,5.730,13.900
2021091205,2325,6.000,34,38,2.800,3.200,2.700,3.440,5.250
2021091205,2388,6.000,75,80,6.900,7.400,2.500,6.880,24.420
2021091205,2429,6.000,33,38,2.700,3.200,,2.720,4.660
2021091205,2581,6.000,33,38,2.700,3.200,2.400,3.150,5.540
2021091205,2681,6.000,29,33,2.300,2.700,,2.550,3.230
2021091205,2795,6.000,46,50,4.000,4.400,3.500,7.540,17.300
2021091205,2838,6.000,41,46,3.500,4.000,2.500,2.850,6.370
2021091205,2966,6.000,30,34,2.400,2.800,,4.120,6.440
2021091205,3053,6.000,27,31,2.100,2.500,1.800,4.500,8.700
2021091205,3127,6.000,31,36,2.500,3.000,2.200,5.850,12.200
2021091205,3151,6.000,30,35,2.400,2.900,,2.910,3.440
2021091205,3175,7.000,27,32,2.000,2.500,,1.540,1.280
2021091205,3210,6.000,42,47,3.600,4.100,,5.350,10.730
2021091205,3310,6.000,43,48,3.700,4.200,2.400,5.690,13.330
2021091205,3361,7.000,42,47,3.500,4.000,,2.640,5.900
2021091205,3383,7.000,30,35,2.300,2.800,2.300,2.120,2.620
2021091205,3426,7.000,35,39,2.800,3.200,,3.400,7.810
2021091205,3467,7.000,34,37,2.700,3.000,,5.150,11.560
2021091205,3548,6.000,47,52,4.100,4.600,,7.010,16.540
2021091205,3631,7.000,26,30,1.900,2.300,,3.260,5.230
2021091205,3687,6.000,32,36,2.600,3.000,,2.730,3.790
2021091205,3711,7.000,37,42,3.000,3.500,,3.100,5.770
2021091205,3735,6.000,38,42,3.200,3.600,3.200,4.570,6.970
2021091205,3761,6.000,38,42,3.200,3.600,2.100,2.670,5.520
2021091205,3783,7.000,43,47,3.600,4.000,,4.270,12.040
2021091205,3805,6.000,33,38,2.700,3.200,2.500,2.710,4.750
2021091205,3886,6.000,37,42,3.100,3.600,,2.820,4.740
2021091205,4100,7.000,42,47,3.500,4.000,3.000,2.760,5.450
2021091205,4122,7.000,53,58,4.600,5.100,3.200,7.460,19.070
2021091205,4141,6.000,47,51,4.100,4.500,3.800,5.300,13.180
2021091205,4420,6.000,33,37,2.700,3.100,,2.520,3.960
2021091205,4489,6.000,38,43,3.200,3.700,,2.350,4.500
2021091205,4513,6.000,24,29,1.800,2.300,,1.170,1.550
2021091205,4535,6.000,31,36,2.500,3.000,,2.910,5.520
2021091205,4580,6.000,31,36,2.500,3.000,,2.440,3.460
2021091205,4604,7.000,31,36,2.400,2.900,2.400,2.990,4.740
2021091205,4649,6.000,35,40,2.900,3.400,,2.550,4.770
2021091205,4673,6.000,42,47,3.600,4.100,,7.460,21.820
2021091205,4695,6.000,26,31,2.000,2.500,,1.940,2.960
2021091206,76,6.000,26,31,2.000,2.500,,2.700,2.730
2021091206,98,6.000,43,48,3.700,4.200,2.200,4.030,9.340
2021091206,128,6.000,41,46,3.500,4.000,3.200,3.350,5.830
2021091206,152,6.000,37,42,3.100,3.600,,5.580,7.680
2021091206,245,7.000,32,37,2.500,3.000,,2.040,2.510
2021091206,269,6.000,63,68,5.700,6.200,0.000,8.400,29.210
2021091206,439,7.000,62,67,5.500,6.000,,8.470,34.270
2021091206,506,7.000,41,46,3.400,3.900,2.500,6.900,11.510
2021091206,620,6.000,37,40,3.100,3.400,3.100,4.450,7.060
2021091206,649,8.000,34,37,2.600,2.900,2.300,3.330,4.390
2021091206,742,8.000,44,49,3.600,4.100,2.400,4.020,8.900
2021091206,855,7.000,26,30,1.900,2.300,,1.470,1.820
2021091206,903,8.000,42,45,3.400,3.700,,5.460,16.380
2021091206,948,7.000,39,42,3.200,3.500,3.200,2.300,4.870
2021091206,1040,8.000,40,43,3.200,3.500,,4.420,8.250
2021091206,1064,8.000,30,33,2.200,2.500,,2.500,2.600
2021091206,1130,7.000,43,46,3.600,3.900,3.200,5.220,10.640
2021091206,1171,8.000,28,32,2.000,2.400,2.000,3.290,5.320
2021091206,1195,7.000,30,34,2.300,2.700,2.300,2.460,3.050
2021091206,1246,7.000,33,37,2.600,3.000,2.500,3.570,5.920
2021091206,1320,7.000,31,35,2.400,2.800,2.300,1.950,3.120
2021091206,1371,7.000,48,52,4.100,4.500,,5.070,9.380
2021091206,1483,7.000,28,31,2.100,2.400,,2.560,2.810
2021091206,1583,8.000,29,32,2.100,2.400,,2.220,2.610
2021091206,1668,8.000,50,55,4.200,4.700,2.100,2.710,7.000
2021091206,1687,8.000,48,51,4.000,4.300,,3.180,7.650
2021091206,1745,8.000,35,40,2.700,3.200,2.400,2.620,4.180
2021091206,1824,7.000,39,42,3.200,3.500,,3.280,5.300
2021091206,1865,67.000,103,106,3.600,3.900,,3.600,11.140
2021091206,1921,8.000,40,44,3.200,3.600,,4.770,8.070
2021091206,1945,7.000,34,37,2.700,3.000,,1.530,2.040
2021091206,2011,7.000,39,42,3.200,3.500,3.100,3.110,5.110
2021091206,2058,7.000,44,48,3.700,4.100,,2.400,4.440
2021091206,2111,8.000,83,87,7.500,7.900,4.500,5.860,21.670
2021091206,2210,6.000,52,57,4.600,5.100,,7.730,27.520
2021091206,2229,6.000,30,34,2.400,2.800,2.400,2.070,2.760
2021091206,2253,8.000,34,39,2.600,3.100,2.100,2.630,4.620
2021091206,2301,7.000,51,56,4.400,4.900,3.100,3.810,11.610
2021091206,2347,8.000,45,50,3.700,4.200,2.200,3.680,9.070
2021091206,2419,7.000,30,34,2.300,2.700,,4.970,9.050
2021091206,2609,8.000,39,43,3.100,3.500,,4.770,8.430
2021091206,2676,8.000,32,36,2.400,2.800,2.100,2.900,4.490
2021091206,2760,7.000,41,45,3.400,3.800,,3.950,6.310
2021091206,2868,6.000,30,34,2.400,2.800,,3.210,3.450
2021091206,2914,7.000,24,27,1.700,2.000,,1.360,2.060
2021091206,2964,7.000,30,33,2.300,2.600,,3.760,3.980
2021091206,2988,7.000,29,34,2.200,2.700,,2.920,3.350
2021091206,3032,6.000,24,29,1.800,2.300,,1.950,2.110
2021091206,3060,6.000,41,45,3.500,3.900,2.600,3.610,7.140
2021091206,3079,7.000,43,47,3.600,4.000,,4.850,8.750
2021091206,3132,7.000,32,35,2.500,2.800,,4.990,6.700
2021091206,3236,7.000,34,38,2.700,3.100,2.600,2.210,2.920
2021091206,3287,7.000,37,41,3.000,3.400,2.900,3.010,4.730
2021091206,3311,3.000,38,43,3.500,4.000,3.300,4.540,6.680
2021091206,3353,8.000,56,60,4.800,5.200,,5.650,14.850
2021091206,3382,7.000,37,40,3.000,3.300,2.700,3.180,5.960
2021091206,3406,7.000,36,39,2.900,3.200,,3.360,4.500
2021091206,3439,8.000,39,44,3.100,3.600,,3.200,4.970
2021091206,3463,8.000,44,47,3.600,3.900,2.900,3.830,7.310
2021091206,3561,7.000,33,36,2.600,2.900,,2.980,3.850
2021091206,3761,8.000,51,56,4.300,4.800,2.900,6.150,11.000
2021091206,3803,7.000,33,37,2.600,3.000,2.500,4.000,7.920
2021091206,3833,7.000,32,35,2.500,2.800,2.400,3.600,5.300
2021091206,1296,,25,30,,,,3.460,7.490
2021091207,76,6.000,32,37,2.600,3.100,,1.210,1.990
2021091207,100,6.000,33,37,2.700,3.100,,2.260,3.560
2021091207,152,6.000,39,44,3.300,3.800,,2.940,5.170
2021091207,218,6.000,49,53,4.300,4.700,,5.750,14.270
2021091207,253,6.000,32,37,2.600,3.100,,2.680,4.780
2021091207,386,6.000,30,35,2.400,2.900,,2.650,4.490
2021091207,410,6.000,27,32,2.100,2.600,,1.580,2.220
2021091207,494,6.000,28,33,2.200,2.700,2.100,4.660,10.010
2021091207,621,6.000,63,68,5.700,6.200,5.400,7.530,28.800
2021091207,660,6.000,55,60,4.900,5.400,4.500,8.270,27.810
2021091207,839,6.000,29,34,2.300,2.800,,1.120,2.090
2021091207,863,6.000,25,30,1.900,2.400,,1.510,2.350
2021091207,930,6.000,32,37,2.600,3.100,,2.600,3.380
2021091207,954,6.000,43,48,3.700,4.200,,2.760,6.380
2021091207,1053,6.000,39,44,3.300,3.800,2.600,3.310,6.990
2021091207,1090,6.000,67,72,6.100,6.600,,9.780,41.240
2021091207,1128,6.000,41,46,3.500,4.000,,2.990,5.760
2021091207,1152,6.000,31,36,2.500,3.000,,5.880,11.400
2021091207,1344,6.000,19,24,1.300,1.800,,1.200,1.780
2021091207,1431,7.000,20,25,1.300,1.800,,0.600,0.890
2021091207,1476,6.000,29,34,2.300,2.800,,2.000,2.870
2021091207,1540,6.000,32,37,2.600,3.100,,2.000,2.850
2021091207,1562,6.000,31,35,2.500,2.900,,2.140,2.950
2021091207,1584,6.000,24,29,1.800,2.300,,1.400,1.860
2021091207,1650,6.000,28,33,2.200,2.700,,4.370,6.490
2021091207,1703,6.000,53,58,4.700,5.200,,2.820,5.120
2021091207,1725,6.000,33,38,2.700,3.200,,2.470,4.160
2021091207,1747,6.000,104,109,9.800,10.300,7.900,8.890,44.330
2021091207,1792,6.000,35,40,2.900,3.400,,5.890,9.770
2021091207,1834,6.000,23,28,1.700,2.200,,1.190,2.130
2021091207,1858,6.000,34,39,2.800,3.300,2.600,2.940,6.370
2021091207,2050,6.000,33,38,2.700,3.200,2.400,1.910,3.560
2021091207,2074,6.000,44,49,3.800,4.300,2.900,6.640,9.990
2021091207,2095,6.000,40,45,3.400,3.900,2.500,2.460,5.690
2021091207,2119,6.000,34,39,2.800,3.300,2.700,2.600,3.920
2021091207,2148,6.000,25,30,1.900,2.400,,1.770,2.530
2021091207,2189,7.000,30,35,2.300,2.800,,2.680,3.650
2021091207,2222,6.000,31,36,2.500,3.000,,2.120,3.030
2021091207,2244,6.000,37,42,3.100,3.600,3.100,2.630,5.050
2021091207,2345,7.000,53,58,4.600,5.100,,3.040,8.760
2021091207,2503,6.000,63,68,5.700,6.200,,3.980,17.530
2021091207,2529,6.000,30,35,2.400,2.900,2.400,1.770,2.490
2021091207,2553,6.000,30,35,2.400,2.900,2.100,1.870,2.370
2021091207,2654,6.000,28,33,2.200,2.700,2.200,3.930,7.190
2021091207,2716,6.000,40,45,3.400,3.900,2.100,5.680,12.070
2021091207,2766,6.000,30,35,2.400,2.900,,4.090,7.320
2021091207,2856,6.000,33,38,2.700,3.200,,2.380,3.310
2021091207,2901,6.000,42,47,3.600,4.100,2.900,2.590,5.800
2021091207,2927,6.000,55,60,4.900,5.400,,3.430,11.620
2021091207,2949,6.000,31,36,2.500,3.000,,3.350,5.470
2021091207,2982,6.000,38,43,3.200,3.700,2.100,3.260,7.040
2021091207,3148,6.000,34,42,2.800,3.600,2.700,2.930,5.410
2021091207,3245,6.000,30,35,2.400,2.900,,2.520,4.380
2021091207,3310,6.000,33,38,2.700,3.200,,1.850,3.280
2021091207,3353,6.000,37,42,3.100,3.600,,2.380,3.740
2021091207,3398,6.000,34,38,2.800,3.200,,2.520,3.840
2021091207,3420,6.000,25,29,1.900,2.300,,1.480,2.190
2021091207,3444,6.000,22,27,1.600,2.100,,2.040,1.970
2021091207,3466,6.000,25,29,1.900,2.300,,1.510,1.990
2021091207,3488,6.000,35,40,2.900,3.400,,2.310,4.690
2021091207,3527,6.000,52,57,4.600,5.100,3.200,3.340,8.820
2021091207,3728,6.000,34,39,2.800,3.300,,2.160,4.340
2021091207,3776,6.000,29,34,2.300,2.800,,4.750,8.190
2021091207,3804,6.000,30,35,2.400,2.900,,2.230,3.220
2021091207,3828,6.000,44,49,3.800,4.300,2.300,4.260,8.660
2021091207,3847,6.000,41,46,3.500,4.000,3.000,2.880,6.460
2021091207,3871,6.000,32,37,2.600,3.100,2.500,2.470,3.710
2021091208,56,7.000,32,36,2.500,2.900,,1.890,2.700
2021091208,85,7.000,28,31,2.100,2.400,,2.060,2.380
2021091208,175,7.000,34,38,2.700,3.100,,2.680,4.130
2021091208,225,6.000,74,79,6.800,7.300,0.000,5.380,26.500
2021091208,272,7.000,29,33,2.200,2.600,,2.890,3.560
2021091208,377,6.000,34,39,2.800,3.300,2.800,3.900,5.890
2021091208,401,6.000,47,51,4.100,4.500,2.200,5.970,17.190
2021091208,450,7.000,40,44,3.300,3.700,3.300,4.070,8.150
2021091208,493,7.000,33,37,2.600,3.000,,3.270,7.850
2021091208,620,7.000,26,31,1.900,2.400,,1.850,2.390
2021091208,649,7.000,48,53,4.100,4.600,2.800,5.010,11.610
2021091208,742,7.000,35,39,2.800,3.200,2.600,3.470,5.230
2021091208,764,6.000,30,34,2.400,2.800,,5.580,11.370
2021091208,788,7.000,32,35,2.500,2.800,,2.530,3.630
2021091208,920,7.000,46,49,3.900,4.200,3.900,2.190,5.930
2021091208,974,7.000,27,31,2.000,2.400,,2.190,2.230
2021091208,996,7.000,36,41,2.900,3.400,2.500,3.350,7.660
2021091208,1095,6.000,29,34,2.300,2.800,,2.170,2.830
2021091208,1145,6.000,38,43,3.200,3.700,,4.900,8.850
2021091208,1190,6.000,22,27,1.600,2.100,1.500,3.230,4.590
2021091208,1214,6.000,30,35,2.400,2.900,2.100,2.640,3.850
2021091208,1238,6.000,23,28,1.700,2.200,,0.930,0.990
2021091208,1304,6.000,29,34,2.300,2.800,,2.420,3.620
2021091208,1367,7.000,34,39,2.700,3.200,2.200,3.610,6.790
2021091208,1431,6.000,38,42,3.200,3.600,,5.340,8.750
2021091208,1453,7.000,28,32,2.100,2.500,2.100,3.310,4.660
2021091208,1521,6.000,23,27,1.700,2.100,,3.710,4.190
2021091208,1545,6.000,32,36,2.600,3.000,,3.460,7.130
2021091208,1599,6.000,24,29,1.800,2.300,,1.850,1.480
2021091208,1644,6.000,45,49,3.900,4.300,2.500,6.000,16.110
2021091208,1675,7.000,33,36,2.600,2.900,2.600,3.110,4.590
2021091208,1710,6.000,28,31,2.200,2.500,,2.460,3.030
2021091208,1739,7.000,29,32,2.200,2.500,,2.250,2.880
2021091208,1784,6.000,37,41,3.100,3.500,,5.030,8.330
2021091208,1988,6.000,47,51,4.100,4.500,,7.250,25.060
2021091208,2010,6.000,32,37,2.600,3.100,0.400,4.050,6.250
2021091208,2046,7.000,29,33,2.200,2.600,2.200,2.300,2.980
2021091208,2123,6.000,31,36,2.500,3.000,,2.920,4.390
2021091208,2156,7.000,45,49,3.800,4.200,,5.860,13.940
2021091208,2185,6.000,29,33,2.300,2.700,,3.110,4.440
2021091208,2219,7.000,55,60,4.800,5.300,,8.470,25.790
2021091208,2322,7.000,53,58,4.600,5.100,,9.770,32.960
2021091208,2348,7.000,36,40,2.900,3.300,2.800,2.750,4.170
2021091208,2428,7.000,27,31,2.000,2.400,,2.480,3.990
2021091208,2482,7.000,37,42,3.000,3.500,,3.180,7.010
2021091208,2522,7.000,40,44,3.300,3.700,,2.660,5.490
2021091208,2617,6.000,31,35,2.500,2.900,,2.560,2.620
2021091208,2641,7.000,24,28,1.700,2.100,,2.460,3.410
2021091208,2670,7.000,38,42,3.100,3.500,,3.220,5.200
2021091208,2692,7.000,33,37,2.600,3.000,,4.190,6.500
2021091208,2714,6.000,34,39,2.800,3.300,,3.310,5.580
2021091208,2761,7.000,32,36,2.500,2.900,,1.970,2.510
2021091208,2804,7.000,31,36,2.400,2.900,2.400,2.850,4.310
2021091208,2849,6.000,33,37,2.700,3.100,2.500,2.720,5.350
2021091208,3042,7.000,43,47,3.600,4.000,3.300,3.320,6.160
2021091208,3166,6.000,48,53,4.200,4.700,,5.800,13.990
2021091208,3331,6.000,25,30,1.900,2.400,,2.680,4.120
2021091208,3375,6.000,35,39,2.900,3.300,,4.190,7.690
2021091208,3420,6.000,30,35,2.400,2.900,,2.130,2.420
2021091208,3442,7.000,39,43,3.200,3.600,,3.390,5.630
2021091208,3484,6.000,38,43,3.200,3.700,,5.050,8.890
2021091208,3575,6.000,49,53,4.300,4.700,,4.630,14.470
2021091208,3597,6.000,22,27,1.600,2.100,,1.580,1.930
2021091208,3850,6.000,28,33,2.200,2.700,,2.610,4.310
2021091208,3874,6.000,45,50,3.900,4.400,,7.450,14.100
2021091208,3992,7.000,33,36,2.600,2.900,,2.700,3.910
2021091208,4055,6.000,34,38,2.800,3.200,,3.170,5.140
2021091208,4101,42.000,63,67,2.100,2.500,,2.390,3.450
2021091208,4125,6.000,41,45,3.500,3.900,,3.470,6.190
2021091208,4191,9.000,36,39,2.700,3.000,,3.130,5.000
2021091208,4312,6.000,29,33,2.300,2.700,,2.580,3.600
2021091209,76,7.000,26,30,1.900,2.300,,2.070,2.330
2021091209,126,6.000,31,36,2.500,3.000,,5.600,11.930
2021091209,155,6.000,41,46,3.500,4.000,,3.950,6.280
2021091209,177,6.000,47,49,4.100,4.300,3.400,7.070,12.040
2021091209,198,6.000,39,44,3.300,3.800,,4.850,8.620
2021091209,243,6.000,74,78,6.800,7.200,,8.040,32.280
2021091209,265,6.000,43,48,3.700,4.200,,3.480,7.070
2021091209,289,6.000,24,28,1.800,2.200,,1.540,2.030
2021091209,490,6.000,31,36,2.500,3.000,,2.670,4.280
2021091209,514,6.000,33,37,2.700,3.100,,4.570,7.190
2021091209,559,6.000,34,39,2.800,3.300,,4.650,7.180
2021091209,620,6.000,31,35,2.500,2.900,,1.420,2.350
2021091209,642,6.000,51,56,4.500,5.000,3.200,6.150,11.850
2021091209,677,6.000,38,42,3.200,3.600,2.900,3.240,6.160
2021091209,710,6.000,51,55,4.500,4.900,3.000,6.020,15.380
2021091209,768,6.000,38,42,3.200,3.600,,5.050,9.360
2021091209,797,6.000,33,37,2.700,3.100,,4.810,11.670
2021091209,866,6.000,23,28,1.700,2.200,,1.810,2.450
2021091209,995,6.000,23,28,1.700,2.200,,1.360,2.000
2021091209,1085,6.000,44,49,3.800,4.300,,3.170,6.170
2021091209,1142,6.000,29,33,2.300,2.700,,2.880,4.470
2021091209,1166,7.000,68,73,6.100,6.600,,6.770,24.840
2021091209,1188,8.000,30,34,2.200,2.600,,2.240,3.010
2021091209,1212,6.000,32,37,2.600,3.100,2.600,3.250,5.900
2021091209,1247,6.000,34,38,2.800,3.200,,4.630,7.270
2021091209,1295,6.000,76,81,7.000,7.500,3.800,6.690,32.390
2021091209,1387,6.000,35,40,2.900,3.400,,2.020,3.170
2021091209,1484,6.000,40,45,3.400,3.900,,4.970,9.700
2021091209,1508,7.000,23,28,1.600,2.100,,5.720,13.850
2021091209,1601,7.000,26,31,1.900,2.400,,2.530,2.990
2021091209,1631,6.000,57,61,5.100,5.500,2.900,6.530,15.720
2021091209,1672,6.000,52,57,4.600,5.100,2.900,7.350,21.550
2021091209,1694,6.000,31,36,2.500,3.000,2.300,2.900,4.840
2021091209,1716,6.000,36,41,3.000,3.500,,3.970,7.420
2021091209,1853,6.000,42,46,3.600,4.000,2.200,2.850,7.550
2021091209,1894,6.000,56,61,5.000,5.500,4.800,6.990,19.780
2021091209,1916,6.000,45,49,3.900,4.300,,3.460,10.330
2021091209,1938,6.000,58,62,5.200,5.600,3.300,3.530,11.940
2021091209,1971,6.000,56,61,5.000,5.500,2.900,3.480,9.320
2021091209,2124,7.000,23,28,1.600,2.100,,2.140,2.540
2021091209,2226,7.000,23,27,1.600,2.000,,1.810,2.030
2021091209,2250,6.000,37,41,3.100,3.500,2.600,2.880,6.810
2021091209,2293,6.000,45,50,3.900,4.400,2.800,7.000,13.160
2021091209,2340,6.000,37,42,3.100,3.600,,5.230,14.170
2021091209,2364,6.000,38,43,3.200,3.700,3.000,6.170,10.480
2021091209,2425,7.000,29,33,2.200,2.600,,2.700,3.880
2021091209,2587,6.000,28,33,2.200,2.700,,1.380,2.130
2021091209,2685,6.000,24,28,1.800,2.200,,3.540,5.560
2021091209,2735,6.000,51,56,4.500,5.000,3.000,2.950,8.340
2021091209,2777,6.000,51,56,4.500,5.000,3.100,5.970,16.640
2021091209,2833,6.000,30,34,2.400,2.800,,3.670,5.470
2021091209,2942,6.000,36,41,3.000,3.500,,4.820,8.130
2021091209,3093,6.000,54,58,4.800,5.200,2.100,7.540,21.560
2021091209,3149,6.000,42,47,3.600,4.100,2.200,2.110,5.360
2021091209,3168,6.000,33,37,2.700,3.100,,2.910,4.310
2021091209,3192,7.000,64,69,5.700,6.200,,3.490,8.620
2021091209,3286,6.000,21,26,1.500,2.000,,1.820,2.070
2021091209,3390,6.000,31,36,2.500,3.000,,2.120,2.880
2021091209,3435,6.000,36,40,3.000,3.400,,3.640,5.470
2021091209,3510,6.000,23,27,1.700,2.100,,2.230,2.960
2021091209,3534,6.000,34,39,2.800,3.300,,4.720,9.510
2021091209,3617,6.000,25,30,1.900,2.400,,2.280,3.420
2021091209,3639,6.000,41,46,3.500,4.000,2.400,3.430,6.420
2021091209,3704,6.000,25,30,1.900,2.400,,2.240,3.440
2021091209,3745,6.000,23,28,1.700,2.200,,1.220,1.600
2021091209,3793,6.000,53,56,4.700,5.000,2.800,5.400,12.050
2021091210,146,7.000,42,47,3.500,4.000,2.300,5.120,13.840
2021091210,200,6.000,43,48,3.700,4.200,3.000,3.570,5.600
2021091210,352,6.000,38,43,3.200,3.700,3.100,4.460,7.140
2021091210,525,6.000,22,27,1.600,2.100,0.600,3.450,3.740
2021091210,574,7.000,22,27,1.500,2.000,,5.520,8.340
2021091210,603,6.000,37,42,3.100,3.600,3.000,5.160,6.930
2021091210,726,6.000,62,67,5.600,6.100,2.700,3.670,12.780
2021091210,865,7.000,25,30,1.800,2.300,,2.630,3.420
2021091210,929,6.000,42,47,3.600,4.100,,3.240,6.240
2021091210,953,6.000,21,26,1.500,2.000,,2.080,2.440
2021091210,996,6.000,27,31,2.100,2.500,,3.020,3.650
2021091210,1020,6.000,45,49,3.900,4.300,,5.180,13.420
2021091210,1081,6.000,35,39,2.900,3.300,,3.160,4.880
2021091210,1201,6.000,24,29,1.800,2.300,,2.150,2.720
2021091210,1225,6.000,46,50,4.000,4.400,,6.080,13.060
2021091210,1284,6.000,37,41,3.100,3.500,,4.320,6.750
2021091210,1323,7.000,30,35,2.300,2.800,,3.530,4.640
2021091210,1368,7.000,31,35,2.400,2.800,2.200,3.460,4.700
2021091210,1390,6.000,31,35,2.500,2.900,,3.410,5.060
2021091210,1442,6.000,26,31,2.000,2.500,,3.320,3.590
2021091210,1492,6.000,53,57,4.700,5.100,3.200,4.110,12.780
2021091210,1584,6.000,35,39,2.900,3.300,,3.410,5.500
2021091210,1608,7.000,31,36,2.400,2.900,,2.970,4.510
2021091210,1630,6.000,36,41,3.000,3.500,,4.870,7.600
2021091210,1657,7.000,43,48,3.600,4.100,2.700,4.490,11.410
2021091210,1712,6.000,34,38,2.800,3.200,2.800,4.120,8.710
2021091210,1772,7.000,30,34,2.300,2.700,,3.240,4.390
2021091210,1858,6.000,34,39,2.800,3.300,,3.020,6.440
2021091210,1947,7.000,30,33,2.300,2.600,,3.160,5.190
2021091210,1989,7.000,34,39,2.700,3.200,,3.700,6.210
2021091210,2011,7.000,48,53,4.100,4.600,2.500,3.660,10.550
2021091210,2119,6.000,42,47,3.600,4.100,2.400,4.180,9.240
2021091210,2141,6.000,39,44,3.300,3.800,2.600,3.660,7.710
2021091210,2191,7.000,24,28,1.700,2.100,,2.430,3.180
2021091210,2287,6.000,30,33,2.400,2.700,0.200,5.780,11.440
2021091210,2426,6.000,17,22,1.100,1.600,,1.840,1.110
2021091210,2461,7.000,44,47,3.700,4.000,,4.950,9.820
2021091210,2483,7.000,34,38,2.700,3.100,2.700,3.070,5.960
2021091210,2515,6.000,66,70,6.000,6.400,2.800,7.430,26.600
2021091210,2550,7.000,37,41,3.000,3.400,,4.780,8.480
2021091210,2611,7.000,48,52,4.100,4.500,3.600,5.210,13.420
2021091210,2633,6.000,31,35,2.500,2.900,,3.150,4.210
2021091210,2662,7.000,43,48,3.600,4.100,,6.030,12.900
2021091210,2728,6.000,31,35,2.500,2.900,2.500,3.300,4.390
2021091210,2752,6.000,37,41,3.100,3.500,3.000,3.410,6.250
2021091210,2830,6.000,31,36,2.500,3.000,,3.650,4.900
2021091210,2912,7.000,44,48,3.700,4.100,2.300,4.860,11.310
2021091210,2973,7.000,37,41,3.000,3.400,,3.370,5.450
2021091210,3016,6.000,22,26,1.600,2.000,,2.600,3.180
2021091210,3045,6.000,26,30,2.000,2.400,,2.980,5.340
2021091210,3069,7.000,23,27,1.600,2.000,,2.200,2.440
2021091210,3093,7.000,50,53,4.300,4.600,,5.730,12.340
2021091210,3127,7.000,20,24,1.300,1.700,,1.580,1.990
2021091210,3173,7.000,28,32,2.100,2.500,,2.840,3.400
2021091210,3239,7.000,25,28,1.800,2.100,,5.800,9.050
2021091210,3345,6.000,25,29,1.900,2.300,,2.270,2.900
2021091210,3415,6.000,63,65,5.700,5.900,5.600,5.140,20.490
2021091210,3473,7.000,30,34,2.300,2.700,,3.560,4.580
2021091210,3497,6.000,32,37,2.600,3.100,2.500,5.700,10.020
2021091210,3610,6.000,21,25,1.500,1.900,,2.310,2.970
2021091211,76,6.000,35,40,2.900,3.400,2.400,2.480,5.140
2021091211,100,6.000,46,51,4.000,4.500,,6.980,17.300
2021091211,142,7.000,46,51,3.900,4.400,3.300,6.230,12.250
2021091211,184,7.000,43,48,3.600,4.100,2.700,4.110,9.620
2021091211,206,7.000,30,34,2.300,2.700,,2.930,3.720
2021091211,283,7.000,27,31,2.000,2.400,,2.200,3.520
2021091211,307,7.000,43,47,3.600,4.000,,3.720,6.050
2021091211,393,6.000,38,43,3.200,3.700,,5.920,16.930
2021091211,421,6.000,77,82,7.100,7.600,2.900,7.300,31.630
2021091211,528,7.000,23,28,1.600,2.100,,1.610,1.800
2021091211,573,32.000,63,67,3.100,3.500,,4.200,8.350
2021091211,597,7.000,73,78,6.600,7.100,,4.840,12.550
2021091211,640,7.000,51,56,4.400,4.900,4.300,8.060,24.260
2021091211,709,7.000,32,37,2.500,3.000,,2.640,3.830
2021091211,902,7.000,47,52,4.000,4.500,3.600,4.860,15.160
2021091211,921,7.000,31,35,2.400,2.800,,2.760,3.930
2021091211,945,6.000,37,42,3.100,3.600,,3.280,6.080
2021091211,1274,8.000,24,28,1.600,2.000,,3.310,4.690
2021091211,1391,7.000,39,44,3.200,3.700,2.500,4.310,10.060
2021091211,1443,7.000,35,40,2.800,3.300,,3.710,4.860
2021091211,1493,7.000,26,30,1.900,2.300,,2.140,3.460
2021091211,1517,7.000,32,36,2.500,2.900,,2.850,4.900
2021091211,1550,7.000,36,39,2.900,3.200,2.800,3.240,5.840
2021091211,1608,7.000,27,31,2.000,2.400,,3.560,5.300
2021091211,1698,6.000,24,29,1.800,2.300,,2.510,3.120
2021091211,1752,7.000,18,23,1.100,1.600,,1.230,1.790
2021091211,1785,6.000,39,43,3.300,3.700,,4.900,14.310
2021091211,1809,7.000,39,43,3.200,3.600,,2.750,6.980
2021091211,1855,7.000,39,43,3.200,3.600,,2.830,4.960
2021091211,1979,7.000,37,42,3.000,3.500,2.600,3.350,6.520
2021091211,2005,7.000,47,52,4.000,4.500,3.600,5.320,14.200
2021091211,2118,7.000,33,38,2.600,3.100,,3.140,6.210
2021091211,2140,7.000,42,47,3.500,4.000,,3.680,8.770
2021091211,2181,7.000,47,52,4.000,4.500,3.200,3.410,7.910
2021091211,2203,6.000,20,25,1.400,1.900,,2.250,3.300
2021091211,2259,7.000,38,42,3.100,3.500,,3.050,5.230
2021091211,2327,5.000,44,49,3.900,4.400,2.900,5.320,13.020
2021091211,2425,7.000,63,68,5.600,6.100,5.300,7.360,24.230
2021091211,2447,7.000,29,33,2.200,2.600,,2.870,3.160
2021091211,2471,6.000,44,47,3.800,4.100,,5.500,16.620
2021091211,2493,7.000,42,47,3.500,4.000,,6.980,19.550
2021091211,2536,7.000,32,36,2.500,2.900,2.500,2.940,4.420
2021091211,2617,7.000,32,37,2.500,3.000,2.400,2.420,3.780
2021091211,2755,7.000,69,73,6.200,6.600,,4.560,13.740
2021091211,2893,7.000,42,46,3.500,3.900,,4.810,10.080
2021091211,2986,7.000,48,52,4.100,4.500,,4.680,11.360
2021091211,3031,6.000,22,27,1.600,2.100,,4.340,5.930
2021091211,3060,7.000,34,37,2.700,3.000,,3.140,4.710
2021091212,84,6.000,24,28,1.800,2.200,,1.720,2.250
2021091212,106,7.000,34,38,2.700,3.100,,2.540,4.180
2021091212,186,6.000,35,39,2.900,3.300,,2.380,4.270
2021091212,335,7.000,29,33,2.200,2.600,,2.610,3.810
2021091212,421,6.000,44,49,3.800,4.300,2.900,3.660,9.220
2021091212,465,6.000,40,45,3.400,3.900,,4.640,9.000
2021091212,489,7.000,35,40,2.800,3.300,,6.080,14.780
2021091212,566,6.000,27,31,2.100,2.500,,1.940,2.680
2021091212,611,7.000,48,51,4.100,4.400,2.200,5.400,12.520
2021091212,635,6.000,34,38,2.800,3.200,,3.050,5.260
2021091212,657,6.000,40,44,3.400,3.800,,3.150,5.900
2021091212,702,6.000,33,37,2.700,3.100,,2.220,2.720
2021091212,745,6.000,34,39,2.800,3.300,,5.710,13.250
2021091212,788,6.000,76,81,7.000,7.500,5.700,6.720,33.290
2021091212,843,6.000,32,37,2.600,3.100,,3.570,5.100
2021091212,912,7.000,28,32,2.100,2.500,,2.120,3.200
2021091212,935,6.000,40,44,3.400,3.800,,4.070,7.680
2021091212,980,6.000,25,29,1.900,2.300,,1.350,1.500
2021091212,1004,6.000,42,46,3.600,4.000,,2.700,5.950
2021091212,1081,7.000,35,38,2.800,3.100,2.200,5.070,7.030
2021091212,1127,6.000,42,47,3.600,4.100,,5.260,11.840
2021091212,1175,7.000,27,31,2.000,2.400,2.000,1.920,3.600
2021091212,1199,6.000,29,34,2.300,2.800,,3.140,5.990
2021091212,1239,7.000,35,40,2.800,3.300,2.300,4.440,8.020
2021091212,1260,6.000,33,38,2.700,3.200,,5.470,13.430
2021091212,1366,7.000,27,32,2.000,2.500,,3.860,7.650
2021091212,1388,6.000,22,26,1.600,2.000,,2.060,2.650
2021091212,1437,6.000,39,44,3.300,3.800,3.100,3.010,5.210
2021091212,1499,7.000,37,41,3.000,3.400,2.600,2.890,5.130
2021091212,1540,7.000,31,36,2.400,2.900,,2.210,2.930
2021091212,1564,1.000,29,34,2.800,3.300,,2.550,5.890
2021091212,1593,7.000,34,39,2.700,3.200,,2.750,5.750
2021091212,1776,6.000,23,28,1.700,2.200,,1.460,1.830
2021091212,1810,7.000,84,88,7.700,8.100,2.400,7.560,34.020
2021091212,1855,6.000,46,51,4.000,4.500,,5.120,12.490
2021091212,1877,6.000,36,40,3.000,3.400,,3.740,6.040
2021091212,1901,6.000,42,46,3.600,4.000,3.600,4.350,9.470
2021091212,1944,6.000,27,31,2.100,2.500,,2.530,2.770
2021091212,1989,6.000,62,67,5.600,6.100,2.800,2.760,8.180
2021091212,2008,6.000,36,41,3.000,3.500,3.000,3.210,5.150
2021091212,2129,6.000,56,60,5.000,5.400,2.400,7.400,22.070
2021091212,2151,7.000,28,32,2.100,2.500,,1.970,2.710
2021091212,2282,6.000,32,36,2.600,3.000,2.400,1.770,2.220
2021091212,2304,6.000,32,36,2.600,3.000,2.200,2.430,3.710
2021091212,2349,8.000,42,46,3.400,3.800,3.400,2.330,4.160
2021091212,2371,6.000,32,36,2.600,3.000,2.500,2.580,3.850
2021091212,2395,6.000,40,45,3.400,3.900,,2.330,5.780
2021091212,2474,6.000,46,51,4.000,4.500,3.500,5.910,15.260
2021091212,2532,6.000,29,33,2.300,2.700,2.200,5.540,10.920
2021091212,2554,7.000,41,44,3.400,3.700,3.100,3.360,8.040
2021091212,2630,7.000,51,56,4.400,4.900,2.700,7.030,26.520
2021091212,2703,7.000,54,59,4.700,5.200,2.600,3.720,9.450
2021091212,2804,8.000,36,41,2.800,3.300,2.400,5.570,7.260
2021091212,2857,7.000,45,50,3.800,4.300,0.500,8.590,26.780
2021091212,2883,7.000,33,37,2.600,3.000,2.600,2.620,5.060
2021091212,2905,7.000,30,35,2.300,2.800,,5.640,6.800
2021091212,2947,7.000,43,47,3.600,4.000,3.600,5.030,8.560
2021091212,2971,7.000,36,40,2.900,3.300,2.800,2.280,3.890
2021091212,3014,7.000,48,52,4.100,4.500,2.700,5.690,11.790
2021091212,3047,7.000,31,35,2.400,2.800,2.400,2.450,3.770
2021091212,3095,6.000,27,31,2.100,2.500,1.900,1.800,2.150
2021091212,3117,6.000,32,35,2.600,2.900,,2.420,3.340
2021091212,3181,6.000,34,37,2.800,3.100,0.000,4.480,7.560
2021091212,3294,7.000,32,37,2.500,3.000,,2.480,4.140
2021091212,3318,6.000,37,41,3.100,3.500,3.000,2.330,4.950
2021091212,3342,7.000,38,42,3.100,3.500,3.100,2.480,5.320
2021091212,3366,6.000,27,32,2.100,2.600,2.100,0.670,0.950
2021091212,3388,7.000,34,39,2.700,3.200,,3.020,4.430
2021091212,3410,7.000,45,50,3.800,4.300,1.900,2.900,5.540
2021091212,3446,6.000,31,34,2.500,2.800,,2.600,3.910
2021091212,3601,8.000,32,36,2.400,2.800,,2.250,3.320
2021091212,3625,6.000,31,34,2.500,2.800,,2.030,2.930
2021091212,3649,7.000,32,37,2.500,3.000,,2.390,4.050
2021091212,3673,6.000,68,73,6.200,6.700,,7.220,25.550
2021091212,3719,8.000,30,34,2.200,2.600,,2.180,3.220
2021091212,3743,6.000,21,26,1.500,2.000,,1.590,2.140
2021091213,69,6.000,27,32,2.100,2.600,,1.720,1.780
2021091213,217,6.000,30,35,2.400,2.900,,2.820,3.860
2021091213,265,6.000,23,28,1.700,2.200,,1.690,2.210
2021091213,289,6.000,47,52,4.100,4.600,,5.280,15.960
2021091213,377,6.000,25,30,1.900,2.400,,2.240,2.730
2021091213,401,6.000,21,26,1.500,2.000,,1.170,1.360
2021091213,425,6.000,24,29,1.800,2.300,,1.840,1.950
2021091213,468,6.000,24,29,1.800,2.300,,2.430,2.620
2021091213,492,6.000,26,31,2.000,2.500,,3.230,3.660
2021091213,514,6.000,46,51,4.000,4.500,,5.860,20.670
2021091213,538,6.000,41,46,3.500,4.000,,3.030,6.610
2021091213,583,6.000,27,32,2.100,2.600,,2.570,3.150
2021091213,607,6.000,31,36,2.500,3.000,,3.390,4.800
2021091213,684,6.000,36,40,3.000,3.400,,2.770,3.950
2021091213,775,6.000,38,43,3.200,3.700,,1.860,3.910
2021091213,804,6.000,32,37,2.600,3.100,2.400,2.480,3.490
2021091213,962,6.000,50,55,4.400,4.900,,6.760,25.810
2021091213,991,6.000,35,39,2.900,3.300,2.900,4.050,7.270
2021091213,1042,6.000,33,37,2.700,3.100,,2.720,3.180
2021091213,1064,6.000,43,48,3.700,4.200,3.100,2.780,6.670
2021091213,1141,6.000,29,34,2.300,2.800,,2.330,2.780
2021091213,1265,6.000,24,29,1.800,2.300,,1.910,1.940
2021091213,1330,6.000,55,60,4.900,5.400,3.100,2.810,6.710
2021091213,1421,6.000,28,33,2.200,2.700,,5.130,10.260
2021091213,1492,6.000,28,33,2.200,2.700,,1.830,2.050
2021091213,1554,6.000,36,41,3.000,3.500,2.800,2.850,4.090
2021091213,1616,6.000,49,54,4.300,4.800,3.000,6.280,13.360
2021091213,1794,6.000,44,49,3.800,4.300,,3.850,8.340
2021091213,1818,6.000,44,49,3.800,4.300,,3.460,8.980
2021091213,1898,6.000,27,32,2.100,2.600,,2.370,2.990
2021091213,1943,6.000,29,34,2.300,2.800,,2.630,3.500
2021091213,1988,6.000,35,39,2.900,3.300,,4.780,7.650
2021091213,2012,6.000,50,55,4.400,4.900,,5.930,20.660
2021091213,2034,6.000,25,30,1.900,2.400,,2.270,3.100
2021091213,2063,6.000,39,43,3.300,3.700,,4.970,9.280
2021091213,2111,6.000,32,37,2.600,3.100,,2.450,3.310
2021091213,2243,6.000,27,32,2.100,2.600,,2.560,3.120
2021091213,2341,6.000,25,30,1.900,2.400,,1.660,1.920
2021091213,2363,6.000,29,34,2.300,2.800,,3.010,4.130
2021091213,2387,6.000,36,41,3.000,3.500,,4.490,8.460
2021091213,2440,6.000,26,31,2.000,2.500,,2.840,4.120
2021091213,2469,91.000,115,120,2.400,2.900,,3.030,10.780
2021091213,2560,6.000,33,38,2.700,3.200,,2.940,3.800
2021091213,2615,6.000,33,38,2.700,3.200,,2.690,3.750
2021091213,2733,6.000,28,33,2.200,2.700,,2.260,2.650
2021091213,2757,6.000,40,45,3.400,3.900,2.200,5.180,6.270
2021091213,2778,6.000,30,35,2.400,2.900,,2.730,3.940
2021091213,2828,6.000,62,67,5.600,6.100,2.400,3.690,14.260
2021091213,2847,6.000,29,34,2.300,2.800,2.300,2.330,3.470
2021091213,2881,6.000,38,43,3.200,3.700,,3.240,5.720
2021091213,2905,6.000,38,42,3.200,3.600,,3.840,6.470
2021091213,3054,6.000,56,60,5.000,5.400,3.300,3.550,8.730
2021091213,3154,6.000,27,31,2.100,2.500,,2.500,3.090
2021091213,3224,7.000,29,34,2.200,2.700,,2.090,2.490
2021091213,3284,6.000,39,44,3.300,3.800,3.000,3.460,7.340
2021091213,3351,7.000,28,32,2.100,2.500,,2.420,2.810
2021091213,3375,7.000,29,34,2.200,2.700,,1.980,2.800
2021091213,3399,6.000,53,58,4.700,5.200,2.600,5.990,14.480
2021091213,3421,7.000,31,35,2.400,2.800,,2.640,3.380
2021091213,3472,7.000,41,46,3.400,3.900,2.300,3.340,8.250
2021091213,3494,6.000,63,68,5.700,6.200,2.900,3.480,13.150
2021091300,55,6.000,26,31,2.000,2.500,,1.880,2.270
2021091300,77,7.000,46,50,3.900,4.300,,3.300,7.380
2021091300,148,6.000,34,39,2.800,3.300,2.600,5.420,6.090
2021091300,169,6.000,30,35,2.400,2.900,,2.020,2.680
2021091300,228,6.000,35,39,2.900,3.300,,2.440,2.970
2021091300,250,7.000,24,29,1.700,2.200,,1.550,2.230
2021091300,356,6.000,52,57,4.600,5.100,,5.860,18.530
2021091300,383,7.000,28,33,2.100,2.600,,1.100,1.310
2021091300,407,7.000,55,60,4.800,5.300,2.300,4.210,11.630
2021091300,428,6.000,29,33,2.300,2.700,2.000,2.180,3.410
2021091300,475,6.000,44,49,3.800,4.300,3.400,3.240,7.260
2021091300,518,6.000,56,61,5.000,5.500,2.500,4.690,13.120
2021091300,562,6.000,34,39,2.800,3.300,,4.470,9.280
2021091300,590,6.000,36,41,3.000,3.500,3.000,2.590,3.630
2021091300,612,7.000,36,41,2.900,3.400,,3.350,5.410
2021091300,692,6.000,44,49,3.800,4.300,3.600,2.130,4.210
2021091300,737,7.000,33,37,2.600,3.000,2.600,1.600,2.510
2021091300,759,6.000,27,32,2.100,2.600,,1.940,2.560
2021091300,880,6.000,42,46,3.600,4.000,,3.240,6.660
2021091300,902,6.000,34,39,2.800,3.300,,3.290,5.760
2021091300,1013,7.000,33,38,2.600,3.100,2.400,3.810,6.030
2021091300,1075,6.000,50,55,4.400,4.900,,3.700,10.160
2021091300,1122,6.000,46,51,4.000,4.500,2.500,3.670,8.930
2021091300,1174,7.000,37,41,3.000,3.400,,3.060,4.370
2021091300,1226,6.000,39,44,3.300,3.800,2.800,4.550,9.060
2021091300,1250,6.000,32,37,2.600,3.100,,2.580,3.550
2021091300,1293,6.000,84,89,7.800,8.300,3.800,7.990,30.750
2021091300,1344,7.000,27,32,2.000,2.500,,1.850,2.700
2021091300,1368,6.000,33,37,2.700,3.100,2.400,3.020,4.350
2021091300,1461,6.000,36,40,3.000,3.400,,3.590,5.140
2021091300,1485,7.000,32,37,2.500,3.000,2.500,3.020,4.040
2021091300,1507,6.000,27,31,2.100,2.500,,1.910,2.300
2021091300,1553,6.000,33,37,2.700,3.100,,3.680,8.700
2021091300,1655,7.000,38,42,3.100,3.500,2.500,2.190,4.980
2021091300,1744,7.000,16,21,0.900,1.400,,2.820,1.470
2021091300,1836,6.000,34,37,2.800,3.100,,3.110,5.230
2021091300,1875,7.000,62,65,5.500,5.800,2.200,5.450,16.350
2021091300,1899,7.000,37,42,3.000,3.500,3.000,7.050,16.510
2021091300,1921,6.000,34,37,2.800,3.100,,3.800,6.140
2021091300,1943,7.000,32,37,2.500,3.000,2.300,2.770,5.100
2021091300,1984,7.000,29,32,2.200,2.500,,2.730,3.740
2021091300,2008,7.000,34,38,2.700,3.100,,2.410,3.320
2021091300,2030,7.000,47,51,4.000,4.400,3.900,3.540,8.290
2021091300,2063,7.000,72,77,6.500,7.000,3.000,6.780,27.920
2021091300,2180,7.000,32,36,2.500,2.900,2.500,2.200,3.120
2021091300,2256,6.000,27,31,2.100,2.500,,2.230,2.340
2021091300,2278,6.000,32,37,2.600,3.100,2.300,2.810,5.260
2021091300,2344,6.000,30,35,2.400,2.900,,2.430,3.220
2021091300,2373,6.000,28,32,2.200,2.600,,2.780,3.550
2021091300,2504,7.000,32,36,2.500,2.900,,4.670,8.320
2021091300,2526,6.000,39,44,3.300,3.800,2.200,5.180,10.740
2021091300,2589,6.000,29,33,2.300,2.700,,1.640,1.930
2021091300,2655,7.000,48,53,4.100,4.600,0.300,8.840,27.560
2021091300,2676,7.000,25,29,1.800,2.200,,1.450,1.940
2021091300,2700,7.000,40,44,3.300,3.700,,3.160,5.160
2021091300,2771,7.000,42,46,3.500,3.900,2.400,2.850,5.730
2021091300,2803,8.000,38,42,3.000,3.400,,3.200,6.220
2021091300,2851,6.000,24,29,1.800,2.300,,1.520,2.350
2021091300,2879,6.000,38,43,3.200,3.700,,2.980,6.610
2021091300,2951,7.000,40,44,3.300,3.700,,4.140,5.630
2021091300,3007,6.000,36,40,3.000,3.400,2.600,2.570,4.100
2021091300,3035,6.000,50,55,4.400,4.900,2.400,2.760,5.920
2021091300,3098,6.000,40,45,3.400,3.900,,3.150,5.930
2021091300,3143,6.000,46,51,4.000,4.500,2.200,5.580,14.780
2021091300,3168,7.000,35,39,2.800,3.200,,2.730,4.060
2021091300,3211,7.000,42,46,3.500,3.900,,3.330,5.650
2021091300,3256,7.000,42,47,3.500,4.000,,6.450,10.970
2021091300,3312,7.000,52,56,4.500,4.900,0.100,5.110,14.880
2021091300,3385,8.000,38,42,3.000,3.400,,2.770,3.430
2021091300,3478,7.000,39,43,3.200,3.600,,3.410,5.690
2021091300,3544,7.000,42,46,3.500,3.900,,2.960,4.250
2021091300,3619,7.000,26,30,1.900,2.300,,1.730,2.350
2021091300,3664,7.000,34,38,2.700,3.100,,2.760,4.600
2021091300,3688,12.000,38,42,2.600,3.000,,2.580,3.280
2021091300,3712,7.000,33,37,2.600,3.000,,3.190,5.630
2021091300,3734,8.000,44,49,3.600,4.100,,6.260,15.510
2021091300,3756,7.000,41,45,3.400,3.800,,4.030,8.630
2021091300,3812,7.000,26,30,1.900,2.300,,1.510,2.100
2021091300,3836,7.000,33,36,2.600,2.900,,2.470,3.630
2021091300,3914,6.000,40,44,3.400,3.800,,2.580,5.120
2021091300,3980,8.000,35,40,2.700,3.200,2.200,5.040,7.070
2021091300,4094,7.000,45,50,3.800,4.300,,6.920,20.000
2021091300,4166,7.000,49,52,4.200,4.500,,4.910,12.430
2021091300,4212,7.000,43,47,3.600,4.000,3.400,3.330,8.630
2021091300,4347,7.000,34,38,2.700,3.100,0.200,5.040,6.860
2021091300,4392,7.000,43,48,3.600,4.100,,4.550,12.590
2021091300,4454,7.000,52,56,4.500,4.900,,6.270,14.770
2021091300,4476,6.000,33,36,2.700,3.000,,5.460,11.290
2021091300,4586,7.000,30,34,2.300,2.700,2.100,3.800,5.930
2021091300,4608,7.000,33,37,2.600,3.000,2.500,3.290,5.630
2021091300,4641,6.000,50,54,4.400,4.800,3.400,9.010,26.270
2021091300,4691,7.000,37,42,3.000,3.500,2.700,2.550,5.020
2021091300,4736,7.000,31,35,2.400,2.800,2.200,1.700,2.180
2021091300,4765,7.000,42,47,3.500,4.000,2.500,3.130,7.080
2021091300,4845,7.000,30,34,2.300,2.700,,4.760,8.810
2021091600,65,6.000,33,38,2.700,3.200,,2.470,2.680
2021091600,111,6.000,59,64,5.300,5.800,3.700,6.540,17.700
2021091600,187,6.000,31,35,2.500,2.900,,2.250,3.060
2021091600,235,6.000,40,45,3.400,3.900,,8.280,21.660
2021091600,261,7.000,44,49,3.700,4.200,3.700,4.220,5.890
2021091600,280,6.000,39,44,3.300,3.800,3.200,2.760,5.230
2021091600,375,6.000,34,38,2.800,3.200,2.500,4.190,6.350
2021091600,498,7.000,35,39,2.800,3.200,2.800,1.530,3.120
2021091600,543,6.000,53,57,4.700,5.100,3.200,7.870,21.260
2021091600,590,7.000,46,50,3.900,4.300,2.300,2.990,8.560
2021091600,727,6.000,35,40,2.900,3.400,2.700,2.860,5.650
2021091600,794,6.000,36,41,3.000,3.500,,3.320,4.160
2021091600,839,7.000,26,31,1.900,2.400,,2.260,2.980
2021091600,884,7.000,28,32,2.100,2.500,,2.210,3.030
2021091600,992,7.000,39,44,3.200,3.700,,3.580,5.380
2021091600,1037,7.000,40,44,3.300,3.700,0.500,6.280,8.840
2021091600,1061,6.000,29,34,2.300,2.800,,2.230,2.310
2021091600,1117,7.000,40,45,3.300,3.800,,4.400,8.080
2021091600,1160,7.000,55,60,4.800,5.300,3.200,2.500,5.660
2021091600,1233,6.000,37,42,3.100,3.600,,2.750,4.840
2021091600,1255,6.000,29,33,2.300,2.700,,2.920,3.320
2021091600,1277,6.000,30,34,2.400,2.800,,3.430,6.270
2021091600,1343,6.000,25,30,1.900,2.400,,1.510,1.530
2021091600,1426,7.000,36,41,2.900,3.400,2.800,4.340,6.660
2021091600,1516,7.000,30,35,2.300,2.800,2.300,2.900,4.970
2021091600,1594,7.000,36,41,2.900,3.400,2.800,2.280,3.740
2021091600,1682,7.000,26,30,1.900,2.300,,2.380,2.930
2021091600,1706,6.000,34,39,2.800,3.300,,2.600,3.510
2021091600,1759,7.000,37,41,3.000,3.400,,2.030,3.720
2021091600,1885,7.000,31,35,2.400,2.800,,3.360,4.780
2021091600,1909,6.000,22,27,1.600,2.100,,1.490,2.200
2021091600,1950,7.000,29,33,2.200,2.600,,2.850,3.440
2021091600,1991,6.000,30,35,2.400,2.900,,5.390,6.210
2021091600,2161,7.000,35,40,2.800,3.300,,4.090,6.420
2021091600,2185,7.000,44,48,3.700,4.100,3.600,2.840,5.330
2021091600,2253,7.000,44,48,3.700,4.100,3.700,2.630,5.110
2021091600,2298,7.000,34,37,2.700,3.000,2.400,3.010,4.500
2021091600,2354,7.000,37,42,3.000,3.500,,2.540,4.280
2021091600,2378,7.000,33,37,2.600,3.000,,2.590,3.720
2021091600,2493,6.000,43,47,3.700,4.100,,3.590,4.930
2021091600,2517,7.000,32,37,2.500,3.000,,3.110,3.900
2021091600,2558,7.000,33,36,2.600,2.900,,2.450,3.610
2021091600,2624,7.000,39,43,3.200,3.600,,3.050,5.670
2021091600,2678,8.000,36,40,2.800,3.200,2.800,3.200,5.370
2021091600,2706,7.000,37,41,3.000,3.400,,2.830,4.690
2021091600,2752,6.000,33,38,2.700,3.200,2.600,3.180,4.480
2021091600,2834,6.000,34,38,2.800,3.200,,3.070,4.170
2021091600,2873,7.000,40,44,3.300,3.700,3.200,3.570,5.180
2021091600,2923,7.000,32,37,2.500,3.000,,3.420,4.490
2021091600,2966,6.000,35,40,2.900,3.400,2.600,4.550,9.480
2021091600,3001,7.000,64,69,5.700,6.200,2.200,8.060,23.960
2021091600,3061,6.000,37,42,3.100,3.600,,2.140,3.630
2021091600,3085,6.000,33,38,2.700,3.200,2.700,2.570,4.000
2021091600,3142,7.000,38,42,3.100,3.500,,2.700,4.370
2021091600,3185,7.000,39,44,3.200,3.700,2.000,2.230,5.160
2021091600,3204,7.000,29,34,2.200,2.700,2.200,5.170,6.310
2021091600,3316,7.000,24,29,1.700,2.200,,2.300,3.260
2021091600,3392,7.000,53,58,4.600,5.100,,7.330,21.860
2021091600,3440,7.000,33,37,2.600,3.000,,3.620,5.780
2021091600,3486,7.000,31,35,2.400,2.800,,2.340,3.020
2021091600,3509,7.000,31,36,2.400,2.900,,3.700,5.010
2021091600,3567,6.000,40,44,3.400,3.800,,4.850,8.880
2021091600,3654,6.000,39,43,3.300,3.700,3.100,2.540,5.660
2021091600,3743,6.000,49,54,4.300,4.800,,6.490,11.910
2021091600,3798,6.000,36,41,3.000,3.500,,2.900,4.560
2021091600,3827,6.000,44,48,3.800,4.200,,2.450,3.000
2021091600,3883,7.000,39,43,3.200,3.600,,2.960,6.960
2021091600,3905,6.000,30,35,2.400,2.900,2.400,2.460,3.600
2021091600,3950,7.000,33,37,2.600,3.000,,2.600,4.190
2021091600,3972,7.000,46,51,3.900,4.400,,6.880,17.830
2021091600,4081,7.000,24,28,1.700,2.100,,2.040,2.260
2021091600,4183,6.000,23,27,1.700,2.100,1.700,1.810,1.950
2021091600,4254,6.000,27,31,2.100,2.500,,2.830,3.470
2021091600,4278,7.000,37,41,3.000,3.400,,3.320,5.640
2021091600,4300,6.000,33,37,2.700,3.100,,3.620,6.390
2021091600,4345,6.000,34,38,2.800,3.200,,3.320,4.630
2021091600,4409,7.000,31,36,2.400,2.900,2.200,2.900,3.650
2021091600,4431,7.000,27,32,2.000,2.500,,3.050,3.770
2021091600,4489,6.000,25,30,1.900,2.400,,3.140,3.720
2021091600,4518,6.000,23,28,1.700,2.200,,1.600,2.000
2021091900,76,6.000,37,41,3.100,3.500,,2.650,4.140
2021091900,121,6.000,37,42,3.100,3.600,,2.800,4.810
2021091900,145,6.000,45,50,3.900,4.400,,7.400,22.870
2021091900,241,6.000,51,56,4.500,5.000,2.300,4.810,11.190
2021091900,262,7.000,27,31,2.000,2.400,,2.110,2.260
2021091900,440,6.000,38,43,3.200,3.700,3.200,4.220,7.510
2021091900,499,6.000,30,34,2.400,2.800,,2.590,3.320
2021091900,523,7.000,46,51,3.900,4.400,,4.270,13.280
2021091900,547,7.000,33,36,2.600,2.900,2.600,3.280,4.690
2021091900,571,7.000,61,65,5.400,5.800,,7.210,20.950
2021091900,635,6.000,44,49,3.800,4.300,1.800,4.060,9.210
2021091900,659,6.000,30,35,2.400,2.900,,1.830,2.710
2021091900,831,6.000,27,31,2.100,2.500,,1.840,2.490
2021091900,876,6.000,48,52,4.200,4.600,3.700,4.740,9.960
2021091900,940,7.000,38,42,3.100,3.500,3.100,2.760,4.700
2021091900,975,6.000,32,36,2.600,3.000,,2.880,4.010
2021091900,1024,6.000,69,74,6.300,6.800,4.200,7.950,25.940
2021091900,1155,7.000,50,55,4.300,4.800,4.000,5.680,13.380
2021091900,1179,6.000,48,53,4.200,4.700,2.100,4.590,13.900
2021091900,1198,9.000,34,38,2.500,2.900,,2.780,5.130
2021091900,1224,7.000,30,35,2.300,2.800,,2.690,4.000
2021091900,1273,6.000,27,32,2.100,2.600,,2.020,2.440
2021091900,1323,6.000,34,39,2.800,3.300,,2.740,4.510
2021091900,1459,6.000,60,64,5.400,5.800,2.500,7.160,17.460
2021091900,1558,7.000,24,28,1.700,2.100,,1.250,1.590
2021091900,1621,6.000,54,59,4.800,5.300,2.900,2.890,8.330
2021091900,1654,7.000,29,34,2.200,2.700,,1.730,2.620
2021091900,1671,6.000,47,52,4.100,4.600,4.100,2.890,10.050
2021091900,1735,7.000,37,41,3.000,3.400,2.800,4.230,10.370
2021091900,1757,6.000,33,36,2.700,3.000,2.100,2.780,5.080
2021091900,1779,6.000,45,49,3.900,4.300,2.100,5.210,15.160
2021091900,1810,6.000,40,44,3.400,3.800,2.600,2.550,4.930
2021091900,1850,6.000,39,44,3.300,3.800,2.500,7.270,10.860
2021091900,1886,6.000,28,33,2.200,2.700,,1.650,2.550
2021091900,2019,6.000,38,43,3.200,3.700,,3.110,5.700
2021091900,2098,7.000,76,81,6.900,7.400,,8.790,42.000
2021091900,2134,6.000,28,32,2.200,2.600,,3.170,3.920
2021091900,2214,6.000,39,43,3.300,3.700,3.300,2.730,4.910
2021091900,2238,6.000,36,41,3.000,3.500,,3.100,5.010
2021091900,2284,6.000,46,51,4.000,4.500,2.500,2.580,6.730
2021091900,2412,6.000,61,66,5.500,6.000,3.200,3.550,9.330
2021091900,2467,6.000,58,63,5.200,5.700,2.400,7.280,21.640
2021091900,2536,7.000,52,56,4.500,4.900,,8.360,28.820
2021091900,2720,7.000,32,37,2.500,3.000,2.200,3.200,5.680
2021091900,2784,7.000,42,47,3.500,4.000,3.300,6.210,10.800
2021091900,2805,7.000,27,32,2.000,2.500,,5.420,9.230
2021091900,2879,7.000,38,43,3.100,3.600,,6.690,10.110
2021091900,2953,6.000,29,33,2.300,2.700,,2.470,3.450
2021091900,2977,6.000,33,37,2.700,3.100,,3.230,4.690
2021091900,3006,6.000,36,41,3.000,3.500,,4.900,10.860
2021091900,3051,6.000,33,37,2.700,3.100,,3.020,4.390
2021091900,3073,6.000,40,45,3.400,3.900,2.500,4.320,7.830
2021091900,3148,7.000,36,41,2.900,3.400,,4.540,9.650
2021091900,3288,6.000,40,44,3.400,3.800,,3.220,6.750
2021091900,3310,7.000,39,44,3.200,3.700,2.500,2.990,6.510
2021091900,3355,7.000,33,37,2.600,3.000,,3.860,6.560
2021091900,3399,6.000,31,35,2.500,2.900,,2.560,3.570
2021091900,3444,6.000,31,35,2.500,2.900,,2.750,4.180
2021091900,3538,7.000,35,40,2.800,3.300,,3.230,5.080
2021091900,3562,7.000,31,35,2.400,2.800,2.300,2.240,3.410
2021091900,3584,7.000,37,42,3.000,3.500,1.800,4.200,7.220
2021091900,3603,6.000,40,44,3.400,3.800,,4.800,13.410
2021091900,3689,6.000,28,33,2.200,2.700,,2.590,3.840
2021091900,3776,7.000,33,38,2.600,3.100,,2.660,3.640
2021091900,3800,6.000,55,60,4.900,5.400,2.800,5.020,13.070
2021091901,59,6.000,65,70,5.900,6.400,5.400,6.450,20.630
2021091901,102,6.000,31,36,2.500,3.000,,3.210,4.070
2021091901,126,6.000,42,47,3.600,4.100,,4.590,9.910
2021091901,174,6.000,32,37,2.600,3.100,,2.870,3.870
2021091901,198,6.000,55,60,4.900,5.400,2.600,5.700,16.450
2021091901,248,6.000,38,43,3.200,3.700,,4.190,6.170
2021091901,293,6.000,26,31,2.000,2.500,,2.330,2.610
2021091901,384,6.000,24,29,1.800,2.300,,1.370,1.610
2021091901,408,6.000,24,29,1.800,2.300,,1.110,1.380
2021091901,500,6.000,24,29,1.800,2.300,,1.150,1.680
2021091901,533,6.000,33,38,2.700,3.200,,1.560,1.800
2021091901,578,6.000,25,30,1.900,2.400,,1.870,2.480
2021091901,602,6.000,38,43,3.200,3.700,3.100,2.460,3.500
2021091901,624,6.000,30,35,2.400,2.900,,2.300,3.020
2021091901,646,6.000,45,50,3.900,4.400,2.800,3.360,7.430
2021091901,771,6.000,22,27,1.600,2.100,,2.580,3.560
2021091901,870,6.000,47,52,4.100,4.600,,4.090,10.700
2021091901,910,6.000,39,44,3.300,3.800,,4.440,9.400
2021091901,988,6.000,50,55,4.400,4.900,2.900,7.420,18.970
2021091901,1059,6.000,48,53,4.200,4.700,3.100,7.000,10.530
2021091901,1205,6.000,33,38,2.700,3.200,,4.580,10.910
2021091901,1229,6.000,23,28,1.700,2.200,,1.560,1.780
2021091901,1274,6.000,26,31,2.000,2.500,,1.720,2.310
2021091901,1313,6.000,38,43,3.200,3.700,,4.480,8.660
2021091901,1328,6.000,35,40,2.900,3.400,,4.810,11.530
2021091901,1385,6.000,39,44,3.300,3.800,2.400,3.400,7.250
2021091901,1409,6.000,26,31,2.000,2.500,,2.300,2.680
2021091901,1499,6.000,25,30,1.900,2.400,,1.300,1.700
2021091901,1551,6.000,29,34,2.300,2.800,,2.060,2.890
2021091901,1609,6.000,27,32,2.100,2.600,,2.000,2.460
2021091901,1741,6.000,45,50,3.900,4.400,2.400,7.170,11.220
2021091901,1767,6.000,32,37,2.600,3.100,2.400,2.780,4.740
2021091901,1796,6.000,56,61,5.000,5.500,3.100,3.190,9.070
2021091901,1815,6.000,33,38,2.700,3.200,,2.340,3.810
2021091901,1856,6.000,46,51,4.000,4.500,3.200,3.490,8.210
2021091901,1987,6.000,51,56,4.500,5.000,2.400,3.370,7.560
2021091901,2089,6.000,32,37,2.600,3.100,,2.080,3.390
2021091901,2113,6.000,41,46,3.500,4.000,,2.780,4.850
2021091901,2154,6.000,82,87,7.600,8.100,3.100,8.270,37.310
2021091901,2240,6.000,44,49,3.800,4.300,,4.430,9.670
2021091901,2262,6.000,36,41,3.000,3.500,2.300,3.690,5.460
2021091901,2281,6.000,29,34,2.300,2.800,,2.300,3.270
2021091901,2443,6.000,41,46,3.500,4.000,,4.930,10.430
2021091901,2488,6.000,37,42,3.100,3.600,2.700,6.320,8.170
2021091901,2509,6.000,37,42,3.100,3.600,2.900,4.490,6.680
2021091901,2585,6.000,35,40,2.900,3.400,2.700,2.290,3.230
2021091901,2690,6.000,29,34,2.300,2.800,,2.090,3.020
2021091901,2714,6.000,44,49,3.800,4.300,,3.110,7.150
2021091901,2764,6.000,60,65,5.400,5.900,,9.090,22.380
2021091901,2832,6.000,29,34,2.300,2.800,,2.040,3.280
2021091901,2952,6.000,30,35,2.400,2.900,,2.600,3.090
2021091901,3018,6.000,27,32,2.100,2.600,,2.420,3.180
2021091901,3112,6.000,31,36,2.500,3.000,,1.890,2.290
2021091901,3176,6.000,37,42,3.100,3.600,2.800,2.420,4.670
2021091901,3198,6.000,35,40,2.900,3.400,2.800,2.650,4.870
2021091901,3233,6.000,40,45,3.400,3.900,,2.570,5.170
2021091901,3291,6.000,33,38,2.700,3.200,2.400,1.910,3.410
2021091901,3370,6.000,38,43,3.200,3.700,,2.700,6.440
2021091901,3441,6.000,39,44,3.300,3.800,2.600,2.470,4.040
2021091901,3492,6.000,34,39,2.800,3.300,,3.150,4.770
2021091901,3535,6.000,34,39,2.800,3.300,,2.220,3.850
2021091901,3564,6.000,33,38,2.700,3.200,,2.670,3.580
2021091901,3691,6.000,29,34,2.300,2.800,,3.810,5.820
2021091901,3717,6.000,30,35,2.400,2.900,,2.410,3.200
2021091901,3811,6.000,27,32,2.100,2.600,,3.090,4.310
2021091902,164,6.000,54,59,4.800,5.300,3.700,3.640,11.060
2021091902,231,6.000,34,39,2.800,3.300,,2.950,5.380
2021091902,260,6.000,25,30,1.900,2.400,,1.950,2.410
2021091902,389,7.000,44,48,3.700,4.100,0.000,5.010,9.640
2021091902,434,7.000,38,42,3.100,3.500,2.900,3.450,6.690
2021091902,479,7.000,25,30,1.800,2.300,,1.820,2.440
2021091902,503,6.000,49,53,4.300,4.700,,6.560,16.660
2021091902,676,6.000,37,41,3.100,3.500,,4.480,11.880
2021091902,704,6.000,31,36,2.500,3.000,,0.730,1.120
2021091902,985,6.000,55,60,4.900,5.400,2.900,4.600,16.230
2021091902,1005,6.000,29,33,2.300,2.700,,2.740,3.560
2021091902,1029,6.000,46,51,4.000,4.500,3.500,8.610,24.040
2021091902,1050,6.000,27,31,2.100,2.500,,2.340,3.260
2021091902,1116,6.000,29,34,2.300,2.800,,1.910,3.160
2021091902,1138,6.000,34,39,2.800,3.300,,3.090,5.400
2021091902,1210,6.000,26,31,2.000,2.500,,2.100,2.310
2021091902,1234,6.000,33,38,2.700,3.200,,5.340,8.240
2021091902,1263,6.000,27,32,2.100,2.600,,2.910,4.350
2021091902,1366,6.000,27,32,2.100,2.600,,2.740,2.810
2021091902,1436,6.000,30,35,2.400,2.900,,5.270,10.500
2021091902,1595,6.000,41,45,3.500,3.900,,4.560,9.280
2021091902,1619,6.000,50,55,4.400,4.900,,7.310,14.400
2021091902,1751,6.000,72,77,6.600,7.100,2.800,6.550,26.650
2021091902,2015,6.000,26,30,2.000,2.400,,2.520,3.520
2021091902,2094,6.000,28,33,2.200,2.700,,1.780,3.220
2021091902,2118,6.000,28,33,2.200,2.700,,2.880,3.360
2021091902,2142,6.000,34,38,2.800,3.200,,5.300,13.380
2021091902,2264,6.000,59,64,5.300,5.800,4.400,6.500,15.090
2021091902,2444,6.000,34,39,2.800,3.300,,2.850,4.830
2021091902,2492,6.000,74,79,6.800,7.300,,7.890,26.870
2021091902,2635,6.000,47,52,4.100,4.600,,4.760,10.500
2021091902,2678,6.000,30,35,2.400,2.900,,2.770,4.900
2021091902,2713,6.000,34,39,2.800,3.300,,1.880,3.220
2021091902,2795,6.000,41,46,3.500,4.000,3.300,3.040,7.980
2021091902,2898,6.000,40,45,3.400,3.900,,4.960,11.440
2021091902,2965,6.000,42,47,3.600,4.100,2.700,4.440,8.950
2021091902,3052,6.000,17,22,1.100,1.600,,2.900,3.160
2021091902,3136,6.000,26,30,2.000,2.400,,1.970,2.050
2021091902,3163,6.000,32,37,2.600,3.100,,5.960,6.190
2021091902,3293,6.000,45,50,3.900,4.400,,5.690,9.180
2021091902,3392,6.000,31,36,2.500,3.000,2.500,2.650,4.740
2021091902,3414,6.000,43,48,3.700,4.200,,6.050,14.390
2021091902,3447,6.000,40,45,3.400,3.900,,2.850,5.450
2021091902,3548,6.000,31,36,2.500,3.000,,2.870,3.930
2021091902,3651,6.000,33,38,2.700,3.200,,2.640,4.590
2021091902,3675,6.000,34,39,2.800,3.300,,2.700,4.280
2021091902,3710,6.000,65,70,5.900,6.400,2.600,7.290,21.600
2021091902,3732,6.000,51,55,4.500,4.900,,6.130,15.620
2021091902,3761,6.000,57,61,5.100,5.500,,6.740,18.460
2021091902,3783,6.000,31,36,2.500,3.000,2.200,4.110,6.480
2021091902,3820,6.000,54,59,4.800,5.300,2.800,7.300,16.700
2021091902,3852,6.000,35,40,2.900,3.400,2.800,4.530,8.990
2021091903,62,6.000,25,30,1.900,2.400,,2.530,2.160
2021091903,181,6.000,26,31,2.000,2.500,,1.990,2.150
2021091903,289,6.000,53,58,4.700,5.200,2.500,5.460,15.210
2021091903,329,6.000,33,38,2.700,3.200,,3.950,5.440
2021091903,353,6.000,56,61,5.000,5.500,,5.390,15.330
2021091903,377,6.000,40,45,3.400,3.900,,3.390,5.680
2021091903,471,6.000,36,41,3.000,3.500,,2.900,3.760
2021091903,522,7.000,57,62,5.000,5.500,2.500,3.180,7.370
2021091903,564,6.000,27,32,2.100,2.600,,2.650,2.440
2021091903,588,6.000,49,53,4.300,4.700,4.000,3.480,10.710
2021091903,633,6.000,19,24,1.300,1.800,,1.890,1.590
2021091903,676,6.000,26,30,2.000,2.400,,2.060,2.050
2021091903,761,6.000,35,40,2.900,3.400,2.800,3.040,3.970
2021091903,874,6.000,26,30,2.000,2.400,,1.970,2.000
2021091903,945,6.000,34,38,2.800,3.200,,5.310,12.750
2021091903,990,6.000,45,49,3.900,4.300,,4.620,9.650
2021091903,1035,6.000,28,32,2.200,2.600,,2.660,3.140
2021091903,1080,7.000,38,43,3.100,3.600,,2.890,4.850
2021091903,1149,6.000,32,37,2.600,3.100,,3.430,5.140
2021091903,1170,6.000,56,61,5.000,5.500,,7.650,28.690
2021091903,1199,8.000,33,37,2.500,2.900,2.300,3.030,4.770
2021091903,1266,6.000,53,57,4.700,5.100,4.400,4.230,13.910
2021091903,1352,7.000,33,37,2.600,3.000,,2.740,3.230
2021091903,1380,7.000,32,37,2.500,3.000,,3.200,4.530
2021091903,1404,6.000,65,69,5.900,6.300,4.600,7.470,23.170
2021091903,1426,6.000,46,50,4.000,4.400,3.400,4.470,8.670
2021091903,1494,6.000,45,50,3.900,4.400,2.700,7.430,13.270
2021091903,1515,6.000,31,36,2.500,3.000,,3.530,4.290
2021091903,1539,6.000,26,31,2.000,2.500,,2.520,3.330
2021091903,1568,6.000,73,77,6.700,7.100,2.600,7.210,28.090
2021091903,1613,7.000,31,35,2.400,2.800,,3.130,3.860
2021091903,1694,7.000,32,36,2.500,2.900,,2.860,3.750
2021091903,1898,6.000,27,31,2.100,2.500,,4.090,5.330
2021091903,1920,7.000,49,54,4.200,4.700,2.800,3.690,10.570
2021091903,1988,7.000,30,34,2.300,2.700,,2.400,3.560
2021091903,2010,143.000,166,170,2.300,2.700,,2.800,13.060
2021091903,2050,6.000,41,46,3.500,4.000,2.100,5.190,11.410
2021091903,2148,6.000,41,45,3.500,3.900,,5.300,8.630
2021091903,2172,6.000,33,37,2.700,3.100,,2.360,3.090
2021091903,2194,6.000,71,76,6.500,7.000,,8.190,29.100
2021091903,2276,6.000,48,53,4.200,4.700,2.300,5.170,9.160
2021091903,2319,7.000,29,34,2.200,2.700,,1.810,2.530
2021091903,2368,6.000,34,39,2.800,3.300,2.200,3.760,8.320
2021091903,2387,6.000,45,50,3.900,4.400,,3.130,5.890
2021091903,2409,6.000,47,51,4.100,4.500,,4.980,13.930
2021091903,2449,6.000,37,42,3.100,3.600,,4.740,12.800
2021091903,2485,6.000,31,35,2.500,2.900,,2.530,2.700
2021091903,2509,7.000,50,55,4.300,4.800,4.000,4.870,8.520
2021091903,2531,6.000,53,58,4.700,5.200,2.300,7.120,19.610
2021091903,2552,7.000,54,59,4.700,5.200,4.300,7.090,23.130
2021091903,2657,7.000,43,47,3.600,4.000,3.600,3.350,7.090
2021091903,2755,6.000,37,41,3.100,3.500,,5.100,14.280
2021091903,2800,6.000,41,45,3.500,3.900,,2.410,4.340
2021091903,2829,6.000,33,37,2.700,3.100,,2.640,3.600
2021091903,3003,7.000,38,42,3.100,3.500,3.100,2.570,4.100
2021091903,3086,6.000,46,51,4.000,4.500,2.300,4.500,9.670
2021091903,3142,6.000,35,39,2.900,3.300,,4.930,12.390
2021091903,3164,6.000,25,30,1.900,2.400,,2.010,2.290
2021091903,3209,7.000,36,40,2.900,3.300,,2.200,2.990
2021091903,3233,7.000,47,50,4.000,4.300,3.700,5.210,13.640
2021091903,3479,6.000,32,36,2.600,3.000,2.600,2.230,3.790
2021091903,3501,7.000,39,43,3.200,3.600,2.900,3.320,5.370
2021091903,3662,7.000,48,53,4.100,4.600,,3.730,11.330
2021091903,3684,6.000,35,40,2.900,3.400,,3.340,5.560
2021091904,107,6.000,35,40,2.900,3.400,2.700,3.180,5.460
2021091904,131,6.000,29,34,2.300,2.800,,4.090,5.770
2021091904,174,6.000,34,39,2.800,3.300,2.700,3.630,5.310
2021091904,237,6.000,37,42,3.100,3.600,,3.350,5.340
2021091904,259,6.000,34,39,2.800,3.300,,2.760,4.970
2021091904,348,6.000,32,37,2.600,3.100,2.400,3.020,3.560
2021091904,420,6.000,40,44,3.400,3.800,,4.970,10.240
2021091904,444,7.000,42,47,3.500,4.000,,3.340,6.350
2021091904,498,6.000,37,42,3.100,3.600,3.000,3.790,6.850
2021091904,522,6.000,31,36,2.500,3.000,,4.780,5.880
2021091904,594,6.000,48,53,4.200,4.700,3.300,5.140,14.130
2021091904,639,6.000,63,68,5.700,6.200,3.000,5.410,19.360
2021091904,658,6.000,28,32,2.200,2.600,,1.870,3.230
2021091904,682,7.000,35,39,2.800,3.200,,2.420,3.250
2021091904,740,6.000,41,46,3.500,4.000,,5.300,10.120
2021091904,783,6.000,31,36,2.500,3.000,,2.650,4.130
2021091904,805,6.000,50,55,4.400,4.900,,3.300,9.810
2021091904,846,6.000,32,37,2.600,3.100,,5.390,12.150
2021091904,912,6.000,82,87,7.600,8.100,3.800,7.580,33.000
2021091904,936,6.000,38,43,3.200,3.700,,3.260,5.000
2021091904,1058,6.000,39,44,3.300,3.800,,3.740,10.390
2021091904,1091,6.000,36,41,3.000,3.500,3.000,2.240,3.280
2021091904,1136,6.000,36,41,3.000,3.500,2.500,3.370,6.730
2021091904,1200,6.000,42,47,3.600,4.100,,2.990,5.770
2021091904,1222,6.000,31,36,2.500,3.000,,3.320,5.230
2021091904,1311,6.000,30,35,2.400,2.900,,3.120,3.700
2021091904,1379,6.000,39,44,3.300,3.800,3.100,2.030,4.650
2021091904,1403,6.000,39,44,3.300,3.800,,3.050,5.750
2021091904,1448,6.000,54,59,4.800,5.300,4.800,3.850,10.930
2021091904,1472,6.000,35,40,2.900,3.400,,5.840,14.320
2021091904,1494,6.000,28,33,2.200,2.700,,1.960,3.040
2021091904,1535,6.000,35,39,2.900,3.300,2.800,3.890,7.860
2021091904,1586,6.000,33,38,2.700,3.200,,2.180,2.880
2021091904,1636,6.000,27,32,2.100,2.600,,3.000,4.600
2021091904,1660,6.000,38,43,3.200,3.700,,2.740,5.560
2021091904,1733,6.000,41,46,3.500,4.000,2.600,3.430,7.030
2021091904,1794,6.000,28,33,2.200,2.700,2.200,2.530,3.100
2021091904,1816,6.000,40,45,3.400,3.900,3.000,5.460,7.470
2021091904,1854,6.000,33,38,2.700,3.200,,2.920,4.800
2021091904,1876,6.000,32,37,2.600,3.100,2.400,3.290,4.830
2021091904,1898,6.000,47,52,4.100,4.600,3.000,3.080,7.880
2021091904,1940,6.000,38,43,3.200,3.700,3.000,3.530,7.070
2021091904,1962,6.000,37,42,3.100,3.600,2.700,3.200,7.880
2021091904,1991,6.000,35,40,2.900,3.400,2.700,2.750,4.810
2021091904,2030,6.000,84,89,7.800,8.300,2.900,6.070,24.790
2021091904,2120,6.000,45,50,3.900,4.400,,2.700,5.580
2021091904,2165,6.000,26,30,2.000,2.400,,1.500,1.870
2021091904,2216,6.000,31,36,2.500,3.000,,5.970,13.050
2021091904,2261,6.000,46,51,4.000,4.500,2.900,3.410,8.460
2021091904,2299,6.000,68,73,6.200,6.700,2.200,7.090,19.530
2021091904,2339,6.000,50,55,4.400,4.900,2.800,3.230,6.040
2021091904,2382,6.000,47,51,4.100,4.500,2.800,4.020,10.280
2021091904,2616,6.000,26,30,2.000,2.400,,1.620,2.230
2021091904,2640,6.000,53,58,4.700,5.200,,7.860,16.240
2021091904,2682,6.000,66,71,6.000,6.500,2.200,7.190,19.390
2021091904,2723,6.000,31,35,2.500,2.900,,3.250,4.440
2021091904,2841,6.000,22,27,1.600,2.100,,2.650,3.590
2021091904,2865,7.000,34,39,2.700,3.200,2.600,3.220,4.810
2021091904,2887,6.000,40,45,3.400,3.900,3.200,5.170,13.270
2021091904,2939,6.000,40,45,3.400,3.900,,4.830,11.380
2021091904,3049,6.000,35,40,2.900,3.400,,2.760,4.090
2021091904,3071,6.000,65,70,5.900,6.400,2.300,8.450,30.660
2021091904,3113,6.000,42,47,3.600,4.100,,3.080,5.090
2021091904,3215,6.000,37,42,3.100,3.600,,4.770,6.600
2021091904,3268,6.000,34,39,2.800,3.300,,3.140,4.170
2021091904,3336,6.000,38,43,3.200,3.700,,4.500,10.420
2021091904,3432,6.000,35,40,2.900,3.400,,2.340,3.310
2021091904,3533,6.000,35,40,2.900,3.400,,3.110,6.930
2021091904,3676,6.000,31,36,2.500,3.000,,5.040,11.440
2021091904,1614,,27,32,,,,2.120,3.880
2021091905,55,6.000,40,45,3.400,3.900,2.800,5.670,10.250
2021091905,95,6.000,38,43,3.200,3.700,2.300,2.580,6.450
2021091905,139,6.000,29,34,2.300,2.800,,2.410,3.570
2021091905,247,6.000,47,52,4.100,4.600,3.800,7.740,23.540
2021091905,350,6.000,29,34,2.300,2.800,2.100,2.880,4.960
2021091905,378,6.000,24,29,1.800,2.300,,2.180,3.560
2021091905,427,6.000,59,64,5.300,5.800,3.900,7.150,16.620
2021091905,448,6.000,39,43,3.300,3.700,,3.250,7.870
2021091905,472,6.000,50,55,4.400,4.900,,6.630,23.630
2021091905,515,6.000,67,72,6.100,6.600,2.700,6.720,23.080
2021091905,620,6.000,63,68,5.700,6.200,2.700,5.810,18.750
2021091905,709,6.000,23,28,1.700,2.200,,1.620,2.280
2021091905,805,6.000,24,29,1.800,2.300,1.800,2.330,2.980
2021091905,876,6.000,33,38,2.700,3.200,2.700,2.400,3.410
2021091905,923,6.000,52,57,4.600,5.100,,3.170,8.890
2021091905,945,6.000,48,53,4.200,4.700,4.000,4.950,14.630
2021091905,1008,7.000,34,38,2.700,3.100,,2.710,4.500
2021091905,1054,6.000,46,51,4.000,4.500,2.900,6.550,15.310
2021091905,1102,6.000,73,78,6.700,7.200,,7.670,27.820
2021091905,1123,6.000,33,38,2.700,3.200,2.400,1.780,3.150
2021091905,1189,6.000,32,36,2.600,3.000,2.300,3.370,5.360
2021091905,1213,6.000,75,80,6.900,7.400,3.500,4.170,10.760
2021091905,1235,6.000,29,34,2.300,2.800,2.300,2.240,3.130
2021091905,1345,6.000,26,31,2.000,2.500,,2.200,3.640
2021091905,1367,6.000,28,33,2.200,2.700,,2.360,3.670
2021091905,1452,6.000,29,34,2.300,2.800,2.300,2.190,3.060
2021091905,1499,6.000,36,41,3.000,3.500,,2.720,5.350
2021091905,1521,6.000,32,37,2.600,3.100,,1.870,3.020
2021091905,1568,7.000,44,49,3.700,4.200,2.100,3.090,7.930
2021091905,1587,6.000,24,29,1.800,2.300,,1.280,1.560
2021091905,1730,6.000,54,59,4.800,5.300,2.800,7.910,16.690
2021091905,1767,6.000,27,32,2.100,2.600,,2.350,3.380
2021091905,1791,6.000,37,42,3.100,3.600,2.700,2.670,5.460
2021091905,1832,6.000,41,46,3.500,4.000,,3.160,6.520
2021091905,1867,6.000,34,39,2.800,3.300,,3.100,4.830
2021091905,1889,6.000,48,53,4.200,4.700,3.500,6.420,12.090
2021091905,1910,6.000,29,34,2.300,2.800,2.300,2.820,4.540
2021091905,1934,6.000,31,35,2.500,2.900,,2.630,3.830
2021091905,1956,6.000,41,46,3.500,4.000,2.400,4.270,10.930
2021091905,2172,6.000,45,50,3.900,4.400,,2.550,6.990
2021091905,2261,6.000,40,45,3.400,3.900,,3.630,7.520
2021091905,2283,6.000,36,41,3.000,3.500,,2.790,4.770
2021091905,2324,6.000,33,38,2.700,3.200,,4.080,7.800
2021091905,2438,6.000,36,41,3.000,3.500,,1.860,2.900
2021091905,2462,6.000,34,39,2.800,3.300,,2.490,4.180
2021091905,2486,6.000,45,50,3.900,4.400,,4.110,10.380
2021091905,2543,6.000,48,53,4.200,4.700,3.600,7.950,28.060
2021091905,2598,6.000,40,45,3.400,3.900,,6.390,13.430
2021091905,2623,6.000,40,45,3.400,3.900,,4.470,14.430
2021091905,2690,6.000,25,30,1.900,2.400,,1.790,2.300
2021091905,2736,6.000,29,34,2.300,2.800,,2.420,3.650
2021091905,2826,6.000,25,29,1.900,2.300,,2.250,3.240
2021091905,2891,6.000,41,46,3.500,4.000,,6.500,9.360
2021091905,2958,6.000,36,40,3.000,3.400,2.800,4.560,7.790
2021091905,3002,6.000,55,60,4.900,5.400,3.500,4.350,13.460
2021091905,3049,7.000,38,43,3.100,3.600,2.800,2.580,5.920
2021091905,3074,6.000,28,32,2.200,2.600,2.100,1.070,2.000
2021091905,3098,4.000,36,41,3.200,3.700,2.000,2.500,6.000
2021091905,3122,6.000,32,37,2.600,3.100,,2.810,4.270
2021091905,3146,6.000,38,43,3.200,3.700,2.400,2.760,5.340
2021091905,3168,7.000,27,32,2.000,2.500,1.900,2.640,3.190
2021091905,3281,7.000,40,45,3.300,3.800,,2.720,5.720
2021091905,3388,6.000,39,44,3.300,3.800,,3.910,9.020
2021091905,3525,6.000,40,45,3.400,3.900,2.400,3.300,8.320
2021091905,3553,6.000,58,63,5.200,5.700,2.400,3.140,9.400
2021091905,3572,6.000,66,71,6.000,6.500,2.400,3.770,13.200
2021091905,3616,6.000,37,42,3.100,3.600,,3.900,7.250
2021091905,3659,6.000,25,30,1.900,2.400,,2.340,3.990
2021091905,3730,6.000,40,45,3.400,3.900,,6.550,18.750
2021091905,3779,7.000,36,41,2.900,3.400,,6.100,7.890
2021091905,3925,6.000,34,39,2.800,3.300,,2.790,3.820
2021091905,4000,6.000,34,39,2.800,3.300,,3.450,6.340
2021091905,4151,6.000,42,46,3.600,4.000,3.200,2.930,5.830
2021091905,4175,6.000,33,38,2.700,3.200,,2.530,4.120
2021091905,4203,6.000,55,60,4.900,5.400,2.700,5.880,15.680
2021091906,76,6.000,36,40,3.000,3.400,,4.000,5.840
2021091906,126,6.000,40,45,3.400,3.900,,4.780,8.540
2021091906,155,6.000,36,41,3.000,3.500,,3.510,4.770
2021091906,179,6.000,40,45,3.400,3.900,,4.790,9.390
2021091906,238,6.000,30,35,2.400,2.900,,2.630,2.940
2021091906,283,7.000,42,47,3.500,4.000,2.100,5.220,10.750
2021091906,342,7.000,37,41,3.000,3.400,,5.740,8.890
2021091906,568,6.000,49,54,4.300,4.800,,6.620,22.680
2021091906,639,8.000,45,49,3.700,4.100,3.100,4.800,9.380
2021091906,924,7.000,36,41,2.900,3.400,,3.170,5.600
2021091906,1100,6.000,44,49,3.800,4.300,0.200,5.650,10.410
2021091906,1153,6.000,48,53,4.200,4.700,3.400,3.690,8.760
2021091906,1260,7.000,35,39,2.800,3.200,,2.750,4.370
2021091906,1331,7.000,26,30,1.900,2.300,,2.550,3.420
2021091906,1360,6.000,27,31,2.100,2.500,,2.740,3.740
2021091906,1442,6.000,29,33,2.300,2.700,2.200,2.850,4.000
2021091906,1492,7.000,29,34,2.200,2.700,,3.270,4.590
2021091906,1592,6.000,29,33,2.300,2.700,,2.720,3.460
2021091906,1616,6.000,27,32,2.100,2.600,,2.690,3.750
2021091906,1645,7.000,42,46,3.500,3.900,,3.150,5.110
2021091906,1710,6.000,62,65,5.600,5.900,,6.320,23.490
2021091906,1732,6.000,25,30,1.900,2.400,,2.120,2.720
2021091906,1761,6.000,48,53,4.200,4.700,2.500,5.330,14.330
2021091906,1911,7.000,59,63,5.200,5.600,,7.620,26.350
2021091906,1956,6.000,73,77,6.700,7.100,3.700,7.200,27.310
2021091906,1989,6.000,55,60,4.900,5.400,,8.040,23.220
2021091906,2063,8.000,33,38,2.500,3.000,,2.810,4.670
2021091906,2098,6.000,45,50,3.900,4.400,,3.160,9.570
2021091906,2134,6.000,38,43,3.200,3.700,,4.950,9.680
2021091906,2272,6.000,49,54,4.300,4.800,2.700,8.620,19.540
2021091906,2298,6.000,27,32,2.100,2.600,,3.230,4.570
2021091906,2373,9.000,42,47,3.300,3.800,,4.350,8.250
2021091906,2427,6.000,54,59,4.800,5.300,3.300,8.240,29.990
2021091906,2473,6.000,54,59,4.800,5.300,3.500,3.550,9.760
2021091906,2512,6.000,30,35,2.400,2.900,2.300,4.010,5.290
2021091906,2568,6.000,30,34,2.400,2.800,,2.810,3.910
2021091906,2649,6.000,30,34,2.400,2.800,,2.620,3.290
2021091906,2671,7.000,28,32,2.100,2.500,,3.100,4.110
2021091906,2736,6.000,40,45,3.400,3.900,,5.940,16.380
2021091906,2760,6.000,40,45,3.400,3.900,,4.590,8.850
2021091906,2819,6.000,43,48,3.700,4.200,,4.100,12.140
2021091906,2852,6.000,28,33,2.200,2.700,,2.650,4.140
2021091906,2876,6.000,46,51,4.000,4.500,3.900,4.660,10.570
2021091906,2909,6.000,48,53,4.200,4.700,,4.430,12.910
2021091906,2955,6.000,41,46,3.500,4.000,,2.530,5.760
2021091906,2979,6.000,29,34,2.300,2.800,2.300,2.370,3.670
2021091906,3050,6.000,62,66,5.600,6.000,,5.910,23.450
2021091906,3134,7.000,45,50,3.800,4.300,3.800,2.610,5.830
2021091906,3156,7.000,34,39,2.700,3.200,2.600,3.000,4.710
2021091906,3243,6.000,40,45,3.400,3.900,,5.650,15.440
2021091906,3293,6.000,35,40,2.900,3.400,2.700,5.730,11.950
2021091906,3336,7.000,50,55,4.300,4.800,4.100,8.090,17.410
2021091906,3437,6.000,27,31,2.100,2.500,,1.210,1.350
2021091906,3459,6.000,32,36,2.600,3.000,,3.490,5.230
2021091906,3500,6.000,36,41,3.000,3.500,2.400,2.510,4.560
2021091906,3522,7.000,38,43,3.100,3.600,,4.090,6.430
2021091906,3546,6.000,31,36,2.500,3.000,,2.980,4.090
2021091906,3568,6.000,61,66,5.500,6.000,,6.020,21.600
2021091906,3807,7.000,28,33,2.100,2.600,,2.930,3.460
2021091906,3836,6.000,38,42,3.200,3.600,,3.380,5.910
2021091906,3858,7.000,45,50,3.800,4.300,2.400,3.260,7.670
2021091906,3877,6.000,43,47,3.700,4.100,3.700,3.250,8.020
2021091906,3906,6.000,51,56,4.500,5.000,3.300,4.700,12.670
2021091906,3942,7.000,37,42,3.000,3.500,,3.670,5.790
2021091906,3971,6.000,33,37,2.700,3.100,,3.020,4.160
2021091907,98,7.000,31,35,2.400,2.800,2.400,2.840,3.750
2021091907,194,7.000,35,39,2.800,3.200,2.300,3.440,5.290
2021091907,233,7.000,57,61,5.000,5.400,,5.640,20.940
2021091907,360,7.000,35,39,2.800,3.200,2.800,2.460,4.790
2021091907,418,6.000,31,35,2.500,2.900,2.500,1.870,2.220
2021091907,463,6.000,27,32,2.100,2.600,,1.970,2.730
2021091907,567,6.000,36,41,3.000,3.500,,3.350,6.200
2021091907,711,6.000,27,32,2.100,2.600,,1.760,1.980
2021091907,735,6.000,34,39,2.800,3.300,2.700,4.540,8.590
2021091907,757,6.000,44,48,3.800,4.200,2.400,3.880,9.370
2021091907,821,7.000,29,33,2.200,2.600,,1.910,2.340
2021091907,843,6.000,38,43,3.200,3.700,,8.130,12.770
2021091907,869,6.000,49,53,4.300,4.700,3.100,7.080,15.330
2021091907,919,7.000,45,49,3.800,4.200,3.800,4.140,6.530
2021091907,960,6.000,33,37,2.700,3.100,,3.140,3.800
2021091907,1134,7.000,33,37,2.600,3.000,0.300,4.020,6.340
2021091907,1215,7.000,33,38,2.600,3.100,,3.750,6.190
2021091907,1270,7.000,28,32,2.100,2.500,,2.550,3.040
2021091907,1348,6.000,38,42,3.200,3.600,,4.650,8.340
2021091907,1374,7.000,37,42,3.000,3.500,,4.710,8.740
2021091907,1438,7.000,33,38,2.600,3.100,2.500,2.770,4.060
2021091907,1507,6.000,31,34,2.500,2.800,,1.930,2.800
2021091907,1540,6.000,59,63,5.300,5.700,,8.900,35.790
2021091907,1675,6.000,25,30,1.900,2.400,,2.260,2.570
2021091907,1812,6.000,32,36,2.600,3.000,2.600,2.690,3.520
2021091907,1925,6.000,28,33,2.200,2.700,,1.940,2.280
2021091907,1954,6.000,33,38,2.700,3.200,,2.390,3.290
2021091907,2086,6.000,43,48,3.700,4.200,3.400,4.840,10.360
2021091907,2115,6.000,45,49,3.900,4.300,3.000,3.310,7.650
2021091907,2217,7.000,26,30,1.900,2.300,,1.430,1.500
2021091907,2273,7.000,55,60,4.800,5.300,2.100,7.280,22.270
2021091907,2334,6.000,29,33,2.300,2.700,2.300,3.500,5.380
2021091907,2459,7.000,50,55,4.300,4.800,,8.520,18.900
2021091907,2527,6.000,32,36,2.600,3.000,,3.250,4.550
2021091907,2572,6.000,33,37,2.700,3.100,2.700,3.030,4.550
2021091907,2594,6.000,32,36,2.600,3.000,2.500,4.080,5.590
2021091907,2641,7.000,40,45,3.300,3.800,,4.400,8.010
2021091907,2731,6.000,24,28,1.800,2.200,,1.290,1.830
2021091907,2819,7.000,30,35,2.300,2.800,,2.050,1.670
2021091907,2890,6.000,52,57,4.600,5.100,0.100,6.190,16.360
2021091907,3014,7.000,33,38,2.600,3.100,,2.720,4.410
2021091907,3156,6.000,43,47,3.700,4.100,,2.220,5.120
2021091907,3202,6.000,85,89,7.900,8.300,3.800,8.500,33.210
2021091907,3224,7.000,89,94,8.200,8.700,5.600,7.610,24.040
2021091907,3245,6.000,50,55,4.400,4.900,2.300,1.840,5.310
2021091907,3603,7.000,41,45,3.400,3.800,,3.300,5.700
2021091907,3627,7.000,44,49,3.700,4.200,1.900,8.420,16.140
2021091907,3653,6.000,48,53,4.200,4.700,,8.740,23.520
2021091907,3690,6.000,35,38,2.900,3.200,,2.550,4.110
2021091907,3804,6.000,34,39,2.800,3.300,,2.060,3.370
2021091907,1836,,38,43,,,,7.150,17.500
2021091907,1857,,15,19,,,,1.600,1.590
2021091908,62,6.000,22,27,1.600,2.100,,1.860,1.680
2021091908,107,6.000,26,31,2.000,2.500,,2.230,2.460
2021091908,152,6.000,29,34,2.300,2.800,,5.110,10.100
2021091908,176,6.000,31,36,2.500,3.000,,2.500,4.410
2021091908,217,6.000,44,49,3.800,4.300,3.700,2.830,7.270
2021091908,248,6.000,30,35,2.400,2.900,,2.300,2.710
2021091908,317,6.000,28,33,2.200,2.700,,2.150,2.830
2021091908,409,6.000,35,40,2.900,3.400,,4.660,6.740
2021091908,473,6.000,39,44,3.300,3.800,2.500,2.240,3.980
2021091908,497,6.000,50,55,4.400,4.900,2.800,3.200,10.820
2021091908,523,6.000,30,35,2.400,2.900,,1.910,2.580
2021091908,552,6.000,48,53,4.200,4.700,2.200,2.910,7.030
2021091908,630,6.000,29,34,2.300,2.800,,2.420,2.790
2021091908,695,6.000,25,30,1.900,2.400,,2.280,2.940
2021091908,754,6.000,24,29,1.800,2.300,,1.340,1.540
2021091908,890,6.000,52,57,4.600,5.100,3.200,4.710,14.630
2021091908,918,6.000,28,33,2.200,2.700,,1.730,2.070
2021091908,959,6.000,31,36,2.500,3.000,2.500,2.760,4.140
2021091908,985,6.000,44,49,3.800,4.300,2.800,3.350,7.440
2021091908,1028,7.000,31,36,2.400,2.900,,3.630,3.210
2021091908,1081,6.000,27,32,2.100,2.600,,1.900,1.880
2021091908,1175,6.000,32,37,2.600,3.100,,4.900,10.070
2021091908,1231,6.000,36,41,3.000,3.500,0.600,5.040,12.170
2021091908,1302,6.000,24,29,1.800,2.300,,1.710,1.940
2021091908,1326,6.000,39,44,3.300,3.800,2.500,3.150,6.180
2021091908,1443,6.000,28,33,2.200,2.700,,1.310,1.560
2021091908,1472,6.000,48,53,4.200,4.700,,6.340,16.120
2021091908,1496,6.000,33,38,2.700,3.200,,4.090,7.470
2021091908,1520,6.000,39,44,3.300,3.800,,5.340,14.580
2021091908,1554,6.000,55,60,4.900,5.400,4.000,5.380,12.750
2021091908,1578,6.000,28,33,2.200,2.700,,1.710,2.160
2021091908,1640,6.000,27,32,2.100,2.600,,2.640,3.040
2021091908,1686,6.000,28,33,2.200,2.700,,2.770,2.930
2021091908,1796,6.000,35,40,2.900,3.400,,2.940,6.640
2021091908,1832,6.000,33,38,2.700,3.200,2.500,2.790,3.450
2021091908,1991,6.000,33,38,2.700,3.200,2.500,2.530,3.550
2021091908,2036,6.000,27,32,2.100,2.600,,1.860,1.910
2021091908,2060,6.000,30,35,2.400,2.900,,1.450,2.170
2021091908,2103,6.000,71,76,6.500,7.000,,6.010,26.570
2021091908,2144,6.000,32,37,2.600,3.100,,3.060,4.180
2021091908,2195,6.000,32,37,2.600,3.100,,2.940,5.200
2021091908,2240,6.000,61,66,5.500,6.000,4.100,4.630,13.620
2021091908,2259,6.000,32,37,2.600,3.100,,2.490,3.340
2021091908,2308,6.000,30,35,2.400,2.900,2.300,4.030,6.440
2021091908,2332,6.000,32,37,2.600,3.100,,2.390,2.990
2021091908,2356,6.000,47,52,4.100,4.600,2.700,5.230,12.700
2021091908,2375,7.000,36,41,2.900,3.400,,3.190,4.890
2021091908,2420,6.000,31,36,2.500,3.000,,2.190,2.640
2021091908,2444,6.000,30,35,2.400,2.900,,3.000,4.520
2021091908,2531,6.000,28,33,2.200,2.700,,2.240,2.860
2021091908,2593,8.000,31,36,2.300,2.800,,1.020,1.280
2021091908,2643,6.000,29,34,2.300,2.800,,2.220,3.070
2021091908,2665,7.000,34,39,2.700,3.200,2.700,3.400,5.320
2021091908,2706,6.000,28,33,2.200,2.700,,4.310,7.850
2021091908,2754,6.000,37,42,3.100,3.600,,1.900,2.880
2021091908,2803,6.000,23,28,1.700,2.200,,3.160,4.750
2021091908,2827,6.000,26,31,2.000,2.500,,1.600,2.140
2021091908,2872,6.000,29,34,2.300,2.800,,2.130,2.700
2021091908,2932,6.000,32,37,2.600,3.100,,2.390,4.220
2021091908,3009,6.000,34,39,2.800,3.300,,2.920,4.830
2021091908,3031,6.000,30,35,2.400,2.900,,2.820,3.850
2021091908,3110,6.000,35,40,2.900,3.400,,2.920,5.410
2021091908,3134,6.000,31,36,2.500,3.000,,2.660,4.000
2021091908,3158,6.000,35,40,2.900,3.400,,2.470,3.380
2021091908,3203,6.000,28,33,2.200,2.700,,2.420,3.020
2021091908,3229,6.000,37,42,3.100,3.600,,3.780,7.130
2021091908,3285,6.000,26,31,2.000,2.500,,2.180,3.720
2021091908,3336,7.000,32,37,2.500,3.000,2.300,2.510,3.710
2021091908,3511,6.000,27,32,2.100,2.600,,2.740,3.820
2021091908,3535,6.000,29,34,2.300,2.800,,2.680,3.000
2021091908,3583,6.000,25,30,1.900,2.400,,1.540,1.930
2021091908,3631,6.000,38,43,3.200,3.700,2.300,2.820,6.140
2021091908,3667,6.000,30,35,2.400,2.900,,3.020,3.900
2021091908,3761,6.000,32,37,2.600,3.100,,4.730,6.190
2021091909,75,6.000,39,43,3.300,3.700,,4.190,7.440
2021091909,146,6.000,37,42,3.100,3.600,,1.830,3.000
2021091909,362,6.000,28,33,2.200,2.700,,3.060,4.080
2021091909,386,6.000,33,38,2.700,3.200,2.600,2.340,3.710
2021091909,476,7.000,37,41,3.000,3.400,,2.080,3.550
2021091909,545,6.000,31,36,2.500,3.000,,2.630,4.530
2021091909,569,6.000,51,56,4.500,5.000,2.400,8.250,18.690
2021091909,619,6.000,57,62,5.100,5.600,2.700,8.590,28.670
2021091909,641,6.000,65,70,5.900,6.400,,6.930,19.680
2021091909,754,6.000,38,42,3.200,3.600,,4.390,8.680
2021091909,802,6.000,43,48,3.700,4.200,2.800,6.070,9.790
2021091909,889,6.000,28,33,2.200,2.700,,3.200,4.530
2021091909,1175,6.000,44,49,3.800,4.300,,6.850,11.400
2021091909,1243,6.000,59,64,5.300,5.800,3.200,7.040,23.100
2021091909,1325,6.000,79,84,7.300,7.800,4.800,8.060,32.750
2021091909,1351,6.000,39,43,3.300,3.700,,2.120,4.700
2021091909,1396,6.000,25,30,1.900,2.400,,1.940,2.550
2021091909,1441,6.000,38,43,3.200,3.700,2.800,3.470,5.930
2021091909,1460,6.000,42,46,3.600,4.000,,3.040,6.520
2021091909,1797,7.000,63,68,5.600,6.100,2.600,8.870,33.180
2021091909,1868,6.000,25,30,1.900,2.400,,2.150,3.050
2021091909,1897,6.000,38,42,3.200,3.600,3.200,3.010,4.850
2021091909,1943,6.000,39,43,3.300,3.700,,3.080,5.180
2021091909,2031,6.000,40,45,3.400,3.900,,2.840,5.220
2021091909,2053,6.000,33,38,2.700,3.200,,3.040,4.800
2021091909,2152,6.000,40,45,3.400,3.900,,3.250,6.430
2021091909,2273,6.000,33,38,2.700,3.200,,3.160,5.340
2021091909,2392,6.000,35,40,2.900,3.400,,2.900,5.510
2021091909,2437,7.000,36,41,2.900,3.400,,2.900,5.620
2021091909,2482,6.000,33,38,2.700,3.200,,2.930,4.600
2021091909,2605,6.000,30,35,2.400,2.900,,4.030,5.790
2021091909,2747,6.000,42,47,3.600,4.100,,3.010,8.190
2021091909,2792,6.000,27,32,2.100,2.600,,2.570,3.390
2021091909,2847,6.000,48,53,4.200,4.700,3.900,3.450,8.750
2021091909,2895,6.000,25,30,1.900,2.400,,3.030,4.950
2021091909,2938,6.000,34,39,2.800,3.300,2.500,2.670,4.410
2021091909,3017,6.000,25,29,1.900,2.300,,3.720,4.910
2021091909,3056,6.000,28,33,2.200,2.700,,1.650,2.170
2021091909,3249,6.000,51,55,4.500,4.900,,3.320,7.450
2021091909,3273,6.000,67,72,6.100,6.600,4.700,7.770,18.790
2021091909,3299,6.000,67,72,6.100,6.600,4.300,6.680,22.400
2021091909,3383,6.000,26,30,2.000,2.400,,3.100,4.830
2021091909,3433,6.000,33,37,2.700,3.100,2.600,2.320,3.730
2021091909,3517,6.000,29,34,2.300,2.800,,2.810,4.100
2021091909,3541,6.000,32,36,2.600,3.000,,2.170,3.000
2021091909,3589,6.000,37,42,3.100,3.600,,3.100,6.470
2021091909,3613,6.000,49,54,4.300,4.800,4.000,7.290,18.580
2021091909,3635,6.000,32,37,2.600,3.100,,5.000,9.820
2021091909,3697,7.000,23,28,1.600,2.100,,1.400,2.380
2021091909,3719,6.000,33,38,2.700,3.200,,2.240,4.550
2021091909,3822,6.000,44,49,3.800,4.300,2.700,4.350,10.080
2021091909,3867,6.000,29,34,2.300,2.800,,2.610,4.000
2021091909,3934,6.000,45,50,3.900,4.400,3.600,3.100,6.000
2021091909,3970,7.000,41,46,3.400,3.900,,3.370,8.600
2021091909,4036,7.000,34,39,2.700,3.200,2.600,2.450,4.080
2021091909,4127,6.000,24,28,1.800,2.200,1.800,1.120,1.440
2021091909,4149,6.000,30,35,2.400,2.900,,1.840,2.810
2021091909,4180,6.000,38,42,3.200,3.600,2.300,2.370,4.870
2021091909,3565,,33,38,,,,2.980,5.380
2021091910,54,6.000,40,45,3.400,3.900,,4.430,7.780
2021091910,101,6.000,31,36,2.500,3.000,,2.250,3.120
2021091910,125,6.000,30,35,2.400,2.900,,4.050,5.580
2021091910,168,6.000,30,35,2.400,2.900,,1.920,3.800
2021091910,231,6.000,43,48,3.700,4.200,,4.790,8.790
2021091910,281,6.000,23,28,1.700,2.200,,2.390,3.560
2021091910,325,7.000,29,34,2.200,2.700,,4.200,5.660
2021091910,404,6.000,28,33,2.200,2.700,,2.700,3.130
2021091910,451,6.000,25,30,1.900,2.400,,1.620,2.100
2021091910,473,6.000,27,32,2.100,2.600,,4.490,5.940
2021091910,508,6.000,39,44,3.300,3.800,2.800,3.290,6.160
2021091910,537,8.000,33,38,2.500,3.000,,3.810,6.350
2021091910,582,6.000,33,37,2.700,3.100,2.600,2.160,2.970
2021091910,606,6.000,37,42,3.100,3.600,,3.680,5.840
2021091910,628,6.000,55,60,4.900,5.400,2.500,4.690,11.660
2021091910,734,6.000,23,28,1.700,2.200,,2.630,3.630
2021091910,756,6.000,35,40,2.900,3.400,,3.220,5.100
2021091910,824,6.000,30,35,2.400,2.900,,2.170,3.230
2021091910,848,6.000,41,46,3.500,4.000,3.200,5.250,8.770
2021091910,976,6.000,28,33,2.200,2.700,,2.460,2.950
2021091910,1025,6.000,41,46,3.500,4.000,,4.450,8.080
2021091910,1125,6.000,25,30,1.900,2.400,,1.070,1.580
2021091910,1173,6.000,50,55,4.400,4.900,3.400,3.030,6.780
2021091910,1206,6.000,26,31,2.000,2.500,,2.110,2.650
2021091910,1290,7.000,45,50,3.800,4.300,,4.500,10.760
2021091910,1312,6.000,23,28,1.700,2.200,,1.530,1.860
2021091910,1362,6.000,30,35,2.400,2.900,,2.170,2.720
2021091910,1384,6.000,25,30,1.900,2.400,,2.230,2.890
2021091910,1408,3.000,26,31,2.300,2.800,,1.620,2.500
2021091910,1449,6.000,45,49,3.900,4.300,,3.170,8.000
2021091910,1488,6.000,27,32,2.100,2.600,,1.600,2.180
2021091910,1552,6.000,27,31,2.100,2.500,2.100,1.860,2.340
2021091910,1597,6.000,38,43,3.200,3.700,,6.130,14.920
2021091910,1621,6.000,55,60,4.900,5.400,2.600,6.950,18.120
2021091910,1671,7.000,31,36,2.400,2.900,,2.440,3.370
2021091910,1695,6.000,53,58,4.700,5.200,2.900,3.830,8.510
2021091910,1754,6.000,30,35,2.400,2.900,,2.440,3.670
2021091910,1799,7.000,35,40,2.800,3.300,2.800,4.880,7.830
2021091910,1840,6.000,34,39,2.800,3.300,,4.170,6.360
2021091910,1942,6.000,30,35,2.400,2.900,,3.870,6.260
2021091910,2009,7.000,26,31,1.900,2.400,,1.760,1.970
2021091910,2033,6.000,27,32,2.100,2.600,1.700,1.450,2.420
2021091910,2074,6.000,25,30,1.900,2.400,,1.130,1.880
2021091910,2125,6.000,37,42,3.100,3.600,2.600,5.020,10.020
2021091910,2158,6.000,32,37,2.600,3.100,,2.800,4.410
2021091910,2287,6.000,25,30,1.900,2.400,,2.710,3.230
2021091910,2313,6.000,32,37,2.600,3.100,,2.410,3.900
2021091910,2335,6.000,28,33,2.200,2.700,,2.330,3.170
2021091910,2359,6.000,51,56,4.500,5.000,,6.060,11.240
2021091910,2380,6.000,47,52,4.100,4.600,,4.430,8.090
2021091910,2471,7.000,47,52,4.000,4.500,,6.220,20.620
2021091910,2519,6.000,34,39,2.800,3.300,,3.380,5.860
2021091910,2548,7.000,26,30,1.900,2.300,,3.220,5.180
2021091910,2582,7.000,30,35,2.300,2.800,,1.370,2.000
2021091910,2611,7.000,33,38,2.600,3.100,,2.320,3.590
2021091910,2661,6.000,28,33,2.200,2.700,2.100,1.340,2.020
2021091910,2683,7.000,38,43,3.100,3.600,2.200,2.590,6.250
2021091910,2707,7.000,33,38,2.600,3.100,,2.350,3.800
2021091910,2757,6.000,22,27,1.600,2.100,,1.030,1.610
2021091910,2781,6.000,25,30,1.900,2.400,,2.550,3.360
2021091910,2885,6.000,35,40,2.900,3.400,,2.950,5.110
2021091910,2907,6.000,49,54,4.300,4.800,3.000,3.640,10.170
2021091910,3027,6.000,26,31,2.000,2.500,,2.400,2.580
2021091910,3049,6.000,31,36,2.500,3.000,2.500,2.720,4.800
2021091910,3094,6.000,25,30,1.900,2.400,1.900,5.320,6.500
2021091910,3129,6.000,42,47,3.600,4.100,2.800,5.210,10.020
2021091910,3195,6.000,33,38,2.700,3.200,,4.190,7.050
2021091910,3343,6.000,29,34,2.300,2.800,,4.000,4.790
2021091910,3365,6.000,36,41,3.000,3.500,2.200,2.870,7.120
2021091910,3427,6.000,36,41,3.000,3.500,,3.180,5.220
2021091910,3451,6.000,28,33,2.200,2.700,,2.640,3.420
2021091910,3514,6.000,42,47,3.600,4.100,,3.920,9.000
2021091910,3540,6.000,33,38,2.700,3.200,,4.200,6.760
2021091910,3564,6.000,31,36,2.500,3.000,,3.220,4.490
2021091910,3644,6.000,37,42,3.100,3.600,,4.080,6.850
2021091910,3672,6.000,27,32,2.100,2.600,,2.630,3.680
2021091910,3730,6.000,25,30,1.900,2.400,,1.270,1.300
2021091910,3775,6.000,25,30,1.900,2.400,,2.330,2.860
2021091910,3804,6.000,46,51,4.000,4.500,2.400,5.200,12.350
2021091910,3828,6.000,26,31,2.000,2.500,1.800,5.910,7.270
2021091910,3871,6.000,34,39,2.800,3.300,,4.700,8.570
2021091910,3893,8.000,33,38,2.500,3.000,,3.140,4.190
2021091910,3938,6.000,27,32,2.100,2.600,,2.130,3.210
2021091910,4078,6.000,33,38,2.700,3.200,2.700,4.830,12.430
2021091910,4138,7.000,29,33,2.200,2.600,,3.460,6.210
2021091911,82,6.000,23,28,1.700,2.200,,1.970,1.770
2021091911,127,6.000,33,37,2.700,3.100,,4.530,8.020
2021091911,202,6.000,28,33,2.200,2.700,,2.970,4.410
2021091911,256,6.000,30,34,2.400,2.800,2.300,1.960,2.500
2021091911,322,6.000,36,40,3.000,3.400,2.700,2.500,5.060
2021091911,367,6.000,32,36,2.600,3.000,,2.760,4.900
2021091911,389,7.000,26,31,1.900,2.400,,1.820,2.590
2021091911,492,6.000,62,66,5.600,6.000,3.600,6.380,18.880
2021091911,521,6.000,39,43,3.300,3.700,3.300,4.760,8.590
2021091911,547,6.000,44,49,3.800,4.300,,2.710,5.640
2021091911,597,7.000,41,45,3.400,3.800,,5.160,9.940
2021091911,652,6.000,37,42,3.100,3.600,,6.320,16.950
2021091911,807,6.000,26,31,2.000,2.500,,1.870,2.220
2021091911,857,6.000,26,31,2.000,2.500,,2.260,2.950
2021091911,881,6.000,36,40,3.000,3.400,,2.890,5.740
2021091911,1021,6.000,45,50,3.900,4.400,,4.500,14.210
2021091911,1080,6.000,42,46,3.600,4.000,,4.410,9.820
2021091911,1143,149.000,167,171,1.800,2.200,1.800,4.100,8.930
2021091911,1171,6.000,37,41,3.100,3.500,3.100,3.300,7.380
2021091911,1238,6.000,22,27,1.600,2.100,,1.600,1.520
2021091911,1323,7.000,56,60,4.900,5.300,2.500,7.870,26.970
2021091911,1433,6.000,25,30,1.900,2.400,,1.920,2.130
2021091911,1499,6.000,40,44,3.400,3.800,,4.630,8.890
2021091911,1544,6.000,56,60,5.000,5.400,2.600,3.990,14.790
2021091911,1647,6.000,37,42,3.100,3.600,2.100,3.260,6.510
2021091911,1671,6.000,36,41,3.000,3.500,2.300,3.240,6.530
2021091911,1714,6.000,31,34,2.500,2.800,,2.360,3.020
2021091911,1794,7.000,35,39,2.800,3.200,2.800,2.260,4.410
2021091911,1818,6.000,53,58,4.700,5.200,2.500,5.870,16.580
2021091911,1924,6.000,30,34,2.400,2.800,2.300,2.750,4.700
2021091911,1948,6.000,26,31,2.000,2.500,,2.140,2.610
2021091911,1972,7.000,78,83,7.100,7.600,2.400,8.060,35.720
2021091911,1998,6.000,37,42,3.100,3.600,3.100,3.360,7.540
2021091911,2062,7.000,47,51,4.000,4.400,2.400,6.380,16.370
2021091911,2084,7.000,30,34,2.300,2.700,,2.380,3.310
2021091911,2271,7.000,25,29,1.800,2.200,,2.630,2.730
2021091911,2343,6.000,60,64,5.400,5.800,,6.080,17.720
2021091911,2417,6.000,34,38,2.800,3.200,2.800,2.500,4.220
2021091911,2439,6.000,46,50,4.000,4.400,,3.770,8.930
2021091911,2468,6.000,37,41,3.100,3.500,,4.730,8.110
2021091911,2513,6.000,28,33,2.200,2.700,,2.850,3.600
2021091911,2558,7.000,34,38,2.700,3.100,2.700,3.400,6.480
2021091911,2635,7.000,23,28,1.600,2.100,,2.130,2.340
2021091911,2749,6.000,48,53,4.200,4.700,2.200,3.090,9.660
2021091911,2842,6.000,35,39,2.900,3.300,,3.320,7.330
2021091911,2866,6.000,36,40,3.000,3.400,,5.500,14.820
2021091911,2890,7.000,42,46,3.500,3.900,,3.560,6.530
2021091911,2944,6.000,35,40,2.900,3.400,2.600,5.720,15.570
2021091911,2966,6.000,35,39,2.900,3.300,,2.870,4.700
2021091911,3024,6.000,47,51,4.100,4.500,,5.940,12.350
2021091911,3066,6.000,36,40,3.000,3.400,,3.100,5.500
2021091911,3101,6.000,32,36,2.600,3.000,,5.540,12.930
2021091911,3136,6.000,28,32,2.200,2.600,,2.100,3.610
2021091911,3158,6.000,32,36,2.600,3.000,,2.820,3.770
2021091911,3323,7.000,33,37,2.600,3.000,2.300,3.460,4.880
2021091911,3368,6.000,36,41,3.000,3.500,,2.710,6.900
2021091911,3390,6.000,33,38,2.700,3.200,2.300,2.940,5.310
2021091911,3506,6.000,38,43,3.200,3.700,,3.030,6.130
2021091911,3530,7.000,32,36,2.500,2.900,,2.220,3.520
2021091911,3554,6.000,42,47,3.600,4.100,,8.120,22.540
2021091911,3629,6.000,43,47,3.700,4.100,3.600,4.710,9.050
2021091911,3707,7.000,28,32,2.100,2.500,,2.350,2.780
2021091911,3729,6.000,82,87,7.600,8.100,6.500,6.700,27.720
2021091911,3758,7.000,32,36,2.500,2.900,,2.560,3.870
2021091911,3855,7.000,25,30,1.800,2.300,,1.900,2.450
2021091911,3879,7.000,26,30,1.900,2.300,,1.820,2.380
2021091911,3988,6.000,31,35,2.500,2.900,2.500,2.370,3.610
2021091911,4012,6.000,25,29,1.900,2.300,,1.450,2.180
2021091911,4057,6.000,21,25,1.500,1.900,,2.320,2.830
2021091912,76,6.000,27,32,2.100,2.600,,1.530,2.060
2021091912,110,6.000,68,73,6.200,6.700,2.500,7.940,32.930
2021091912,204,7.000,31,34,2.400,2.700,2.400,2.000,2.580
2021091912,255,6.000,47,52,4.100,4.600,,5.030,12.630
2021091912,321,8.000,58,61,5.000,5.300,4.800,7.880,28.180
2021091912,391,8.000,40,44,3.200,3.600,,4.930,6.300
2021091912,465,7.000,40,44,3.300,3.700,3.000,4.670,7.720
2021091912,508,6.000,40,45,3.400,3.900,,2.780,4.050
2021091912,532,6.000,32,37,2.600,3.100,,4.880,7.180
2021091912,577,6.000,30,35,2.400,2.900,,3.120,3.040
2021091912,601,6.000,36,41,3.000,3.500,,2.360,3.610
2021091912,673,6.000,40,45,3.400,3.900,3.000,2.580,4.660
2021091912,695,6.000,26,31,2.000,2.500,,3.030,3.410
2021091912,796,6.000,30,35,2.400,2.900,,2.900,3.640
2021091912,841,6.000,24,29,1.800,2.300,,1.540,1.890
2021091912,884,6.000,25,30,1.900,2.400,,1.940,2.460
2021091912,943,6.000,67,72,6.100,6.600,3.800,4.690,18.560
2021091912,1025,7.000,56,61,4.900,5.400,2.500,3.250,7.800
2021091912,1091,6.000,41,46,3.500,4.000,,4.830,7.880
2021091912,1115,7.000,50,54,4.300,4.700,,6.860,23.900
2021091912,1171,7.000,54,59,4.700,5.200,,8.260,16.830
2021091912,1218,7.000,32,37,2.500,3.000,1.500,4.350,6.920
2021091912,1282,8.000,38,42,3.000,3.400,2.000,5.160,8.120
2021091912,1327,6.000,43,48,3.700,4.200,,4.380,7.330
2021091912,1411,6.000,39,44,3.300,3.800,3.100,5.490,11.740
2021091912,1597,6.000,30,35,2.400,2.900,,3.640,5.090
2021091912,1642,8.000,39,42,3.100,3.400,3.000,4.140,5.210
2021091912,1746,8.000,35,39,2.700,3.100,2.300,2.010,3.370
2021091912,1839,7.000,31,35,2.400,2.800,,2.850,4.040
2021091912,1897,6.000,26,31,2.000,2.500,,2.110,2.690
2021091912,1943,6.000,25,30,1.900,2.400,,1.930,1.930
2021091912,1993,6.000,29,33,2.300,2.700,2.200,2.010,3.270
2021091912,2015,6.000,29,34,2.300,2.800,,1.800,2.190
2021091912,2243,6.000,25,30,1.900,2.400,,2.010,1.950
2021091912,2288,6.000,34,39,2.800,3.300,,4.540,7.250
2021091912,2333,6.000,35,40,2.900,3.400,2.900,1.990,3.370
2021091912,2373,7.000,36,39,2.900,3.200,2.700,2.260,3.890
2021091912,2537,7.000,32,36,2.500,2.900,,1.530,2.820
2021091912,2561,6.000,54,59,4.800,5.300,,6.000,13.650
2021091912,2618,6.000,31,36,2.500,3.000,,4.670,7.450
2021091912,2740,6.000,32,37,2.600,3.100,,2.370,2.590
2021091912,2764,6.000,33,38,2.700,3.200,,2.610,3.440
2021091912,2830,6.000,29,34,2.300,2.800,,3.520,4.500
2021091912,2852,6.000,28,33,2.200,2.700,,1.850,2.030
2021091912,2874,6.000,28,33,2.200,2.700,2.200,2.530,2.580
2021091912,2919,7.000,31,34,2.400,2.700,,1.680,1.930
2021091912,2943,8.000,52,55,4.400,4.700,3.900,3.820,8.370
2021091912,3078,6.000,24,29,1.800,2.300,,1.290,1.690
2021091912,3102,6.000,38,43,3.200,3.700,,3.340,6.910
2021091912,3158,7.000,29,33,2.200,2.600,1.800,3.730,4.360
2021091912,3261,6.000,34,39,2.800,3.300,,4.870,11.800
2021091912,3285,6.000,28,33,2.200,2.700,,2.260,3.110
2021091912,3422,7.000,48,53,4.100,4.600,,7.980,13.730
2021091912,3443,6.000,39,44,3.300,3.800,,3.230,5.540
2021091912,3497,6.000,57,62,5.100,5.600,2.800,2.900,6.160
2021091912,3516,6.000,37,42,3.100,3.600,3.000,3.300,5.070
2021091912,3540,6.000,48,53,4.200,4.700,2.800,2.570,7.110
2021091912,3597,6.000,23,28,1.700,2.200,,4.340,4.890
2021091912,3619,7.000,37,42,3.000,3.500,,3.840,5.790
2021091912,3725,7.000,29,32,2.200,2.500,2.200,1.360,1.410
2021091912,3773,6.000,36,41,3.000,3.500,,2.520,3.670
2021091912,3797,6.000,34,39,2.800,3.300,,1.950,3.090
2021091912,3842,6.000,37,42,3.100,3.600,,2.620,4.350
2021091912,3929,6.000,34,39,2.800,3.300,2.700,2.630,4.270
2021091912,3953,6.000,31,36,2.500,3.000,,2.040,2.720
2021091912,4126,6.000,39,44,3.300,3.800,,3.290,7.790
2021091912,4167,6.000,72,77,6.600,7.100,3.300,5.340,19.480
2021091912,4213,7.000,64,69,5.700,6.200,,8.340,31.520
2021091912,4335,7.000,45,50,3.800,4.300,,4.190,6.680
2021091912,4380,6.000,33,38,2.700,3.200,,4.160,8.220
2021091912,4445,6.000,37,42,3.100,3.600,,6.540,16.180
2021091912,4489,6.000,34,39,2.800,3.300,,2.930,4.520
2021091912,4530,8.000,40,43,3.200,3.500,,5.760,9.030
2021091912,4552,8.000,33,37,2.500,2.900,,2.950,3.610
2021091912,4574,8.000,56,61,4.800,5.300,3.000,4.720,14.370
2021091912,1868,,20,25,,,,1.710,2.410
2021091913,77,6.000,37,42,3.100,3.600,,3.760,5.190
2021091913,99,6.000,30,35,2.400,2.900,,2.380,2.560
2021091913,397,6.000,36,40,3.000,3.400,,6.850,14.700
2021091913,421,7.000,49,54,4.200,4.700,,5.420,11.140
2021091913,523,6.000,46,51,4.000,4.500,0.000,4.160,11.750
2021091913,579,6.000,34,39,2.800,3.300,,3.150,4.400
2021091913,734,6.000,29,34,2.300,2.800,,2.340,2.630
2021091913,780,6.000,31,36,2.500,3.000,2.300,3.040,4.380
2021091913,806,6.000,48,53,4.200,4.700,4.000,8.060,23.770
2021091913,865,7.000,15,49,0.800,4.200,,6.420,18.070
2021091913,952,10.000,26,31,1.600,2.100,,1.990,2.080
2021091913,1022,6.000,23,28,1.700,2.200,,2.100,2.330
2021091913,1107,6.000,29,33,2.300,2.700,,2.020,2.410
2021091913,1152,6.000,33,37,2.700,3.100,,2.940,3.980
2021091913,1176,6.000,37,42,3.100,3.600,0.300,5.290,10.050
2021091913,1198,6.000,36,41,3.000,3.500,2.900,3.480,5.380
2021091913,1220,6.000,74,79,6.800,7.300,,5.060,18.320
2021091913,1328,6.000,38,43,3.200,3.700,,1.180,1.940
2021091913,1352,6.000,42,47,3.600,4.100,3.500,3.890,6.220
2021091913,1399,6.000,44,48,3.800,4.200,3.400,2.650,6.350
2021091913,1453,6.000,26,31,2.000,2.500,,2.320,3.750
2021091913,1477,6.000,46,51,4.000,4.500,,3.900,9.530
2021091913,1606,6.000,30,35,2.400,2.900,,2.490,3.570
2021091913,1719,7.000,23,28,1.600,2.100,,2.280,3.030
2021091913,1802,6.000,26,31,2.000,2.500,,1.740,1.580
2021091913,1866,6.000,39,44,3.300,3.800,,3.390,6.830
2021091913,1939,6.000,38,43,3.200,3.700,2.600,1.830,3.720
2021091913,2012,6.000,23,27,1.700,2.100,,1.390,1.920
2021091913,2186,6.000,21,25,1.500,1.900,,1.160,1.350
2021091913,2210,6.000,37,40,3.100,3.400,0.000,6.150,15.600
2021091913,2255,6.000,21,26,1.500,2.000,,1.410,1.420
2021091913,2388,6.000,41,46,3.500,4.000,,2.750,5.870
2021091913,2412,7.000,39,44,3.200,3.700,2.800,3.000,7.750
2021091913,2537,6.000,26,30,2.000,2.400,,2.070,2.920
2021091913,2561,6.000,61,66,5.500,6.000,,8.180,30.250
2021091913,2593,6.000,44,49,3.800,4.300,0.000,4.270,8.270
2021091913,2615,6.000,54,59,4.800,5.300,,6.610,19.620
2021091913,2698,6.000,43,47,3.700,4.100,3.500,2.680,6.540
2021091913,2775,6.000,55,60,4.900,5.400,2.600,4.090,11.130
2021091913,2876,6.000,30,35,2.400,2.900,,2.390,3.260
2021091913,2933,7.000,54,59,4.700,5.200,3.900,5.180,14.260
2021091913,2960,6.000,57,62,5.100,5.600,,7.840,22.670
2021091913,3004,6.000,38,43,3.200,3.700,,4.030,7.310
2021091913,3068,6.000,37,42,3.100,3.600,,2.720,6.180
2021091913,3139,6.000,48,53,4.200,4.700,2.700,3.330,9.420
2021091913,3211,6.000,26,31,2.000,2.500,,1.690,2.550
2021091913,3256,6.000,22,27,1.600,2.100,,2.660,3.170
2021091913,3280,6.000,37,42,3.100,3.600,,3.240,7.410
2021091913,3364,6.000,33,37,2.700,3.100,,2.030,3.330
2021091913,3428,6.000,51,56,4.500,5.000,3.500,4.840,13.400
2021091913,3458,6.000,37,42,3.100,3.600,,3.340,5.200
2021091913,3555,6.000,38,42,3.200,3.600,,5.660,13.090
2021091913,3676,6.000,42,47,3.600,4.100,,6.630,18.450
2021091913,3705,6.000,30,34,2.400,2.800,,2.160,2.890
2021091913,3729,7.000,33,38,2.600,3.100,,2.950,5.020
2021091913,3907,6.000,33,37,2.700,3.100,,2.300,3.900
2021092000,76,6.000,26,31,2.000,2.500,,2.160,2.880
2021092000,105,6.000,60,64,5.400,5.800,2.900,4.070,8.930
2021092000,134,6.000,32,37,2.600,3.100,,3.610,5.960
2021092000,201,6.000,45,50,3.900,4.400,,4.130,10.680
2021092000,325,6.000,27,32,2.100,2.600,,2.390,3.990
2021092000,354,6.000,63,68,5.700,6.200,,8.080,28.350
2021092000,579,6.000,31,36,2.500,3.000,,1.940,2.820
2021092000,624,6.000,35,39,2.900,3.300,2.600,2.420,5.300
2021092000,750,6.000,44,49,3.800,4.300,,3.060,6.630
2021092000,817,6.000,46,51,4.000,4.500,3.300,5.610,15.210
2021092000,924,6.000,32,36,2.600,3.000,,3.770,5.560
2021092000,946,7.000,24,29,1.700,2.200,,1.540,2.120
2021092000,970,6.000,52,57,4.600,5.100,3.400,4.230,7.490
2021092000,1028,6.000,44,49,3.800,4.300,,4.400,9.570
2021092000,1073,6.000,70,75,6.400,6.900,2.600,6.470,25.250
2021092000,1147,6.000,34,38,2.800,3.200,,4.780,12.030
2021092000,1197,6.000,32,37,2.600,3.100,,2.770,4.310
2021092000,1357,6.000,36,40,3.000,3.400,,4.540,7.550
2021092000,1491,6.000,32,36,2.600,3.000,,5.920,13.070
2021092000,1596,6.000,63,67,5.700,6.100,,4.700,11.720
2021092000,1637,7.000,24,28,1.700,2.100,,3.020,4.570
2021092000,1678,6.000,37,41,3.100,3.500,,3.460,5.890
2021092000,1700,7.000,33,37,2.600,3.000,,2.990,4.650
2021092000,1873,6.000,19,24,1.300,1.800,,2.300,3.670
2021092000,1923,6.000,41,46,3.500,4.000,2.800,2.750,6.870
2021092000,1942,6.000,42,47,3.600,4.100,,3.610,7.990
2021092000,2041,6.000,30,35,2.400,2.900,,2.740,3.840
2021092000,2119,6.000,37,42,3.100,3.600,3.000,4.630,10.220
2021092000,2164,6.000,28,33,2.200,2.700,,2.300,3.010
2021092000,2188,6.000,46,50,4.000,4.400,,4.850,11.710
2021092000,2248,6.000,32,37,2.600,3.100,2.600,2.460,3.570
2021092000,2272,6.000,30,35,2.400,2.900,,3.240,4.670
2021092000,2294,6.000,33,38,2.700,3.200,,2.930,4.320
2021092000,2337,6.000,44,49,3.800,4.300,3.500,4.040,8.550
2021092000,2404,6.000,36,40,3.000,3.400,3.000,3.310,5.120
2021092000,2437,6.000,63,68,5.700,6.200,5.400,4.620,11.790
2021092000,2483,5.000,33,38,2.800,3.300,,3.810,6.720
2021092000,2531,6.000,44,48,3.800,4.200,,3.070,8.050
2021092000,2587,6.000,50,55,4.400,4.900,,8.040,21.280
2021092000,2645,6.000,30,35,2.400,2.900,,3.240,4.730
2021092000,2842,6.000,27,32,2.100,2.600,,2.980,3.310
2021092000,2959,6.000,35,40,2.900,3.400,2.600,2.540,4.810
2021092000,2983,6.000,25,30,1.900,2.400,,1.770,2.350
2021092000,3030,6.000,29,33,2.300,2.700,,3.020,4.840
2021092000,3054,6.000,40,45,3.400,3.900,,2.650,4.690
2021092000,3157,6.000,60,64,5.400,5.800,,5.720,23.740
2021092000,3203,6.000,61,65,5.500,5.900,,6.700,20.570
2021092000,3294,6.000,45,50,3.900,4.400,2.500,3.540,6.560
2021092000,3343,6.000,39,43,3.300,3.700,3.200,3.090,5.970
2021092000,3365,6.000,42,47,3.600,4.100,2.500,7.100,12.920
2021092000,3391,8.000,66,70,5.800,6.200,2.600,6.960,22.090
2021092000,3498,7.000,35,39,2.800,3.200,2.800,3.560,5.670
2021092000,3546,6.000,36,40,3.000,3.400,2.700,2.150,4.340
2021092000,3575,6.000,30,35,2.400,2.900,,2.090,3.450
2021092000,3599,7.000,34,38,2.700,3.100,2.600,2.780,4.520
2021092000,3623,6.000,35,39,2.900,3.300,,3.110,6.150
2021092000,3647,6.000,31,36,2.500,3.000,,2.950,4.520
2021092000,3669,7.000,34,39,2.700,3.200,,4.620,10.120
2021092000,3710,7.000,40,45,3.300,3.800,3.000,3.370,6.930
2021092000,3759,6.000,51,56,4.500,5.000,2.200,4.800,14.500
2021092300,54,8.000,28,31,2.000,2.300,,4.300,4.570
2021092300,78,8.000,32,36,2.400,2.800,,2.450,2.780
2021092300,100,8.000,30,33,2.200,2.500,,2.220,2.840
2021092300,319,7.000,69,73,6.200,6.600,3.800,7.230,18.910
2021092300,341,6.000,61,66,5.500,6.000,2.500,6.640,17.240
2021092300,365,7.000,43,47,3.600,4.000,,6.690,19.470
2021092300,415,7.000,37,42,3.000,3.500,2.600,2.310,5.480
2021092300,596,7.000,29,33,2.200,2.600,,2.420,3.740
2021092300,620,8.000,58,63,5.000,5.500,2.100,8.140,22.630
2021092300,692,7.000,34,38,2.700,3.100,2.100,2.930,5.780
2021092300,737,7.000,38,42,3.100,3.500,3.000,2.300,4.520
2021092300,838,7.000,50,55,4.300,4.800,,4.920,12.860
2021092300,904,7.000,43,48,3.600,4.100,,6.920,20.920
2021092300,926,7.000,43,47,3.600,4.000,,4.600,10.170
2021092300,971,7.000,39,43,3.200,3.600,,2.010,3.750
2021092300,1023,6.000,27,32,2.100,2.600,,2.300,2.620
2021092300,1068,6.000,27,31,2.100,2.500,0.200,3.800,4.750
2021092300,1213,6.000,38,42,3.200,3.600,3.100,4.400,8.090
2021092300,1359,6.000,45,50,3.900,4.400,3.100,4.650,11.680
2021092300,1395,7.000,32,36,2.500,2.900,2.500,2.410,3.570
2021092300,1511,7.000,42,47,3.500,4.000,1.700,2.820,6.170
2021092300,1530,6.000,43,48,3.700,4.200,,3.920,9.900
2021092300,1573,6.000,36,41,3.000,3.500,,2.700,4.400
2021092300,1595,7.000,33,38,2.600,3.100,2.600,2.680,4.710
2021092300,1697,6.000,27,31,2.100,2.500,1.900,3.520,4.530
2021092300,1721,6.000,34,39,2.800,3.300,,2.380,4.350
2021092300,1766,6.000,29,33,2.300,2.700,,2.930,4.200
2021092300,1812,7.000,24,28,1.700,2.100,,2.150,3.100
2021092300,1853,6.000,28,33,2.200,2.700,,1.780,2.830
2021092300,1904,6.000,36,40,3.000,3.400,,2.820,3.960
2021092300,1945,7.000,46,51,3.900,4.400,3.200,3.270,8.740
2021092300,2015,6.000,35,40,2.900,3.400,,4.110,9.560
2021092300,2037,7.000,25,30,1.800,2.300,,2.360,2.950
2021092300,2084,7.000,23,28,1.600,2.100,,1.990,2.950
2021092300,2108,7.000,31,35,2.400,2.800,,6.650,12.240
2021092300,2132,7.000,28,32,2.100,2.500,,2.800,3.850
2021092300,2175,6.000,31,36,2.500,3.000,2.500,3.110,4.480
2021092300,2233,6.000,42,46,3.600,4.000,,4.490,8.660
2021092300,2266,7.000,41,45,3.400,3.800,,4.740,8.540
2021092300,2292,7.000,46,50,3.900,4.300,2.200,5.770,12.400
2021092300,2377,7.000,25,29,1.800,2.200,,1.430,1.410
2021092300,2422,6.000,56,61,5.000,5.500,2.900,6.810,13.670
2021092300,2476,7.000,31,35,2.400,2.800,,2.310,2.650
2021092300,2524,6.000,40,45,3.400,3.900,,7.150,19.370
2021092300,2643,8.000,50,55,4.200,4.700,2.700,5.580,16.700
2021092300,2713,7.000,52,57,4.500,5.000,2.500,6.970,11.680
2021092300,2750,7.000,34,39,2.700,3.200,2.600,2.650,4.230
2021092300,2774,7.000,31,36,2.400,2.900,2.300,2.700,4.500
2021092300,2819,7.000,30,34,2.300,2.700,,2.310,3.320
2021092300,2896,6.000,37,41,3.100,3.500,3.100,3.860,6.170
2021092300,2952,7.000,33,37,2.600,3.000,2.600,5.930,9.910
2021092300,2974,7.000,30,35,2.300,2.800,,2.650,3.270
2021092300,3049,7.000,33,37,2.600,3.000,,2.840,4.200
2021092300,3073,7.000,30,35,2.300,2.800,,2.300,3.170
2021092300,3097,7.000,48,53,4.100,4.600,4.000,3.140,8.000
2021092300,3119,6.000,23,28,1.700,2.200,,2.440,2.500
2021092300,3143,7.000,27,31,2.000,2.400,,2.280,2.910
2021092300,3165,7.000,40,44,3.300,3.700,1.900,3.270,5.730
2021092300,3189,7.000,46,51,3.900,4.400,2.200,2.780,7.390
2021092300,3263,7.000,23,27,1.600,2.000,,1.790,2.300
2021092300,3329,7.000,46,50,3.900,4.300,,4.780,11.290
2021092300,3351,7.000,45,49,3.800,4.200,2.700,4.040,11.040
2021092300,3375,8.000,43,47,3.500,3.900,,4.850,9.670
2021092300,3458,6.000,20,25,1.400,1.900,,2.040,2.550
2021092300,3573,7.000,30,34,2.300,2.700,,2.670,3.830
2021092300,3602,7.000,38,43,3.100,3.600,1.700,2.710,5.560
2021092300,3665,6.000,41,45,3.500,3.900,,3.060,5.980
2021092300,3716,7.000,41,46,3.400,3.900,1.900,3.450,7.490
2021092600,80,6.000,26,31,2.000,2.500,,2.190,3.210
2021092600,125,6.000,50,54,4.400,4.800,2.300,2.800,6.280
2021092600,149,6.000,54,57,4.800,5.100,,7.940,17.340
2021092600,170,7.000,26,31,1.900,2.400,,1.650,1.910
2021092600,194,6.000,34,38,2.800,3.200,,4.150,7.890
2021092600,223,6.000,56,60,5.000,5.400,,7.010,23.660
2021092600,258,6.000,61,66,5.500,6.000,,7.160,25.370
2021092600,346,6.000,35,40,2.900,3.400,,3.200,4.470
2021092600,370,6.000,34,38,2.800,3.200,2.800,3.560,5.080
2021092600,489,6.000,29,33,2.300,2.700,,3.810,5.920
2021092600,555,6.000,34,39,2.800,3.300,2.600,2.840,5.480
2021092600,610,6.000,38,43,3.200,3.700,3.000,1.680,2.650
2021092600,638,6.000,44,49,3.800,4.300,,4.240,10.060
2021092600,660,6.000,37,42,3.100,3.600,3.000,1.910,3.390
2021092600,729,6.000,34,38,2.800,3.200,2.800,2.250,3.090
2021092600,772,6.000,45,50,3.900,4.400,3.100,3.530,7.480
2021092600,854,6.000,38,42,3.200,3.600,,3.330,6.910
2021092600,887,6.000,28,32,2.200,2.600,,2.110,3.280
2021092600,972,7.000,25,29,1.800,2.200,,1.330,2.040
2021092600,1017,6.000,48,53,4.200,4.700,3.200,6.070,11.650
2021092600,1077,7.000,68,73,6.100,6.600,,7.170,24.080
2021092600,1127,7.000,57,62,5.000,5.500,2.800,2.540,7.230
2021092600,1174,6.000,63,68,5.700,6.200,2.800,7.500,28.540
2021092600,1200,6.000,29,33,2.300,2.700,,2.180,2.400
2021092600,1394,6.000,38,43,3.200,3.700,,3.210,8.220
2021092600,1418,7.000,34,39,2.700,3.200,0.400,6.760,15.550
2021092600,1440,6.000,64,69,5.800,6.300,4.300,8.430,24.000
2021092600,1497,6.000,49,53,4.300,4.700,2.900,5.110,9.970
2021092600,1547,157.000,175,180,1.800,2.300,,1.370,3.470
2021092600,1571,6.000,33,38,2.700,3.200,2.400,2.710,4.480
2021092600,1636,6.000,48,53,4.200,4.700,,5.250,12.150
2021092600,1683,6.000,35,40,2.900,3.400,,3.240,5.050
2021092600,1758,6.000,33,37,2.700,3.100,2.600,3.450,5.160
2021092600,1925,6.000,69,73,6.300,6.700,2.200,7.400,26.790
2021092600,2022,6.000,41,46,3.500,4.000,,2.830,4.750
2021092600,2084,6.000,25,30,1.900,2.400,,1.420,1.590
2021092600,2108,6.000,33,37,2.700,3.100,,2.500,3.090
2021092600,2130,7.000,36,41,2.900,3.400,,3.440,5.050
2021092600,2173,6.000,36,40,3.000,3.400,,3.000,5.610
2021092600,2202,6.000,50,53,4.400,4.700,2.500,5.780,14.320
2021092600,2243,6.000,35,39,2.900,3.300,,2.990,4.600
2021092600,2289,7.000,23,27,1.600,2.000,,1.530,2.020
2021092600,2369,6.000,46,51,4.000,4.500,,7.280,22.020
2021092600,2441,6.000,37,42,3.100,3.600,,3.620,5.810
2021092600,2507,6.000,33,38,2.700,3.200,,0.970,1.510
2021092600,2531,6.000,23,28,1.700,2.200,,1.450,1.850
2021092600,2576,6.000,27,31,2.100,2.500,,2.490,3.450
2021092600,2690,7.000,33,37,2.600,3.000,,2.870,5.330
2021092600,2712,6.000,29,32,2.300,2.600,2.100,2.970,3.620
2021092600,2736,6.000,32,36,2.600,3.000,,1.730,2.620
2021092600,2879,6.000,36,39,3.000,3.300,,2.570,6.260
2021092600,2904,6.000,27,31,2.100,2.500,,2.330,4.030
2021092600,3063,6.000,59,63,5.300,5.700,2.900,7.300,18.570
2021092600,3089,7.000,41,45,3.400,3.800,,3.960,8.990
2021092600,3136,6.000,33,38,2.700,3.200,2.400,1.550,3.580
2021092600,3245,7.000,74,79,6.700,7.200,3.100,8.560,22.680
2021092600,3278,7.000,32,36,2.500,2.900,,2.780,3.470
2021092600,3325,7.000,25,29,1.800,2.200,,0.780,0.630
2021092600,3387,7.000,69,73,6.200,6.600,5.900,7.740,22.570
2021092600,3449,6.000,41,45,3.500,3.900,2.500,2.880,6.150
2021092600,3471,6.000,32,36,2.600,3.000,,2.450,3.470
2021092600,3495,6.000,34,39,2.800,3.300,,5.200,6.940
2021092600,3516,6.000,27,32,2.100,2.600,,0.890,1.180
2021092600,3544,7.000,54,59,4.700,5.200,2.400,5.490,9.130
2021092600,3590,7.000,27,31,2.000,2.400,,3.540,4.800
2021092600,3639,7.000,54,59,4.700,5.200,3.000,7.810,20.410
2021092600,3793,6.000,28,32,2.200,2.600,,2.250,2.980
2021092600,3838,6.000,39,44,3.300,3.800,,2.740,4.190
2021092600,3875,7.000,26,31,1.900,2.400,,1.680,2.120
2021092600,3899,7.000,74,78,6.700,7.100,2.600,7.340,20.600
2021092600,3942,6.000,81,86,7.500,8.000,2.900,8.610,32.520
2021092600,3968,6.000,29,34,2.300,2.800,,2.460,3.900
2021092600,4095,6.000,23,28,1.700,2.200,,3.440,4.020
2021092600,4119,7.000,38,43,3.100,3.600,2.700,4.970,7.770
2021092601,55,6.000,53,58,4.700,5.200,,7.910,29.750
2021092601,77,6.000,25,30,1.900,2.400,,1.570,1.680
2021092601,99,6.000,39,44,3.300,3.800,3.000,3.390,7.940
2021092601,144,6.000,27,32,2.100,2.600,,2.840,3.910
2021092601,166,6.000,50,55,4.400,4.900,3.100,6.690,15.150
2021092601,252,6.000,35,40,2.900,3.400,,3.350,5.660
2021092601,274,6.000,54,59,4.800,5.300,2.400,3.100,10.750
2021092601,358,6.000,42,47,3.600,4.100,,5.000,7.080
2021092601,473,6.000,37,42,3.100,3.600,3.000,4.350,8.850
2021092601,506,6.000,30,35,2.400,2.900,,4.850,11.090
2021092601,553,6.000,30,35,2.400,2.900,,1.660,2.980
2021092601,603,6.000,24,28,1.800,2.200,,1.800,2.070
2021092601,627,6.000,28,33,2.200,2.700,,2.550,3.300
2021092601,651,6.000,52,57,4.600,5.100,3.000,5.460,19.410
2021092601,693,6.000,52,57,4.600,5.100,2.000,4.520,11.200
2021092601,733,6.000,26,31,2.000,2.500,2.000,1.420,1.660
2021092601,799,6.000,42,47,3.600,4.100,2.700,4.950,10.190
2021092601,908,6.000,56,61,5.000,5.500,4.600,6.020,14.480
2021092601,982,6.000,38,43,3.200,3.700,,3.290,6.130
2021092601,1092,6.000,45,50,3.900,4.400,2.400,3.730,4.540
2021092601,1112,7.000,61,66,5.400,5.900,3.500,3.350,10.490
2021092601,1205,6.000,28,33,2.200,2.700,,5.310,9.340
2021092601,1227,6.000,38,43,3.200,3.700,,3.600,7.440
2021092601,1255,6.000,48,52,4.200,4.600,,4.620,9.960
2021092601,1321,6.000,33,38,2.700,3.200,,3.370,6.140
2021092601,1354,6.000,46,51,4.000,4.500,3.000,3.320,9.340
2021092601,1467,6.000,48,53,4.200,4.700,,7.960,24.030
2021092601,1536,7.000,66,71,5.900,6.400,2.400,4.690,14.070
2021092601,1650,6.000,31,36,2.500,3.000,,2.090,2.530
2021092601,1695,6.000,31,36,2.500,3.000,,2.780,4.870
2021092601,1742,6.000,25,30,1.900,2.400,,2.360,3.140
2021092601,1783,6.000,28,33,2.200,2.700,,2.710,3.470
2021092601,1824,6.000,24,29,1.800,2.300,,2.650,3.050
2021092601,1930,6.000,29,34,2.300,2.800,,3.110,3.340
2021092601,2063,6.000,25,30,1.900,2.400,,1.450,1.640
2021092601,2085,6.000,28,33,2.200,2.700,2.200,2.110,2.750
2021092601,2107,6.000,58,63,5.200,5.700,2.600,2.590,6.580
2021092601,2172,6.000,34,39,2.800,3.300,,3.950,5.050
2021092601,2193,6.000,34,38,2.800,3.200,,3.020,4.430
2021092601,2275,6.000,65,70,5.900,6.400,2.500,2.930,9.550
2021092601,2294,6.000,51,56,4.500,5.000,3.300,4.890,12.200
2021092601,2382,6.000,51,56,4.500,5.000,4.100,8.230,29.600
2021092601,2404,6.000,67,72,6.100,6.600,2.700,8.220,27.780
2021092601,2507,6.000,54,59,4.800,5.300,2.800,3.580,10.640
2021092601,2568,7.000,43,48,3.600,4.100,3.200,4.440,9.220
2021092601,2612,6.000,25,30,1.900,2.400,,1.990,2.940
2021092601,2636,6.000,32,37,2.600,3.100,,2.670,4.390
2021092601,2726,6.000,77,82,7.100,7.600,7.100,6.880,29.120
2021092601,2787,6.000,40,45,3.400,3.900,2.900,5.010,10.450
2021092601,2810,6.000,31,36,2.500,3.000,2.400,2.470,4.480
2021092601,2889,6.000,27,32,2.100,2.600,2.100,4.380,5.250
2021092601,2924,6.000,52,56,4.600,5.000,,7.710,27.510
2021092601,3011,6.000,36,40,3.000,3.400,2.800,3.130,5.200
2021092601,3108,6.000,28,33,2.200,2.700,,1.850,2.590
2021092601,3130,6.000,35,40,2.900,3.400,,2.840,4.940
2021092601,3163,6.000,26,31,2.000,2.500,,1.680,2.340
2021092601,3206,7.000,27,32,2.000,2.500,,1.780,2.040
2021092601,3345,6.000,39,43,3.300,3.700,,5.200,11.690
2021092601,3469,6.000,27,32,2.100,2.600,,1.100,1.920
2021092601,3491,6.000,45,50,3.900,4.400,2.400,7.240,17.780
2021092601,3843,6.000,37,42,3.100,3.600,,2.040,3.810
2021092601,3887,6.000,35,40,2.900,3.400,,5.380,10.670
2021092601,3909,6.000,71,76,6.500,7.000,2.300,3.660,12.580
2021092602,55,8.000,51,54,4.300,4.600,,4.170,11.230
2021092602,79,8.000,42,44,3.400,3.600,,4.580,11.580
2021092602,140,6.000,25,30,1.900,2.400,,2.090,2.530
2021092602,183,6.000,30,35,2.400,2.900,,3.010,5.770
2021092602,224,6.000,25,30,1.900,2.400,,0.940,1.510
2021092602,386,6.000,38,43,3.200,3.700,2.500,3.670,9.800
2021092602,470,6.000,32,36,2.600,3.000,,2.280,3.310
2021092602,494,6.000,37,42,3.100,3.600,,3.850,6.510
2021092602,653,6.000,37,42,3.100,3.600,,5.960,16.030
2021092602,677,6.000,41,46,3.500,4.000,,3.110,5.520
2021092602,777,6.000,38,42,3.200,3.600,,1.010,2.290
2021092602,799,6.000,42,47,3.600,4.100,,6.270,9.820
2021092602,857,6.000,75,80,6.900,7.400,,7.810,26.410
2021092602,898,6.000,28,33,2.200,2.700,,1.810,2.250
2021092602,941,6.000,44,49,3.800,4.300,2.500,3.920,10.290
2021092602,981,6.000,51,56,4.500,5.000,,4.370,12.180
2021092602,1058,6.000,50,55,4.400,4.900,2.700,5.740,12.410
2021092602,1152,6.000,44,48,3.800,4.200,,3.860,6.610
2021092602,1174,7.000,37,42,3.000,3.500,,2.950,5.740
2021092602,1224,6.000,47,51,4.100,4.500,,2.470,4.820
2021092602,1246,6.000,44,49,3.800,4.300,,5.730,8.290
2021092602,1301,6.000,26,31,2.000,2.500,,2.640,3.080
2021092602,1351,6.000,29,34,2.300,2.800,,2.550,4.170
2021092602,1384,6.000,38,42,3.200,3.600,,4.180,8.200
2021092602,1427,6.000,43,48,3.700,4.200,2.700,5.470,13.770
2021092602,1596,6.000,47,52,4.100,4.600,,3.760,10.390
2021092602,1658,6.000,53,58,4.700,5.200,3.300,5.730,13.150
2021092602,1677,6.000,83,87,7.700,8.100,4.400,7.160,26.190
2021092602,1699,6.000,37,42,3.100,3.600,2.900,3.100,4.110
2021092602,1755,6.000,27,31,2.100,2.500,,1.990,2.300
2021092602,1800,6.000,26,31,2.000,2.500,,2.560,4.340
2021092602,1941,6.000,35,40,2.900,3.400,,2.130,3.570
2021092602,1975,6.000,72,76,6.600,7.000,2.900,7.460,24.190
2021092602,2004,6.000,50,55,4.400,4.900,4.300,6.060,10.400
2021092602,2030,6.000,37,42,3.100,3.600,,2.710,5.870
2021092602,2135,6.000,34,39,2.800,3.300,,2.850,6.080
2021092602,2164,6.000,43,48,3.700,4.200,,3.040,6.560
2021092602,2205,6.000,70,75,6.400,6.900,2.500,6.580,26.170
2021092602,2305,6.000,80,85,7.400,7.900,4.800,8.270,37.450
2021092602,2361,7.000,47,51,4.000,4.400,3.100,3.050,9.160
2021092602,2390,6.000,33,38,2.700,3.200,,2.770,4.090
2021092602,2433,6.000,42,46,3.600,4.000,2.600,2.370,5.770
2021092602,2501,6.000,33,38,2.700,3.200,2.700,2.720,4.900
2021092602,2525,6.000,25,30,1.900,2.400,,2.540,3.630
2021092602,2570,6.000,35,40,2.900,3.400,,3.700,8.360
2021092602,2615,6.000,35,40,2.900,3.400,2.700,3.320,5.100
2021092602,2639,6.000,32,37,2.600,3.100,,5.150,11.830
2021092602,2699,6.000,29,34,2.300,2.800,,2.760,4.100
2021092602,2805,6.000,36,41,3.000,3.500,,3.010,4.390
2021092602,2850,6.000,53,58,4.700,5.200,3.100,7.300,15.980
2021092602,2918,6.000,36,40,3.000,3.400,,5.060,8.400
2021092602,2942,6.000,33,37,2.700,3.100,,2.100,3.420
2021092602,2980,7.000,50,55,4.300,4.800,,6.760,19.290
2021092602,3009,6.000,86,90,8.000,8.400,3.000,8.180,36.070
2021092602,3112,6.000,32,37,2.600,3.100,,2.820,4.380
2021092602,3166,6.000,57,62,5.100,5.600,,4.820,18.040
2021092602,3192,6.000,29,34,2.300,2.800,2.100,3.020,4.370
2021092602,3343,6.000,25,30,1.900,2.400,,2.350,3.890
2021092602,3495,6.000,45,49,3.900,4.300,,3.480,7.070
2021092602,3561,6.000,48,53,4.200,4.700,2.300,3.210,9.500
2021092602,3580,7.000,51,56,4.400,4.900,,3.270,8.920
2021092602,3606,6.000,40,45,3.400,3.900,,5.030,15.150
2021092602,3651,6.000,33,38,2.700,3.200,2.700,2.800,5.360
2021092602,3926,6.000,52,57,4.600,5.100,3.300,4.630,12.310
2021092602,3945,6.000,33,37,2.700,3.100,2.600,2.570,4.660
2021092602,3967,6.000,94,99,8.800,9.300,2.700,7.950,38.320
2021092602,4003,6.000,57,62,5.100,5.600,,3.400,10.430
2021092602,4058,7.000,26,31,1.900,2.400,,1.360,2.180
2021092603,76,6.000,28,32,2.200,2.600,,2.520,2.790
2021092603,100,6.000,33,37,2.700,3.100,,2.890,4.770
2021092603,223,6.000,27,32,2.100,2.600,,2.130,2.990
2021092603,244,6.000,30,35,2.400,2.900,,2.210,3.010
2021092603,339,6.000,37,41,3.100,3.500,,3.490,5.440
2021092603,389,6.000,31,35,2.500,2.900,,2.500,3.310
2021092603,413,6.000,23,28,1.700,2.200,,1.470,2.170
2021092603,437,6.000,29,34,2.300,2.800,,1.560,2.550
2021092603,580,6.000,35,38,2.900,3.200,2.900,2.470,3.400
2021092603,602,6.000,31,34,2.500,2.800,,6.130,12.270
2021092603,647,6.000,43,47,3.700,4.100,3.300,3.620,6.940
2021092603,719,6.000,30,33,2.400,2.700,2.300,3.380,5.490
2021092603,781,7.000,35,40,2.800,3.300,2.600,2.610,4.810
2021092603,889,6.000,35,40,2.900,3.400,,6.190,12.180
2021092603,953,7.000,36,41,2.900,3.400,,3.550,7.040
2021092603,1029,7.000,35,39,2.800,3.200,2.400,2.840,3.800
2021092603,1055,6.000,47,52,4.100,4.600,1.900,9.090,23.180
2021092603,1111,6.000,67,72,6.100,6.600,,8.970,26.060
2021092603,1143,6.000,37,41,3.100,3.500,,3.050,4.830
2021092603,1167,6.000,36,41,3.000,3.500,,2.650,4.560
2021092603,1191,6.000,38,42,3.200,3.600,3.200,3.780,10.220
2021092603,1302,7.000,47,52,4.000,4.500,3.800,6.650,10.320
2021092603,1396,7.000,41,45,3.400,3.800,,2.120,4.800
2021092603,1600,6.000,36,40,3.000,3.400,2.900,4.990,9.740
2021092603,1735,6.000,32,36,2.600,3.000,2.400,2.790,3.070
2021092603,1759,6.000,39,43,3.300,3.700,3.200,2.550,5.610
2021092603,1800,6.000,28,33,2.200,2.700,,2.140,2.900
2021092603,1824,6.000,36,41,3.000,3.500,2.900,2.530,4.110
2021092603,1875,6.000,36,41,3.000,3.500,,5.030,6.770
2021092603,1934,7.000,43,48,3.600,4.100,,5.110,10.720
2021092603,2046,7.000,24,28,1.700,2.100,,1.360,1.680
2021092603,2147,6.000,38,42,3.200,3.600,,3.090,5.840
2021092603,2221,6.000,27,30,2.100,2.400,,3.000,3.930
2021092603,2262,6.000,51,56,4.500,5.000,3.600,7.610,26.970
2021092603,2283,6.000,37,42,3.100,3.600,,2.050,4.820
2021092603,2307,6.000,44,49,3.800,4.300,,5.260,14.870
2021092603,2410,6.000,27,32,2.100,2.600,,2.650,3.570
2021092603,2432,6.000,60,65,5.400,5.900,,4.370,15.530
2021092603,2456,6.000,36,41,3.000,3.500,,3.810,5.840
2021092603,2478,6.000,27,31,2.100,2.500,,3.010,4.530
2021092603,2506,6.000,39,44,3.300,3.800,,4.470,8.340
2021092603,2845,6.000,34,39,2.800,3.300,,2.760,3.560
2021092603,3069,6.000,34,38,2.800,3.200,,3.400,5.280
2021092603,3104,6.000,65,70,5.900,6.400,,7.470,22.580
2021092603,3164,6.000,41,46,3.500,4.000,,2.280,5.550
2021092603,3209,6.000,36,41,3.000,3.500,2.500,3.200,6.020
2021092603,3233,6.000,40,44,3.400,3.800,3.400,3.300,6.580
2021092603,3327,6.000,25,29,1.900,2.300,,2.320,3.330
2021092603,3457,6.000,32,36,2.600,3.000,,2.700,3.890
2021092603,3481,6.000,43,48,3.700,4.200,2.400,3.830,8.140
2021092603,3500,4.000,59,63,5.500,5.900,3.700,6.790,18.740
2021092603,3582,6.000,29,34,2.300,2.800,,2.830,3.940
2021092603,3606,6.000,39,43,3.300,3.700,,2.520,5.100
2021092603,3732,6.000,53,57,4.700,5.100,4.500,2.550,5.580
2021092603,3929,7.000,38,43,3.100,3.600,,2.850,4.750
2021092603,3997,6.000,24,28,1.800,2.200,,2.400,2.790
2021092603,4045,26.000,55,59,2.900,3.300,,2.950,5.330
2021092603,4070,2.000,24,28,2.200,2.600,,3.730,6.690
2021092603,4116,6.000,63,68,5.700,6.200,2.900,6.380,22.000
2021092603,4138,7.000,54,57,4.700,5.000,4.200,4.690,11.880
2021092603,4162,6.000,40,45,3.400,3.900,2.900,3.160,5.560
2021092603,4186,6.000,37,42,3.100,3.600,2.300,3.810,6.930
2021092604,100,6.000,26,31,2.000,2.500,,2.450,3.270
2021092604,210,6.000,42,46,3.600,4.000,3.500,4.780,10.100
2021092604,232,6.000,57,62,5.100,5.600,,7.670,22.350
2021092604,304,6.000,41,46,3.500,4.000,,7.660,16.610
2021092604,330,7.000,26,31,1.900,2.400,,2.500,2.860
2021092604,399,6.000,48,53,4.200,4.700,3.000,6.060,13.160
2021092604,425,6.000,26,31,2.000,2.500,,5.000,9.360
2021092604,492,100.000,119,124,1.900,2.400,,2.410,3.470
2021092604,521,6.000,36,41,3.000,3.500,,2.210,3.510
2021092604,564,6.000,40,45,3.400,3.900,2.600,6.480,10.160
2021092604,614,7.000,50,55,4.300,4.800,3.900,3.820,8.360
2021092604,673,7.000,49,54,4.200,4.700,3.900,5.230,15.000
2021092604,737,7.000,31,36,2.400,2.900,,2.100,3.180
2021092604,788,6.000,42,47,3.600,4.100,0.400,4.400,7.960
2021092604,854,7.000,36,41,2.900,3.400,,2.880,5.440
2021092604,876,6.000,25,30,1.900,2.400,,1.410,2.040
2021092604,940,6.000,47,52,4.100,4.600,,6.720,23.860
2021092604,985,4.000,30,35,2.600,3.100,2.600,2.670,6.130
2021092604,1125,6.000,26,31,2.000,2.500,,2.280,2.540
2021092604,1236,6.000,26,31,2.000,2.500,,1.830,2.140
2021092604,1260,6.000,37,41,3.100,3.500,0.000,4.320,8.020
2021092604,1305,6.000,32,36,2.600,3.000,,2.510,3.660
2021092604,1330,6.000,22,27,1.600,2.100,,2.390,3.140
2021092604,1411,6.000,50,55,4.400,4.900,2.900,3.520,9.670
2021092604,1460,6.000,40,45,3.400,3.900,2.700,4.370,9.430
2021092604,1484,6.000,36,41,3.000,3.500,,4.630,8.120
2021092604,1529,6.000,25,30,1.900,2.400,,2.050,2.290
2021092604,1553,6.000,87,92,8.100,8.600,5.000,7.130,25.370
2021092604,1575,6.000,30,34,2.400,2.800,2.400,4.480,8.200
2021092604,1629,6.000,33,38,2.700,3.200,,1.950,3.220
2021092604,1653,6.000,44,49,3.800,4.300,,5.340,10.470
2021092604,1675,7.000,38,43,3.100,3.600,,3.260,6.760
2021092604,1716,7.000,36,40,2.900,3.300,,2.880,5.460
2021092604,1740,7.000,40,45,3.300,3.800,2.700,2.570,6.180
2021092604,1762,6.000,26,31,2.000,2.500,,2.750,3.240
2021092604,1847,6.000,49,53,4.300,4.700,4.000,6.590,16.600
2021092604,1869,6.000,46,51,4.000,4.500,3.800,2.920,7.260
2021092604,2045,6.000,37,41,3.100,3.500,,4.190,7.600
2021092604,2090,6.000,36,40,3.000,3.400,2.900,2.430,3.480
2021092604,2133,7.000,31,36,2.400,2.900,,2.970,4.260
2021092604,2157,7.000,35,39,2.800,3.200,2.800,2.250,3.480
2021092604,2206,6.000,31,36,2.500,3.000,,4.060,5.910
2021092604,2284,7.000,57,62,5.000,5.500,2.200,7.370,23.440
2021092604,2409,6.000,71,76,6.500,7.000,4.500,4.820,18.690
2021092604,2428,7.000,77,82,7.000,7.500,6.900,8.090,33.890
2021092604,2496,6.000,30,34,2.400,2.800,,2.520,3.360
2021092604,2564,6.000,50,54,4.400,4.800,2.800,3.390,10.830
2021092604,2625,6.000,66,71,6.000,6.500,,8.520,25.850
2021092604,2657,6.000,49,54,4.300,4.800,,7.070,16.560
2021092604,2702,7.000,33,38,2.600,3.100,2.400,1.960,3.630
2021092604,2857,6.000,35,40,2.900,3.400,0.000,5.430,8.190
2021092604,2881,6.000,31,36,2.500,3.000,2.500,2.500,3.630
2021092604,2914,7.000,24,29,1.700,2.200,,1.820,2.270
2021092604,2959,6.000,32,36,2.600,3.000,,2.580,3.800
2021092604,2983,7.000,22,27,1.500,2.000,,1.730,1.890
2021092604,3026,8.000,36,40,2.800,3.200,2.500,2.530,4.690
2021092604,3071,6.000,29,34,2.300,2.800,2.300,2.040,2.850
2021092604,3134,6.000,37,42,3.100,3.600,,6.030,15.100
2021092604,3206,7.000,29,33,2.200,2.600,,3.200,4.990
2021092604,3344,7.000,32,37,2.500,3.000,,6.240,12.630
2021092604,3368,6.000,66,71,6.000,6.500,,8.590,30.200
2021092604,3588,6.000,24,29,1.800,2.300,,1.480,1.880
2021092604,3610,7.000,46,51,3.900,4.400,2.400,6.840,14.940
2021092604,3642,6.000,26,30,2.000,2.400,1.700,3.290,4.330
2021092604,3697,6.000,36,41,3.000,3.500,0.100,7.390,18.380
2021092604,3733,6.000,46,51,4.000,4.500,3.900,5.180,12.700
2021092604,3755,7.000,55,60,4.800,5.300,2.800,5.270,14.800
2021092604,3849,7.000,35,40,2.800,3.300,2.700,2.900,5.200
2021092604,3871,6.000,71,76,6.500,7.000,,6.860,23.130
2021092604,3897,6.000,27,31,2.100,2.500,,2.210,2.730
2021092604,3940,7.000,27,31,2.000,2.400,,2.180,2.740
2021092604,3981,6.000,23,28,1.700,2.200,,2.030,2.830
2021092604,4022,6.000,23,28,1.700,2.200,,1.730,1.930
2021092604,4044,6.000,24,29,1.800,2.300,1.800,2.100,2.810
2021092604,4112,6.000,33,37,2.700,3.100,,3.010,5.530
2021092604,4145,6.000,25,30,1.900,2.400,,2.420,4.250
2021092604,4231,7.000,48,53,4.100,4.600,3.800,3.370,9.330
2021092604,4253,6.000,62,67,5.600,6.100,3.700,7.970,20.850
2021092604,4285,6.000,35,39,2.900,3.300,2.700,3.980,7.040
2021092604,4307,6.000,36,40,3.000,3.400,2.700,3.200,5.350
2021092604,4355,11.000,68,72,5.700,6.100,4.200,4.390,19.060
2021092605,100,7.000,34,37,2.700,3.000,,2.910,4.050
2021092605,180,7.000,32,36,2.500,2.900,,3.300,4.080
2021092605,202,7.000,32,36,2.500,2.900,,4.060,8.740
2021092605,342,9.000,44,47,3.500,3.800,,3.140,6.520
2021092605,366,8.000,49,53,4.100,4.500,,4.660,11.460
2021092605,436,6.000,26,31,2.000,2.500,,1.660,2.070
2021092605,481,7.000,30,34,2.300,2.700,,3.350,4.510
2021092605,537,7.000,44,49,3.700,4.200,2.700,4.930,9.370
2021092605,580,7.000,46,50,3.900,4.300,,3.600,6.660
2021092605,668,7.000,38,42,3.100,3.500,3.100,3.940,6.700
2021092605,718,8.000,43,47,3.500,3.900,3.500,4.970,12.260
2021092605,771,7.000,45,49,3.800,4.200,3.600,3.250,5.630
2021092605,795,7.000,54,58,4.700,5.100,,4.940,13.150
2021092605,940,7.000,29,32,2.200,2.500,,2.720,2.710
2021092605,964,7.000,43,46,3.600,3.900,2.200,3.310,5.460
2021092605,1026,7.000,48,52,4.100,4.500,,4.340,11.050
2021092605,1069,7.000,53,58,4.600,5.100,3.100,3.790,10.760
2021092605,1192,8.000,34,38,2.600,3.000,2.200,4.470,5.890
2021092605,1220,6.000,39,43,3.300,3.700,3.100,2.890,4.510
2021092605,1244,6.000,31,35,2.500,2.900,,3.110,3.510
2021092605,1273,6.000,45,48,3.900,4.200,2.600,5.560,14.790
2021092605,1307,8.000,31,34,2.300,2.600,,2.120,2.530
2021092605,1329,8.000,48,52,4.000,4.400,3.800,3.530,8.270
2021092605,1443,7.000,31,36,2.400,2.900,,2.210,2.650
2021092605,1493,8.000,45,50,3.700,4.200,2.500,4.590,11.670
2021092605,1580,7.000,47,51,4.000,4.400,,3.960,7.410
2021092605,1604,7.000,45,48,3.800,4.100,3.700,4.880,10.320
2021092605,1626,7.000,35,39,2.800,3.200,2.700,5.210,11.640
2021092605,1648,7.000,36,41,2.900,3.400,2.500,2.400,4.960
2021092605,1784,7.000,41,46,3.400,3.900,3.000,3.030,6.750
2021092605,1820,7.000,47,50,4.000,4.300,2.200,2.940,6.350
2021092605,1887,6.000,24,27,1.800,2.100,,1.970,2.020
2021092605,1940,7.000,37,42,3.000,3.500,2.400,5.520,7.640
2021092605,1978,7.000,23,27,1.600,2.000,,2.290,3.110
2021092605,2164,6.000,31,35,2.500,2.900,,4.340,6.040
2021092605,2243,7.000,27,31,2.000,2.400,,4.120,4.310
2021092605,2381,7.000,90,95,8.300,8.800,3.000,6.020,35.190
2021092605,2414,7.000,36,40,2.900,3.300,,3.340,5.160
2021092605,2526,7.000,34,38,2.700,3.100,2.700,2.790,4.380
2021092605,2550,8.000,26,30,1.800,2.200,,2.080,2.080
2021092605,2574,8.000,44,48,3.600,4.000,,3.970,6.970
2021092605,2619,7.000,33,36,2.600,2.900,,2.730,3.500
2021092605,2668,8.000,38,41,3.000,3.300,,4.440,9.570
2021092605,2690,8.000,33,37,2.500,2.900,,2.980,4.260
2021092605,2735,6.000,26,29,2.000,2.300,,2.650,3.100
2021092605,2759,8.000,33,37,2.500,2.900,,2.800,3.290
2021092605,2783,8.000,29,32,2.100,2.400,,2.990,3.880
2021092605,2849,8.000,34,37,2.600,2.900,,3.380,4.780
2021092605,2915,8.000,74,79,6.600,7.100,4.100,4.720,19.100
2021092605,2957,7.000,52,57,4.500,5.000,3.400,2.380,6.280
2021092605,3023,7.000,46,50,3.900,4.300,,3.400,6.530
2021092605,3045,7.000,35,39,2.800,3.200,,3.050,5.420
2021092605,3069,8.000,36,40,2.800,3.200,,2.810,5.310
2021092605,3093,7.000,60,65,5.300,5.800,4.300,4.960,14.340
2021092605,3112,7.000,43,48,3.600,4.100,,6.400,13.290
2021092605,3197,9.000,59,64,5.000,5.500,3.700,5.730,14.840
2021092605,3241,8.000,37,40,2.900,3.200,,3.560,6.170
2021092605,3263,7.000,38,42,3.100,3.500,2.800,3.130,5.690
2021092605,3296,8.000,47,52,3.900,4.400,3.100,5.690,13.700
2021092605,3317,7.000,22,26,1.500,1.900,0.500,3.960,5.450
2021092605,3373,8.000,64,68,5.600,6.000,,4.000,12.970
2021092605,3435,7.000,40,43,3.300,3.600,,3.620,6.870
2021092605,3506,8.000,33,37,2.500,2.900,,2.610,3.860
2021092605,3684,8.000,20,25,1.200,1.700,,2.780,2.260
2021092605,3769,7.000,47,52,4.000,4.500,3.300,3.780,10.620
2021092605,3815,6.000,23,27,1.700,2.100,,2.000,2.380
2021092605,3856,7.000,37,41,3.000,3.400,,3.000,4.910
2021092605,3878,8.000,26,30,1.800,2.200,,2.350,2.720
2021092605,3907,7.000,44,48,3.700,4.100,3.600,2.390,3.070
2021092605,3974,7.000,48,51,4.100,4.400,,3.810,7.260
2021092605,4020,3.000,39,42,3.600,3.900,,2.900,5.400
2021092605,4061,8.000,37,40,2.900,3.200,,3.050,6.150
2021092605,4090,7.000,50,54,4.300,4.700,,5.860,14.450
2021092605,4112,8.000,45,49,3.700,4.100,3.600,3.180,9.050
2021092605,4140,7.000,46,49,3.900,4.200,2.600,3.460,8.580
2021092605,4162,7.000,37,41,3.000,3.400,,3.160,5.880
2021092605,1911,,18,21,,,,3.090,3.530
2021092606,76,6.000,42,47,3.600,4.100,,4.610,9.570
2021092606,105,6.000,32,36,2.600,3.000,,2.840,3.870
2021092606,159,6.000,42,47,3.600,4.100,,4.610,8.650
2021092606,232,6.000,41,46,3.500,4.000,,3.750,7.090
2021092606,293,6.000,35,40,2.900,3.400,2.600,4.810,4.780
2021092606,319,6.000,29,34,2.300,2.800,,1.870,2.250
2021092606,343,7.000,34,39,2.700,3.200,,2.840,4.460
2021092606,414,6.000,22,27,1.600,2.100,,6.330,8.100
2021092606,462,6.000,33,38,2.700,3.200,2.200,4.190,6.760
2021092606,481,6.000,52,57,4.600,5.100,2.700,6.660,19.530
2021092606,551,6.000,32,37,2.600,3.100,,3.790,5.910
2021092606,617,6.000,35,39,2.900,3.300,,2.750,4.290
2021092606,677,6.000,41,46,3.500,4.000,3.400,4.820,9.110
2021092606,727,7.000,30,34,2.300,2.700,,2.310,3.370
2021092606,751,7.000,30,34,2.300,2.700,,2.980,3.930
2021092606,814,6.000,36,41,3.000,3.500,,1.310,1.890
2021092606,836,6.000,55,60,4.900,5.400,4.600,6.970,18.520
2021092606,860,6.000,35,40,2.900,3.400,,3.080,4.800
2021092606,903,6.000,52,57,4.600,5.100,,7.340,26.290
2021092606,1017,6.000,28,33,2.200,2.700,2.200,2.870,4.120
2021092606,1041,6.000,42,47,3.600,4.100,,4.810,11.300
2021092606,1086,6.000,35,40,2.900,3.400,,2.280,4.240
2021092606,1108,6.000,38,42,3.200,3.600,3.100,3.210,8.140
2021092606,1271,6.000,37,42,3.100,3.600,,2.390,3.960
2021092606,1339,6.000,24,29,1.800,2.300,,1.630,1.770
2021092606,1405,6.000,37,42,3.100,3.600,,4.510,7.810
2021092606,1427,6.000,33,38,2.700,3.200,,2.670,3.630
2021092606,1488,6.000,34,38,2.800,3.200,,2.450,3.160
2021092606,1512,6.000,29,34,2.300,2.800,,1.670,1.970
2021092606,1536,6.000,62,67,5.600,6.100,,6.200,18.950
2021092606,1653,6.000,36,40,3.000,3.400,,3.650,6.240
2021092606,1696,6.000,36,40,3.000,3.400,,2.330,3.680
2021092606,1736,6.000,36,41,3.000,3.500,,3.070,5.170
2021092606,1838,6.000,26,30,2.000,2.400,,2.460,2.910
2021092606,1867,6.000,33,38,2.700,3.200,,3.680,6.010
2021092606,1902,6.000,36,40,3.000,3.400,,4.320,8.890
2021092606,1931,6.000,29,34,2.300,2.800,,3.640,5.710
2021092606,1987,6.000,37,42,3.100,3.600,3.100,2.350,4.980
2021092606,2043,6.000,34,39,2.800,3.300,,2.200,3.450
2021092606,2067,6.000,30,35,2.400,2.900,2.400,2.380,3.520
2021092606,2115,6.000,46,51,4.000,4.500,3.600,2.540,6.110
2021092606,2137,6.000,42,47,3.600,4.100,2.600,1.600,4.450
2021092606,2161,6.000,34,38,2.800,3.200,2.700,2.720,3.860
2021092606,2314,6.000,34,39,2.800,3.300,2.200,2.580,5.000
2021092606,2338,6.000,34,39,2.800,3.300,2.800,2.470,3.890
2021092606,2388,6.000,69,73,6.300,6.700,2.400,7.370,29.900
2021092606,2423,6.000,37,42,3.100,3.600,3.100,4.780,6.920
2021092606,2469,6.000,55,60,4.900,5.400,4.000,4.310,11.580
2021092606,2488,6.000,34,38,2.800,3.200,,2.130,2.910
2021092606,2522,6.000,31,35,2.500,2.900,,2.430,3.550
2021092606,2622,6.000,28,32,2.200,2.600,,2.320,2.960
2021092606,2688,6.000,30,34,2.400,2.800,,2.130,3.080
2021092606,2734,173.000,199,203,2.600,3.000,,2.670,9.010
2021092606,2875,6.000,48,53,4.200,4.700,,6.360,21.020
2021092606,2899,7.000,35,40,2.800,3.300,2.600,4.290,8.980
2021092606,2946,6.000,32,37,2.600,3.100,,4.610,4.520
2021092606,3036,6.000,27,32,2.100,2.600,,1.780,2.190
2021092606,3121,6.000,31,36,2.500,3.000,,2.560,3.730
2021092606,3162,6.000,39,44,3.300,3.800,,4.370,8.780
2021092606,3298,6.000,39,44,3.300,3.800,3.300,4.690,9.730
2021092606,3339,6.000,30,35,2.400,2.900,,2.540,3.490
2021092606,3384,6.000,29,34,2.300,2.800,,4.650,7.790
2021092606,3439,7.000,56,61,4.900,5.400,,4.910,13.010
2021092606,3468,6.000,30,34,2.400,2.800,,2.210,3.230
2021092606,3492,6.000,41,46,3.500,4.000,3.300,3.800,5.310
2021092606,3511,6.000,26,31,2.000,2.500,,1.320,1.950
2021092606,3564,6.000,39,44,3.300,3.800,3.300,2.500,4.830
2021092606,3588,7.000,32,36,2.500,2.900,,2.890,5.950
2021092606,3610,6.000,39,44,3.300,3.800,,4.690,12.070
2021092606,3664,7.000,26,31,1.900,2.400,,2.450,4.170
2021092606,3720,6.000,27,32,2.100,2.600,2.100,2.570,3.950
2021092606,3770,7.000,33,38,2.600,3.100,,2.340,3.300
2021092606,3815,6.000,26,31,2.000,2.500,,1.620,2.320
2021092606,3848,6.000,31,36,2.500,3.000,,2.790,3.450
2021092606,3870,6.000,35,40,2.900,3.400,2.700,2.440,5.330
2021092606,4022,6.000,34,39,2.800,3.300,,2.800,3.560
2021092607,132,7.000,29,33,2.200,2.600,,2.430,3.280
2021092607,204,6.000,38,43,3.200,3.700,3.000,1.810,4.090
2021092607,247,7.000,46,51,3.900,4.400,2.200,4.410,10.590
2021092607,390,7.000,22,26,1.500,1.900,,1.460,1.970
2021092607,533,7.000,34,39,2.700,3.200,,2.370,3.810
2021092607,580,7.000,36,41,2.900,3.400,,3.880,7.050
2021092607,629,6.000,38,43,3.200,3.700,2.300,2.990,5.730
2021092607,697,6.000,31,35,2.500,2.900,,2.490,3.170
2021092607,765,7.000,32,36,2.500,2.900,,2.210,3.800
2021092607,789,6.000,31,36,2.500,3.000,,1.760,2.370
2021092607,845,6.000,65,70,5.900,6.400,3.500,5.460,14.850
2021092607,891,7.000,31,36,2.400,2.900,2.400,2.770,4.040
2021092607,962,6.000,35,39,2.900,3.300,2.900,1.950,2.770
2021092607,1099,6.000,29,34,2.300,2.800,,1.810,3.720
2021092607,1123,7.000,21,26,1.400,1.900,,2.410,3.170
2021092607,1227,6.000,38,43,3.200,3.700,,5.600,8.340
2021092607,1288,6.000,24,29,1.800,2.300,,2.640,4.360
2021092607,1312,6.000,29,34,2.300,2.800,,2.650,3.490
2021092607,1336,6.000,99,104,9.300,9.800,4.100,5.210,27.100
2021092607,1355,6.000,31,36,2.500,3.000,2.500,2.360,3.830
2021092607,1477,6.000,43,48,3.700,4.200,2.900,2.460,5.160
2021092607,1501,6.000,33,38,2.700,3.200,,2.960,5.770
2021092607,1587,6.000,28,33,2.200,2.700,,2.940,5.900
2021092607,1684,6.000,33,38,2.700,3.200,,2.110,2.720
2021092607,1708,6.000,32,37,2.600,3.100,2.500,2.530,3.620
2021092607,1752,6.000,25,30,1.900,2.400,,1.850,2.070
2021092607,1793,6.000,31,36,2.500,3.000,,2.350,3.130
2021092607,1849,6.000,26,31,2.000,2.500,,2.150,3.070
2021092607,1871,6.000,72,77,6.600,7.100,2.500,4.510,14.050
2021092607,1954,6.000,49,53,4.300,4.700,2.900,3.460,9.090
2021092607,2072,6.000,29,34,2.300,2.800,,1.550,1.720
2021092607,2151,6.000,24,29,1.800,2.300,,1.420,2.290
2021092607,2218,6.000,32,37,2.600,3.100,,2.780,3.700
2021092607,2301,7.000,28,32,2.100,2.500,,2.150,2.890
2021092607,2325,6.000,30,34,2.400,2.800,,2.360,3.280
2021092607,2381,7.000,25,30,1.800,2.300,,1.740,2.360
2021092607,2427,6.000,41,46,3.500,4.000,,5.530,10.720
2021092607,2506,6.000,46,51,4.000,4.500,,1.950,5.820
2021092607,2569,6.000,32,37,2.600,3.100,,2.530,3.690
2021092607,2614,6.000,32,37,2.600,3.100,2.500,3.400,5.440
2021092607,2683,7.000,33,37,2.600,3.000,,2.350,4.160
2021092607,2705,6.000,33,37,2.700,3.100,2.700,2.800,3.950
2021092607,2797,6.000,26,31,2.000,2.500,,1.950,2.440
2021092607,2878,7.000,35,40,2.800,3.300,,2.650,4.260
2021092607,2923,6.000,29,34,2.300,2.800,,2.430,3.000
2021092607,3011,7.000,30,35,2.300,2.800,,2.800,5.210
2021092607,3040,6.000,28,33,2.200,2.700,,2.470,3.560
2021092607,3070,6.000,36,41,3.000,3.500,,2.370,3.620
2021092607,3094,6.000,21,26,1.500,2.000,,1.760,2.220
2021092607,3118,7.000,30,35,2.300,2.800,,2.630,3.450
2021092607,3142,7.000,29,34,2.200,2.700,,1.770,2.710
2021092607,3182,6.000,30,34,2.400,2.800,,4.040,6.080
2021092607,3215,6.000,29,33,2.300,2.700,,2.390,3.080
2021092607,3237,6.000,26,31,2.000,2.500,,2.070,2.480
2021092607,3261,6.000,17,22,1.100,1.600,,0.770,0.750
2021092607,3320,6.000,61,66,5.500,6.000,2.800,4.020,13.160
2021092607,3362,6.000,22,26,1.600,2.000,,1.700,2.020
2021092607,3386,6.000,21,26,1.500,2.000,,1.540,2.020
2021092607,3457,7.000,27,32,2.000,2.500,,1.900,2.270
2021092607,3523,7.000,24,29,1.700,2.200,,1.720,1.920
2021092607,3566,7.000,28,33,2.100,2.600,2.000,1.880,3.050
2021092607,3588,7.000,30,35,2.300,2.800,2.200,2.350,3.310
2021092607,3610,6.000,35,40,2.900,3.400,,2.310,4.350
2021092607,3634,6.000,29,34,2.300,2.800,2.300,2.460,3.690
2021092607,3663,6.000,34,39,2.800,3.300,,2.750,4.060
2021092607,3687,6.000,42,47,3.600,4.100,,2.400,5.340
2021092607,3711,7.000,35,39,2.800,3.200,,2.460,3.730
2021092607,3738,7.000,23,28,1.600,2.100,,2.290,2.150
2021092607,3768,6.000,51,56,4.500,5.000,2.900,2.580,6.710
2021092607,3804,6.000,33,38,2.700,3.200,2.400,2.370,3.740
2021092607,3828,6.000,37,42,3.100,3.600,2.400,2.640,3.870
2021092607,3867,7.000,24,29,1.700,2.200,,2.410,3.660
2021092607,4054,13.000,29,34,1.600,2.100,,3.260,5.230
2021092607,4078,12.000,30,35,1.800,2.300,,2.410,3.400
2021092607,4100,12.000,18,23,0.600,1.100,,1.020,1.050
2021092607,4122,13.000,37,42,2.400,2.900,2.200,1.980,3.250
2021092608,98,6.000,30,35,2.400,2.900,1.900,3.020,5.390
2021092608,178,6.000,36,41,3.000,3.500,2.100,3.020,7.480
2021092608,267,6.000,39,44,3.300,3.800,2.400,6.300,9.450
2021092608,288,6.000,33,38,2.700,3.200,,2.120,2.990
2021092608,333,6.000,32,36,2.600,3.000,,2.090,3.240
2021092608,355,6.000,35,40,2.900,3.400,,2.910,5.610
2021092608,426,7.000,41,46,3.400,3.900,,5.200,8.760
2021092608,448,6.000,30,35,2.400,2.900,,2.600,3.850
2021092608,532,6.000,42,47,3.600,4.100,2.600,2.020,4.460
2021092608,565,6.000,32,36,2.600,3.000,2.600,1.560,2.730
2021092608,589,7.000,41,45,3.400,3.800,3.200,2.820,4.830
2021092608,657,6.000,25,30,1.900,2.400,,1.480,1.850
2021092608,702,6.000,27,31,2.100,2.500,,1.430,2.020
2021092608,724,7.000,41,46,3.400,3.900,,6.390,17.520
2021092608,748,6.000,39,44,3.300,3.800,2.900,2.880,5.640
2021092608,823,6.000,47,51,4.100,4.500,4.100,2.300,4.500
2021092608,929,7.000,25,30,1.800,2.300,,0.810,1.460
2021092608,1144,6.000,32,36,2.600,3.000,,1.760,2.900
2021092608,1236,6.000,25,30,1.900,2.400,,1.160,2.080
2021092608,1281,6.000,29,34,2.300,2.800,,1.640,2.240
2021092608,1365,6.000,42,47,3.600,4.100,2.800,2.690,6.040
2021092608,1572,7.000,32,36,2.500,2.900,,2.200,3.300
2021092608,1632,6.000,26,31,2.000,2.500,,1.170,1.780
2021092608,1658,6.000,50,55,4.400,4.900,3.100,2.830,6.760
2021092608,1694,6.000,63,67,5.700,6.100,,4.150,12.820
2021092608,1727,6.000,39,43,3.300,3.700,2.700,2.560,5.140
2021092608,1857,6.000,27,30,2.100,2.400,,1.640,2.930
2021092608,1881,7.000,27,31,2.000,2.400,,1.750,2.440
2021092608,1998,7.000,36,41,2.900,3.400,,2.410,3.970
2021092608,2043,6.000,31,35,2.500,2.900,,4.400,7.540
2021092608,2135,7.000,31,35,2.400,2.800,,2.710,4.840
2021092608,2180,7.000,34,38,2.700,3.100,,1.430,2.780
2021092608,2202,7.000,30,34,2.300,2.700,,4.080,7.420
2021092608,2224,6.000,35,39,2.900,3.300,,2.850,4.290
2021092608,2332,6.000,40,45,3.400,3.900,2.300,2.600,5.500
2021092608,2411,6.000,54,59,4.800,5.300,,8.350,29.620
2021092608,2432,6.000,36,40,3.000,3.400,,3.940,6.310
2021092608,2456,6.000,28,33,2.200,2.700,,3.260,4.640
2021092608,2538,7.000,31,36,2.400,2.900,2.400,2.660,3.570
2021092608,2622,7.000,48,53,4.100,4.600,2.500,4.230,10.710
2021092608,2790,6.000,34,38,2.800,3.200,2.500,6.100,13.690
2021092608,2814,6.000,29,33,2.300,2.700,,1.590,2.580
2021092608,2868,6.000,53,57,4.700,5.100,2.900,4.600,9.980
2021092608,2892,6.000,37,41,3.100,3.500,,2.330,3.540
2021092608,2914,6.000,47,50,4.100,4.400,3.900,4.200,9.520
2021092608,2936,6.000,28,33,2.200,2.700,,1.810,2.630
2021092608,2977,6.000,33,37,2.700,3.100,,2.740,6.180
2021092608,3024,6.000,32,36,2.600,3.000,2.200,2.230,4.060
2021092608,3150,7.000,22,26,1.500,1.900,,1.610,2.040
2021092608,3174,6.000,34,38,2.800,3.200,,4.570,7.320
2021092608,3240,7.000,43,47,3.600,4.000,,2.390,6.720
2021092608,3361,6.000,40,44,3.400,3.800,,4.300,12.160
2021092608,3482,2.000,31,34,2.900,3.200,2.900,2.560,3.960
2021092608,3504,7.000,64,69,5.700,6.200,2.600,3.110,9.200
2021092608,3534,6.000,31,36,2.500,3.000,2.500,2.760,5.110
2021092608,3563,6.000,45,50,3.900,4.400,2.400,2.460,5.740
2021092608,3604,6.000,24,29,1.800,2.300,,1.500,1.980
2021092608,3628,7.000,38,42,3.100,3.500,2.600,2.270,4.540
2021092608,3652,6.000,44,49,3.800,4.300,2.700,4.310,6.740
2021092608,3691,7.000,33,37,2.600,3.000,2.500,2.790,4.820
2021092609,54,6.000,23,28,1.700,2.200,,1.430,2.250
2021092609,107,6.000,38,43,3.200,3.700,,4.890,8.710
2021092609,150,6.000,43,48,3.700,4.200,2.100,2.530,6.070
2021092609,199,6.000,34,39,2.800,3.300,,3.050,4.380
2021092609,265,6.000,33,38,2.700,3.200,,3.050,4.230
2021092609,327,6.000,37,42,3.100,3.600,3.000,4.790,5.710
2021092609,409,6.000,32,37,2.600,3.100,,1.820,2.790
2021092609,452,6.000,40,44,3.400,3.800,3.300,3.400,7.920
2021092609,497,6.000,60,65,5.400,5.900,3.000,7.120,32.250
2021092609,653,6.000,38,43,3.200,3.700,,2.340,3.670
2021092609,675,7.000,52,57,4.500,5.000,3.100,4.940,11.560
2021092609,712,6.000,46,51,4.000,4.500,4.000,2.560,6.750
2021092609,757,6.000,32,36,2.600,3.000,,4.960,11.350
2021092609,779,6.000,23,28,1.700,2.200,,1.740,2.370
2021092609,833,6.000,34,39,2.800,3.300,2.800,3.270,5.980
2021092609,910,6.000,35,40,2.900,3.400,,2.690,4.000
2021092609,934,7.000,35,40,2.800,3.300,,1.140,1.790
2021092609,958,6.000,26,31,2.000,2.500,,1.620,1.590
2021092609,1003,6.000,26,31,2.000,2.500,,1.850,2.230
2021092609,1051,6.000,38,43,3.200,3.700,2.900,3.200,5.380
2021092609,1073,6.000,36,41,3.000,3.500,,3.220,4.950
2021092609,1142,6.000,75,79,6.900,7.300,3.200,7.890,28.810
2021092609,1277,6.000,36,41,3.000,3.500,,4.350,9.980
2021092609,1319,6.000,56,61,5.000,5.500,2.800,4.960,17.840
2021092609,1360,7.000,54,59,4.700,5.200,3.000,3.420,11.280
2021092609,1413,6.000,39,43,3.300,3.700,,2.870,5.230
2021092609,1460,6.000,47,52,4.100,4.600,2.600,7.660,18.010
2021092609,1519,6.000,29,34,2.300,2.800,,1.710,2.470
2021092609,1543,6.000,28,33,2.200,2.700,,1.630,1.960
2021092609,1649,6.000,30,35,2.400,2.900,,2.320,3.560
2021092609,1770,6.000,31,36,2.500,3.000,,2.550,3.950
2021092609,1799,6.000,62,67,5.600,6.100,3.200,3.240,10.920
2021092609,1835,6.000,35,40,2.900,3.400,2.800,2.880,5.180
2021092609,1912,6.000,32,37,2.600,3.100,,3.660,5.000
2021092609,1988,6.000,33,37,2.700,3.100,2.700,3.030,4.680
2021092609,2122,6.000,42,47,3.600,4.100,,2.900,7.410
2021092609,2191,6.000,46,51,4.000,4.500,2.500,2.960,6.670
2021092609,2328,6.000,34,39,2.800,3.300,,2.760,4.050
2021092609,2352,6.000,35,40,2.900,3.400,2.800,3.090,4.200
2021092609,2452,6.000,34,39,2.800,3.300,,2.160,3.360
2021092609,2476,6.000,49,54,4.300,4.800,3.800,6.410,11.880
2021092609,2549,6.000,44,49,3.800,4.300,,4.350,11.160
2021092609,2620,6.000,32,37,2.600,3.100,2.600,3.170,4.630
2021092609,2644,6.000,25,30,1.900,2.400,,1.690,2.370
2021092609,2714,6.000,25,30,1.900,2.400,,2.020,2.080
2021092609,2790,6.000,39,44,3.300,3.800,3.300,6.440,18.280
2021092609,2835,6.000,46,51,4.000,4.500,,5.010,10.930
2021092609,2875,6.000,43,48,3.700,4.200,,4.950,12.160
2021092609,2920,6.000,28,33,2.200,2.700,,1.780,2.550
2021092609,3044,6.000,27,32,2.100,2.600,,1.770,1.740
2021092609,3068,6.000,39,44,3.300,3.800,,4.570,8.610
2021092609,3097,6.000,34,39,2.800,3.300,,2.810,3.750
2021092609,3119,6.000,35,40,2.900,3.400,,2.240,3.480
2021092609,3187,6.000,31,36,2.500,3.000,,2.560,4.030
2021092609,3258,6.000,31,36,2.500,3.000,,2.480,3.300
2021092609,3282,7.000,40,45,3.300,3.800,,2.680,5.020
2021092609,3304,6.000,60,65,5.400,5.900,3.200,5.340,16.620
2021092609,3343,6.000,44,49,3.800,4.300,2.900,3.190,8.390
2021092609,3575,6.000,31,36,2.500,3.000,,2.520,3.210
2021092609,3604,6.000,39,44,3.300,3.800,,3.940,7.110
2021092609,3626,6.000,29,34,2.300,2.800,2.300,3.400,5.390
2021092609,3655,6.000,51,56,4.500,5.000,2.900,5.110,15.980
2021092610,75,6.000,28,33,2.200,2.700,,2.510,3.500
2021092610,97,6.000,34,39,2.800,3.300,2.500,3.300,6.440
2021092610,162,6.000,26,30,2.000,2.400,,2.880,3.860
2021092610,184,6.000,25,30,1.900,2.400,,1.700,1.730
2021092610,229,6.000,38,43,3.200,3.700,2.700,4.980,10.060
2021092610,251,6.000,39,44,3.300,3.800,,4.660,7.610
2021092610,318,6.000,31,36,2.500,3.000,,2.500,2.930
2021092610,342,7.000,31,36,2.400,2.900,,2.150,2.850
2021092610,387,6.000,33,38,2.700,3.200,,2.930,3.320
2021092610,631,6.000,33,38,2.700,3.200,,2.750,4.250
2021092610,714,6.000,34,39,2.800,3.300,2.700,2.800,4.680
2021092610,736,6.000,35,40,2.900,3.400,,2.600,3.800
2021092610,760,7.000,28,32,2.100,2.500,,1.720,2.070
2021092610,782,6.000,35,40,2.900,3.400,,2.290,4.190
2021092610,804,6.000,36,41,3.000,3.500,2.900,2.970,5.680
2021092610,839,6.000,22,46,1.600,4.000,,6.960,19.110
2021092610,881,7.000,39,44,3.200,3.700,2.700,2.690,5.210
2021092610,903,6.000,35,40,2.900,3.400,,3.110,5.000
2021092610,957,6.000,23,28,1.700,2.200,,2.280,2.900
2021092610,1045,6.000,38,43,3.200,3.700,2.300,2.740,4.740
2021092610,1078,6.000,46,51,4.000,4.500,,6.290,15.290
2021092610,1124,6.000,26,31,2.000,2.500,,1.660,1.770
2021092610,1169,6.000,39,44,3.300,3.800,3.200,3.000,5.980
2021092610,1191,6.000,45,50,3.900,4.400,2.300,2.880,5.910
2021092610,1247,6.000,44,49,3.800,4.300,2.400,4.820,11.050
2021092610,1292,6.000,50,55,4.400,4.900,,5.530,10.940
2021092610,1465,6.000,27,32,2.100,2.600,,4.170,7.410
2021092610,1521,6.000,40,45,3.400,3.900,,1.340,3.390
2021092610,1545,6.000,43,48,3.700,4.200,3.400,3.500,6.140
2021092610,1584,6.000,32,37,2.600,3.100,,4.950,7.420
2021092610,1650,6.000,20,25,1.400,1.900,,1.930,2.450
2021092610,1723,6.000,24,29,1.800,2.300,,5.130,8.840
2021092610,1799,7.000,70,75,6.300,6.800,,7.600,26.410
2021092610,1832,6.000,56,61,5.000,5.500,2.400,3.430,11.390
2021092610,1906,6.000,59,64,5.300,5.800,,5.880,16.520
2021092610,1927,6.000,48,53,4.200,4.700,,3.220,6.600
2021092610,1968,6.000,30,35,2.400,2.900,,3.710,4.790
2021092610,1992,6.000,25,30,1.900,2.400,,2.040,2.090
2021092610,2033,6.000,14,37,0.800,3.100,,2.780,5.940
2021092610,2064,6.000,33,38,2.700,3.200,,3.120,4.660
2021092610,2244,6.000,21,26,1.500,2.000,,0.930,0.640
2021092610,2325,6.000,49,54,4.300,4.800,,2.890,6.550
2021092610,2371,6.000,27,32,2.100,2.600,2.000,2.960,4.490
2021092610,2472,7.000,29,34,2.200,2.700,,2.140,2.730
2021092610,2526,6.000,33,38,2.700,3.200,,3.520,6.990
2021092610,2550,6.000,40,45,3.400,3.900,2.200,5.570,10.600
2021092610,2607,6.000,29,34,2.300,2.800,0.500,4.950,5.940
2021092610,2653,6.000,29,34,2.300,2.800,,3.320,4.720
2021092610,2688,6.000,36,41,3.000,3.500,2.800,3.270,5.150
2021092610,2731,7.000,68,73,6.100,6.600,2.800,4.740,18.700
2021092610,2825,6.000,36,41,3.000,3.500,2.900,2.590,4.150
2021092610,2881,7.000,26,30,1.900,2.300,,4.100,6.110
2021092610,2903,7.000,39,44,3.200,3.700,,4.910,8.590
2021092610,2927,6.000,41,46,3.500,4.000,,3.580,8.690
2021092610,2972,6.000,48,53,4.200,4.700,,5.500,17.020
2021092610,3013,6.000,29,34,2.300,2.800,,2.730,4.570
2021092610,3128,6.000,37,42,3.100,3.600,3.100,2.420,3.410
2021092610,3171,7.000,23,28,1.600,2.100,,1.250,1.300
2021092610,3195,6.000,28,33,2.200,2.700,,2.840,3.680
2021092610,3219,7.000,28,33,2.100,2.600,,2.700,3.810
2021092610,3264,6.000,36,41,3.000,3.500,2.300,6.000,9.640
2021092610,3285,6.000,52,57,4.600,5.100,,8.140,23.580
2021092610,3306,6.000,35,40,2.900,3.400,,2.190,3.350
2021092610,3330,6.000,54,59,4.800,5.300,2.500,2.690,7.090
2021092610,3410,7.000,28,33,2.100,2.600,,5.120,7.230
2021092610,3434,6.000,31,35,2.500,2.900,2.500,3.380,5.000
2021092610,3481,6.000,34,39,2.800,3.300,2.700,2.960,3.770
2021092610,3505,6.000,41,46,3.500,4.000,2.100,5.150,9.000
2021092610,3549,6.000,93,98,8.700,9.200,2.700,7.300,38.750
2021092610,3582,6.000,26,31,2.000,2.500,,2.490,2.990
2021092610,3745,6.000,43,48,3.700,4.200,2.200,6.490,18.070
2021092610,3806,7.000,26,31,1.900,2.400,,2.050,2.360
2021092610,3830,6.000,34,39,2.800,3.300,,3.280,5.620
2021092610,3854,6.000,50,55,4.400,4.900,3.200,5.550,13.170
2021092610,3878,6.000,64,68,5.800,6.200,5.700,3.920,12.310
2021092610,3900,6.000,27,31,2.100,2.500,,2.220,3.040
2021092610,3949,6.000,36,41,3.000,3.500,,3.790,6.580
2021092610,3990,6.000,25,30,1.900,2.400,,2.090,2.330
2021092610,4014,6.000,29,34,2.300,2.800,,2.760,4.200
2021092610,4038,6.000,33,38,2.700,3.200,,3.280,4.710
2021092610,4062,6.000,32,37,2.600,3.100,,3.070,4.140
2021092610,4227,6.000,41,46,3.500,4.000,1.900,5.320,12.020
2021092610,4246,6.000,32,37,2.600,3.100,,4.590,6.950
2021092610,4358,6.000,30,35,2.400,2.900,,3.010,5.230
2021092610,4403,7.000,42,46,3.500,3.900,2.100,4.040,9.350
2021092610,4448,6.000,32,36,2.600,3.000,,2.810,4.710
2021092610,4470,6.000,37,42,3.100,3.600,3.100,3.210,6.980
2021092610,4526,6.000,37,42,3.100,3.600,,1.990,3.580
2021092610,4548,6.000,55,60,4.900,5.400,2.900,6.110,16.900
2021092610,4583,6.000,39,44,3.300,3.800,2.500,3.200,6.430
2021092610,4631,6.000,41,46,3.500,4.000,,3.220,5.460
2021092610,4670,6.000,52,56,4.600,5.000,2.700,5.650,16.690
2021092610,4694,6.000,28,33,2.200,2.700,,2.760,3.680
2021092610,4767,6.000,39,44,3.300,3.800,3.200,3.060,5.360
2021092610,4793,6.000,27,32,2.100,2.600,,2.420,3.050
2021092610,4883,7.000,39,43,3.200,3.600,3.100,2.330,5.160
2021092610,4928,6.000,36,41,3.000,3.500,2.900,3.050,4.990
2021092611,75,6.000,31,35,2.500,2.900,,3.040,5.490
2021092611,124,6.000,31,35,2.500,2.900,,2.470,3.510
2021092611,171,6.000,28,32,2.200,2.600,,3.290,4.120
2021092611,214,7.000,35,39,2.800,3.200,2.500,2.640,3.860
2021092611,275,6.000,29,34,2.300,2.800,,2.180,3.170
2021092611,299,6.000,26,30,2.000,2.400,,2.550,3.640
2021092611,397,7.000,31,35,2.400,2.800,,2.570,4.060
2021092611,453,7.000,39,42,3.200,3.500,3.100,3.730,6.310
2021092611,505,6.000,38,41,3.200,3.500,,4.370,8.580
2021092611,553,7.000,29,33,2.200,2.600,,1.660,2.400
2021092611,582,7.000,42,47,3.500,4.000,3.400,4.600,9.800
2021092611,627,7.000,36,40,2.900,3.300,2.200,2.080,3.560
2021092611,748,6.000,40,45,3.400,3.900,,3.260,5.780
2021092611,780,7.000,27,31,2.000,2.400,,2.560,3.380
2021092611,891,6.000,32,35,2.600,2.900,,2.880,4.150
2021092611,996,6.000,42,46,3.600,4.000,,3.220,5.630
2021092611,1020,7.000,27,31,2.000,2.400,,1.900,2.600
2021092611,1157,9.000,38,42,2.900,3.300,2.800,2.340,4.130
2021092611,1179,6.000,27,32,2.100,2.600,,2.190,3.150
2021092611,1255,6.000,31,36,2.500,3.000,,3.530,4.170
2021092611,1279,6.000,61,66,5.500,6.000,4.800,4.470,14.340
2021092611,1338,6.000,32,36,2.600,3.000,,2.670,4.590
2021092611,1438,6.000,44,48,3.800,4.200,,4.240,7.740
2021092611,1596,6.000,25,29,1.900,2.300,,1.990,2.310
2021092611,1736,7.000,25,30,1.800,2.300,,2.240,2.830
2021092611,1760,6.000,44,48,3.800,4.200,3.700,3.330,6.860
2021092611,1782,6.000,33,38,2.700,3.200,,3.190,3.920
2021092611,1806,6.000,31,35,2.500,2.900,2.500,2.990,4.690
2021092611,1828,6.000,32,36,2.600,3.000,,2.810,3.970
2021092611,1857,7.000,24,29,1.700,2.200,,2.710,4.080
2021092611,1913,6.000,30,34,2.400,2.800,,2.240,2.530
2021092611,1948,6.000,36,41,3.000,3.500,,3.420,5.140
2021092611,2011,6.000,30,34,2.400,2.800,,2.670,3.250
2021092611,2057,6.000,39,44,3.300,3.800,2.600,2.330,6.060
2021092611,2131,6.000,30,35,2.400,2.900,,2.540,3.310
2021092611,2258,7.000,39,43,3.200,3.600,,3.080,5.370
2021092611,2280,6.000,45,50,3.900,4.400,,3.460,7.930
2021092611,2359,6.000,43,47,3.700,4.100,3.700,3.610,6.800
2021092611,2404,6.000,30,35,2.400,2.900,,2.610,3.280
2021092611,2428,6.000,35,39,2.900,3.300,,4.450,8.240
2021092611,2450,6.000,27,31,2.100,2.500,,2.180,2.610
2021092611,2479,6.000,29,33,2.300,2.700,,4.750,6.440
2021092611,2506,6.000,28,32,2.200,2.600,,2.810,3.910
2021092611,2641,6.000,60,64,5.400,5.800,,6.490,18.880
2021092611,2663,7.000,36,41,2.900,3.400,,3.510,5.980
2021092611,2687,6.000,57,60,5.100,5.400,,7.100,19.720
2021092611,2709,6.000,33,38,2.700,3.200,,3.150,4.200
2021092611,2733,6.000,37,42,3.100,3.600,,3.550,5.240
2021092611,2762,7.000,35,39,2.800,3.200,,2.920,3.880
2021092611,2818,6.000,37,42,3.100,3.600,,2.720,5.850
2021092611,2842,6.000,47,52,4.100,4.600,2.800,5.670,10.810
2021092611,2863,6.000,49,54,4.300,4.800,3.000,3.960,8.080
2021092611,2968,6.000,42,46,3.600,4.000,,3.130,5.890
2021092611,3048,6.000,28,33,2.200,2.700,,2.630,2.620
2021092611,3072,6.000,36,41,3.000,3.500,,2.370,3.090
2021092611,3094,6.000,33,38,2.700,3.200,,2.240,3.090
2021092611,3118,6.000,38,43,3.200,3.700,,2.660,5.100
2021092611,3147,6.000,40,45,3.400,3.900,,2.500,4.320
2021092611,3169,6.000,31,36,2.500,3.000,,2.600,3.260
2021092611,3191,6.000,43,47,3.700,4.100,2.300,4.680,10.700
2021092611,3319,6.000,34,38,2.800,3.200,,4.310,6.540
2021092611,3348,6.000,27,32,2.100,2.600,,2.820,3.310
2021092611,3530,6.000,38,43,3.200,3.700,,3.790,7.840
2021092611,3627,6.000,39,44,3.300,3.800,,2.910,5.200
2021092611,3656,6.000,31,35,2.500,2.900,,2.720,3.140
2021092611,3678,6.000,51,56,4.500,5.000,2.400,4.960,13.230
2021092611,3728,6.000,36,41,3.000,3.500,,3.860,7.470
2021092611,3757,6.000,25,30,1.900,2.400,,3.120,5.240
2021092611,3800,6.000,44,49,3.800,4.300,3.300,5.090,14.150
2021092611,3908,7.000,32,37,2.500,3.000,,3.130,5.240
2021092611,3932,6.000,38,43,3.200,3.700,,3.210,7.470
2021092611,3956,6.000,25,29,1.900,2.300,,2.950,3.320
2021092611,3985,6.000,31,35,2.500,2.900,2.300,2.320,3.060
2021092611,4009,6.000,30,34,2.400,2.800,,2.900,4.390
2021092611,4033,6.000,35,40,2.900,3.400,,2.430,3.940
2021092611,4057,6.000,43,48,3.700,4.200,2.600,2.730,6.800
2021092611,4103,1.000,32,37,3.100,3.600,2.700,5.580,8.950
2021092611,4165,6.000,39,44,3.300,3.800,2.400,2.310,5.060
2021092611,4225,6.000,25,29,1.900,2.300,,2.100,2.850
2021092611,4254,6.000,32,37,2.600,3.100,,3.890,4.170
2021092611,1641,,33,37,,,,3.330,5.800
2021092612,54,6.000,45,50,3.900,4.400,3.100,6.470,20.970
2021092612,141,6.000,40,45,3.400,3.900,2.900,2.330,3.760
2021092612,186,6.000,41,45,3.500,3.900,,2.140,4.880
2021092612,210,7.000,45,50,3.800,4.300,,3.980,9.570
2021092612,232,6.000,26,31,2.000,2.500,,1.440,2.010
2021092612,356,6.000,40,45,3.400,3.900,,5.950,17.080
2021092612,404,6.000,26,31,2.000,2.500,,2.410,3.380
2021092612,449,7.000,29,34,2.200,2.700,,3.290,4.420
2021092612,505,7.000,85,90,7.800,8.300,4.400,6.610,23.730
2021092612,547,6.000,25,30,1.900,2.400,1.900,1.420,1.980
2021092612,571,7.000,31,36,2.400,2.900,,3.850,5.350
2021092612,637,7.000,40,45,3.300,3.800,,4.250,4.650
2021092612,717,6.000,51,56,4.500,5.000,,7.310,25.920
2021092612,825,6.000,40,45,3.400,3.900,3.300,6.080,16.830
2021092612,847,6.000,31,36,2.500,3.000,2.000,2.790,3.420
2021092612,909,7.000,38,43,3.100,3.600,,2.180,4.660
2021092612,1056,6.000,37,41,3.100,3.500,0.400,4.540,6.690
2021092612,1101,6.000,56,61,5.000,5.500,2.500,2.300,5.510
2021092612,1197,7.000,35,39,2.800,3.200,,2.970,3.920
2021092612,1221,6.000,28,33,2.200,2.700,,2.440,3.130
2021092612,1299,6.000,33,38,2.700,3.200,,2.970,4.190
2021092612,1394,7.000,31,36,2.400,2.900,,3.920,5.580
2021092612,1448,6.000,35,40,2.900,3.400,,2.970,4.570
2021092612,1470,7.000,27,32,2.000,2.500,,1.650,2.360
2021092612,1494,7.000,62,67,5.500,6.000,3.000,7.090,24.880
2021092612,1655,6.000,31,36,2.500,3.000,,2.340,3.170
2021092612,1717,6.000,33,38,2.700,3.200,2.600,2.770,4.220
2021092612,1741,6.000,25,30,1.900,2.400,,0.750,1.020
2021092612,1789,7.000,25,29,1.800,2.200,,1.240,1.100
2021092612,1830,6.000,23,28,1.700,2.200,,1.710,2.660
2021092612,1871,7.000,33,38,2.600,3.100,,2.610,4.550
2021092612,1927,6.000,32,37,2.600,3.100,,2.720,3.450
2021092612,1968,6.000,38,43,3.200,3.700,,3.310,6.660
2021092612,1997,6.000,34,39,2.800,3.300,,3.150,6.460
2021092612,2097,7.000,27,31,2.000,2.400,0.300,4.440,6.990
2021092612,2121,6.000,36,41,3.000,3.500,,3.930,6.990
2021092612,2211,6.000,35,40,2.900,3.400,,3.660,5.040
2021092612,2254,6.000,28,32,2.200,2.600,,2.110,3.250
2021092612,2304,6.000,23,27,1.700,2.100,,4.810,5.280
2021092612,2349,6.000,37,42,3.100,3.600,,2.440,3.400
2021092612,2514,6.000,59,64,5.300,5.800,2.400,3.330,8.730
2021092612,2617,6.000,40,45,3.400,3.900,,2.740,4.490
2021092612,2662,6.000,55,59,4.900,5.300,,7.120,28.160
2021092612,2684,7.000,28,32,2.100,2.500,,2.670,3.610
2021092612,2729,6.000,34,39,2.800,3.300,,2.650,4.120
2021092612,2772,6.000,44,49,3.800,4.300,,4.750,9.290
2021092612,2827,7.000,51,56,4.400,4.900,3.900,4.960,15.440
2021092612,2904,7.000,30,35,2.300,2.800,,2.310,2.960
2021092612,2928,6.000,31,36,2.500,3.000,,1.980,2.710
2021092612,3044,6.000,28,33,2.200,2.700,,3.300,4.100
2021092612,3138,6.000,33,38,2.700,3.200,,2.630,3.060
2021092612,3209,6.000,26,31,2.000,2.500,1.800,5.450,7.990
2021092612,3411,7.000,31,36,2.400,2.900,2.400,2.440,3.480
2021092612,3435,6.000,56,61,5.000,5.500,,7.520,21.510
2021092612,3468,6.000,46,51,4.000,4.500,2.100,4.130,10.020
2021092612,3487,7.000,47,52,4.000,4.500,,6.420,14.160
2021092612,3508,7.000,54,59,4.700,5.200,,5.030,15.130
2021092612,3530,6.000,44,49,3.800,4.300,,3.100,6.110
2021092612,3632,6.000,29,34,2.300,2.800,2.200,2.080,3.080
2021092612,3782,7.000,35,40,2.800,3.300,,2.120,4.450
2021092612,3811,6.000,31,36,2.500,3.000,,2.430,3.420
2021092612,3840,6.000,28,33,2.200,2.700,,1.640,2.310
2021092613,98,7.000,29,32,2.200,2.500,,3.110,3.690
2021092613,187,6.000,49,54,4.300,4.800,2.400,7.900,17.270
2021092613,338,7.000,24,28,1.700,2.100,,1.610,1.820
2021092613,387,6.000,26,30,2.000,2.400,,1.710,1.730
2021092613,415,6.000,36,41,3.000,3.500,2.400,2.620,3.430
2021092613,471,7.000,23,27,1.600,2.000,,3.480,4.190
2021092613,495,7.000,27,31,2.000,2.400,,2.010,2.620
2021092613,527,6.000,43,46,3.700,4.000,,3.470,6.430
2021092613,602,7.000,54,58,4.700,5.100,2.600,4.160,11.520
2021092613,752,7.000,35,39,2.800,3.200,2.500,2.450,3.290
2021092613,858,7.000,29,33,2.200,2.600,,2.730,3.470
2021092613,931,7.000,39,43,3.200,3.600,,3.460,8.660
2021092613,970,6.000,44,49,3.800,4.300,2.500,2.740,6.260
2021092613,1007,7.000,40,44,3.300,3.700,3.300,3.340,5.040
2021092613,1141,7.000,26,30,1.900,2.300,,2.500,4.200
2021092613,1174,8.000,42,46,3.400,3.800,3.300,4.650,10.080
2021092613,1200,8.000,36,40,2.800,3.200,,1.870,3.830
2021092613,1226,7.000,25,30,1.800,2.300,,1.360,1.620
2021092613,1257,6.000,28,32,2.200,2.600,,2.890,3.810
2021092613,1306,7.000,37,41,3.000,3.400,,1.870,2.490
2021092613,1355,7.000,36,39,2.900,3.200,,3.210,4.820
2021092613,1379,6.000,64,69,5.800,6.300,3.100,4.670,12.620
2021092613,1402,6.000,29,33,2.300,2.700,,2.050,2.000
2021092613,1497,7.000,33,37,2.600,3.000,,3.850,6.660
2021092613,1543,6.000,36,39,3.000,3.300,,2.250,4.350
2021092613,1625,7.000,26,30,1.900,2.300,,2.160,2.810
2021092613,1696,6.000,25,29,1.900,2.300,,2.570,3.340
2021092613,1862,6.000,25,29,1.900,2.300,,1.930,2.080
2021092613,1886,6.000,25,29,1.900,2.300,,1.070,1.630
2021092613,1921,6.000,32,36,2.600,3.000,,2.320,2.730
2021092613,1962,6.000,38,42,3.200,3.600,,2.820,3.660
2021092613,2011,7.000,23,27,1.600,2.000,,0.760,0.630
2021092613,2050,6.000,27,31,2.100,2.500,,2.150,2.500
2021092613,2083,6.000,62,66,5.600,6.000,3.200,8.230,24.530
2021092613,2133,7.000,27,31,2.000,2.400,,1.650,1.830
2021092613,2155,7.000,43,48,3.600,4.100,3.000,3.140,7.410
2021092613,2258,7.000,41,46,3.400,3.900,3.300,5.190,15.680
2021092613,2453,7.000,42,46,3.500,3.900,,2.900,4.640
2021092613,2481,7.000,39,43,3.200,3.600,,2.610,5.060
2021092613,2530,6.000,58,62,5.200,5.600,,5.240,14.520
2021092613,2552,7.000,33,38,2.600,3.100,,2.840,4.810
2021092613,2675,7.000,34,38,2.700,3.100,,2.300,2.880
2021092613,2792,7.000,31,36,2.400,2.900,2.100,2.560,4.210
2021092613,2856,7.000,28,31,2.100,2.400,,2.260,2.640
2021092613,2906,7.000,41,45,3.400,3.800,3.300,3.120,7.720
2021092613,3004,7.000,33,36,2.600,2.900,,2.490,4.700
2021092613,3119,7.000,35,39,2.800,3.200,2.400,2.740,4.720
2021092613,3182,7.000,58,63,5.100,5.600,1.600,4.680,10.620
2021092613,3201,6.000,59,64,5.300,5.800,4.100,3.260,11.400
2021092613,3220,6.000,63,67,5.700,6.100,2.900,5.030,14.970
2021092613,3356,6.000,30,34,2.400,2.800,,1.520,2.330
2021092613,3380,7.000,38,41,3.100,3.400,,2.150,2.470
2021092613,3548,7.000,40,44,3.300,3.700,,3.860,6.140
2021092613,3574,7.000,34,38,2.700,3.100,2.600,4.090,6.990
2021092613,3613,6.000,33,36,2.700,3.000,,3.380,4.250
2021092613,3681,7.000,45,49,3.800,4.200,,4.530,9.020
2021092613,3741,6.000,64,69,5.800,6.300,2.900,5.050,12.870
2021092613,3771,7.000,26,29,1.900,2.200,,1.600,1.670
2021092613,3902,8.000,27,31,1.900,2.300,,2.470,3.510
2021092613,3958,7.000,39,43,3.200,3.600,2.800,3.120,4.160
2021092613,3980,7.000,42,46,3.500,3.900,,3.410,6.030
2021092613,4002,7.000,29,33,2.200,2.600,,2.190,2.310
2021092613,4047,6.000,30,34,2.400,2.800,,3.030,3.600
2021092613,4091,6.000,37,41,3.100,3.500,2.900,2.810,4.600
2021092613,4115,7.000,28,32,2.100,2.500,,2.440,2.880
2021092613,4148,7.000,34,38,2.700,3.100,2.700,2.740,4.030
2021092613,4212,6.000,44,48,3.800,4.200,3.800,3.380,8.110
2021092613,4262,7.000,32,35,2.500,2.800,2.500,2.780,4.670
2021092613,4284,6.000,35,38,2.900,3.200,,2.910,5.980
2021092700,55,6.000,28,33,2.200,2.700,,1.290,1.880
2021092700,100,6.000,39,44,3.300,3.800,2.900,4.380,9.980
2021092700,145,6.000,43,48,3.700,4.200,,4.600,9.900
2021092700,256,6.000,40,44,3.400,3.800,,2.500,3.790
2021092700,309,6.000,32,37,2.600,3.100,,2.430,3.960
2021092700,356,6.000,37,42,3.100,3.600,2.200,2.510,6.420
2021092700,443,6.000,28,32,2.200,2.600,,3.600,5.570
2021092700,544,6.000,28,33,2.200,2.700,,3.590,5.090
2021092700,577,6.000,39,44,3.300,3.800,2.800,3.060,5.620
2021092700,620,6.000,25,30,1.900,2.400,,2.060,2.530
2021092700,697,6.000,34,39,2.800,3.300,,2.160,5.110
2021092700,783,6.000,28,33,2.200,2.700,,1.660,2.630
2021092700,805,6.000,29,34,2.300,2.800,,1.960,3.150
2021092700,829,6.000,82,87,7.600,8.100,4.500,8.070,29.890
2021092700,943,6.000,47,52,4.100,4.600,,6.690,22.390
2021092700,1011,6.000,34,38,2.800,3.200,,2.780,4.510
2021092700,1112,6.000,50,55,4.400,4.900,,7.820,23.360
2021092700,1243,7.000,63,67,5.600,6.000,,7.850,21.210
2021092700,1295,6.000,36,39,3.000,3.300,,2.810,5.430
2021092700,1403,6.000,40,44,3.400,3.800,,6.910,18.830
2021092700,1628,6.000,49,54,4.300,4.800,,8.640,18.320
2021092700,1675,7.000,28,32,2.100,2.500,,2.210,3.330
2021092700,1737,6.000,35,40,2.900,3.400,2.500,3.810,6.530
2021092700,1759,6.000,46,51,4.000,4.500,,7.460,22.040
2021092700,1913,7.000,46,51,3.900,4.400,2.700,4.750,11.110
2021092700,1932,6.000,52,56,4.600,5.000,2.700,5.340,16.530
2021092700,2127,6.000,31,36,2.500,3.000,,1.760,2.500
2021092700,2156,6.000,39,44,3.300,3.800,3.300,3.090,5.720
2021092700,2178,6.000,25,30,1.900,2.400,,1.230,1.820
2021092700,2236,6.000,25,30,1.900,2.400,,2.250,3.680
2021092700,2266,6.000,52,57,4.600,5.100,,9.590,30.950
2021092700,2358,6.000,53,58,4.700,5.200,2.300,5.570,14.130
2021092700,2434,6.000,38,43,3.200,3.700,3.000,2.900,6.990
2021092700,2469,6.000,42,47,3.600,4.100,,7.180,13.200
2021092700,2530,6.000,46,50,4.000,4.400,2.100,3.190,7.090
2021092700,2565,6.000,26,31,2.000,2.500,,2.250,3.490
2021092700,2644,6.000,44,49,3.800,4.300,3.000,6.050,11.920
2021092700,2665,6.000,31,35,2.500,2.900,,1.870,3.040
2021092700,2742,6.000,31,36,2.500,3.000,2.400,2.360,3.960
2021092700,2766,6.000,46,51,4.000,4.500,2.500,4.600,12.860
2021092700,2833,7.000,41,46,3.400,3.900,2.200,3.990,9.830
2021092700,2906,6.000,23,28,1.700,2.200,,1.250,1.550
2021092700,2930,6.000,30,34,2.400,2.800,,1.860,2.660
2021092700,2952,6.000,37,42,3.100,3.600,,3.220,5.430
2021092700,2993,6.000,24,29,1.800,2.300,,1.480,2.240
2021092700,3038,6.000,37,42,3.100,3.600,3.100,2.900,5.980
2021092700,3193,6.000,27,32,2.100,2.600,,5.370,7.940
2021092700,3214,6.000,56,61,5.000,5.500,,6.160,22.190
2021092700,3233,6.000,36,41,3.000,3.500,,4.240,8.120
2021092700,3268,6.000,46,51,4.000,4.500,,5.380,8.430
2021092700,3289,6.000,66,71,6.000,6.500,,7.130,23.520
2021092700,3369,6.000,27,31,2.100,2.500,,2.150,3.080
2021092700,3396,6.000,34,39,2.800,3.300,2.800,3.240,7.390
2021092700,3482,6.000,36,40,3.000,3.400,2.700,2.830,5.470
2021092700,3544,6.000,91,96,8.500,9.000,2.900,6.780,29.540
2021092700,3630,6.000,30,34,2.400,2.800,,4.910,10.530
2021092700,3707,6.000,36,41,3.000,3.500,,2.400,4.910
2021092700,3731,6.000,50,55,4.400,4.900,,3.040,8.060
2021092700,3760,6.000,68,72,6.200,6.600,,7.550,30.690
2021092700,3795,6.000,53,58,4.700,5.200,4.500,6.060,19.850
2021092700,3857,6.000,32,37,2.600,3.100,,1.550,2.050
2021092700,3881,6.000,27,32,2.100,2.600,,2.290,3.830
2021092700,3905,6.000,72,77,6.600,7.100,2.200,9.240,37.880
2021092700,4105,6.000,33,38,2.700,3.200,,3.210,6.040
2021092700,4156,6.000,42,47,3.600,4.100,,6.440,12.420
2021093000,169,6.000,81,86,7.500,8.000,,8.440,37.730
2021093000,209,6.000,33,38,2.700,3.200,2.700,2.900,4.440
2021093000,276,6.000,33,38,2.700,3.200,,4.600,10.640
2021093000,329,6.000,27,32,2.100,2.600,,2.210,2.970
2021093000,351,7.000,38,43,3.100,3.600,,3.110,5.950
2021093000,449,7.000,30,35,2.300,2.800,,2.520,3.140
2021093000,549,6.000,29,34,2.300,2.800,,6.030,9.460
2021093000,599,6.000,97,102,9.100,9.600,8.900,9.020,45.760
2021093000,621,6.000,43,48,3.700,4.200,2.500,7.780,11.760
2021093000,766,6.000,31,36,2.500,3.000,,0.610,0.850
2021093000,788,6.000,62,67,5.600,6.100,5.400,7.920,25.560
2021093000,893,6.000,38,43,3.200,3.700,,3.030,6.030
2021093000,957,6.000,36,41,3.000,3.500,,3.730,6.550
2021093000,981,6.000,65,70,5.900,6.400,3.000,4.780,12.480
2021093000,1021,6.000,61,66,5.500,6.000,,7.600,25.020
2021093000,1060,6.000,30,35,2.400,2.900,,6.030,9.280
2021093000,1151,6.000,23,28,1.700,2.200,,1.160,1.170
2021093000,1217,6.000,39,44,3.300,3.800,,2.620,6.220
2021093000,1262,6.000,39,44,3.300,3.800,3.000,2.890,6.220
2021093000,1409,6.000,40,45,3.400,3.900,,3.140,7.500
2021093000,1452,6.000,53,58,4.700,5.200,,7.840,29.490
2021093000,1531,7.000,71,76,6.400,6.900,,8.140,29.010
2021093000,1570,6.000,22,27,1.600,2.100,,2.430,2.890
2021093000,1769,6.000,27,32,2.100,2.600,,1.450,1.960
2021093000,1791,7.000,32,37,2.500,3.000,,2.440,3.610
2021093000,1836,6.000,33,37,2.700,3.100,,5.190,12.990
2021093000,1934,7.000,38,42,3.100,3.500,2.900,3.080,6.760
2021093000,2023,6.000,36,41,3.000,3.500,,2.310,3.370
2021093000,2080,6.000,31,36,2.500,3.000,,2.260,3.630
2021093000,2193,7.000,33,38,2.600,3.100,,2.570,3.610
2021093000,2387,6.000,51,56,4.500,5.000,,4.040,8.390
2021093000,2483,6.000,28,33,2.200,2.700,,2.280,3.710
2021093000,2505,6.000,29,33,2.300,2.700,,2.860,3.750
2021093000,2555,6.000,38,42,3.200,3.600,,3.190,7.310
2021093000,2579,6.000,27,32,2.100,2.600,,2.570,3.440
2021093000,2608,6.000,32,37,2.600,3.100,,2.630,3.620
2021093000,2651,6.000,49,54,4.300,4.800,3.200,6.310,11.540
2021093000,2799,6.000,25,30,1.900,2.400,,1.550,1.610
2021093000,2867,6.000,27,31,2.100,2.500,,1.970,2.500
2021093000,2891,7.000,31,36,2.400,2.900,,2.450,3.450
2021093000,2936,6.000,23,28,1.700,2.200,,1.420,1.890
2021093000,2960,6.000,44,49,3.800,4.300,3.000,3.470,7.360
2021093000,2982,7.000,27,32,2.000,2.500,,2.520,3.490
2021093000,3006,7.000,69,73,6.200,6.600,,6.640,19.440
2021093000,3073,6.000,32,37,2.600,3.100,,5.600,10.580
2021093000,3118,6.000,43,48,3.700,4.200,,3.180,5.630
2021093000,3163,7.000,62,67,5.500,6.000,,8.090,31.650
2021093000,3206,6.000,81,85,7.500,7.900,,9.120,45.200
2021093000,3252,6.000,34,39,2.800,3.300,2.700,2.030,3.290
2021093000,3331,7.000,73,78,6.600,7.100,3.200,4.400,14.220
2021093000,3384,6.000,37,42,3.100,3.600,,2.550,4.510
2021093000,3431,6.000,25,30,1.900,2.400,,1.380,1.790
2021093000,3504,7.000,38,43,3.100,3.600,,2.180,3.690
2021100300,76,6.000,24,29,1.800,2.300,,1.410,1.970
2021100300,142,7.000,28,32,2.100,2.500,,3.680,4.530
2021100300,208,6.000,31,36,2.500,3.000,,2.580,4.290
2021100300,253,6.000,39,43,3.300,3.700,2.300,3.390,7.290
2021100300,293,6.000,23,27,1.700,2.100,,1.100,1.480
2021100300,317,6.000,61,66,5.500,6.000,,6.450,20.380
2021100300,367,6.000,52,57,4.600,5.100,,6.220,15.710
2021100300,389,6.000,29,34,2.300,2.800,2.300,2.380,3.180
2021100300,473,6.000,26,31,2.000,2.500,,1.620,1.950
2021100300,495,6.000,28,33,2.200,2.700,,2.070,3.910
2021100300,566,6.000,29,34,2.300,2.800,,2.740,3.440
2021100300,667,7.000,31,36,2.400,2.900,,4.730,4.900
2021100300,864,6.000,64,69,5.800,6.300,,6.750,30.000
2021100300,913,6.000,53,58,4.700,5.200,2.600,8.410,18.490
2021100300,959,6.000,31,36,2.500,3.000,,5.270,11.780
2021100300,1032,6.000,30,34,2.400,2.800,,3.720,6.440
2021100300,1056,6.000,41,45,3.500,3.900,,2.600,4.420
2021100300,1158,6.000,43,48,3.700,4.200,,7.450,20.780
2021100300,1187,7.000,46,50,3.900,4.300,3.900,2.930,4.990
2021100300,1246,6.000,36,41,3.000,3.500,2.900,3.000,4.000
2021100300,1293,6.000,34,39,2.800,3.300,,3.260,4.080
2021100300,1315,6.000,35,39,2.900,3.300,,3.340,4.900
2021100300,1424,6.000,29,34,2.300,2.800,,2.020,2.840
2021100300,1446,6.000,24,28,1.800,2.200,,2.150,2.090
2021100300,1470,6.000,51,56,4.500,5.000,3.100,2.500,7.310
2021100300,1514,6.000,63,68,5.700,6.200,,8.830,25.540
2021100300,1632,6.000,38,43,3.200,3.700,,3.040,4.130
2021100300,1661,6.000,49,54,4.300,4.800,3.100,7.900,13.880
2021100300,1790,6.000,28,33,2.200,2.700,,2.170,2.810
2021100300,1812,6.000,31,35,2.500,2.900,,3.050,3.950
2021100300,1868,7.000,35,39,2.800,3.200,,4.010,6.690
2021100300,1890,6.000,27,32,2.100,2.600,,1.480,2.660
2021100300,1963,6.000,31,36,2.500,3.000,,2.210,3.290
2021100300,1985,6.000,28,32,2.200,2.600,,5.670,8.860
2021100300,2014,6.000,27,31,2.100,2.500,2.100,3.080,3.550
2021100300,2043,6.000,29,33,2.300,2.700,,2.480,3.140
2021100300,2138,6.000,27,32,2.100,2.600,,3.010,5.520
2021100300,2316,6.000,30,35,2.400,2.900,,3.110,4.510
2021100300,2340,6.000,35,40,2.900,3.400,,3.570,5.660
2021100300,2394,6.000,25,30,1.900,2.400,,1.790,2.000
2021100300,2435,6.000,23,28,1.700,2.200,,4.200,4.420
2021100300,2483,6.000,31,36,2.500,3.000,,2.490,3.210
2021100300,2505,91.000,114,119,2.300,2.800,2.300,2.220,5.180
2021100300,2530,6.000,49,54,4.300,4.800,,4.710,11.640
2021100300,2562,6.000,36,41,3.000,3.500,,2.770,3.760
2021100300,2610,6.000,54,58,4.800,5.200,,5.260,15.960
2021100300,2658,6.000,29,33,2.300,2.700,,2.390,3.140
2021100300,2680,6.000,31,35,2.500,2.900,,3.700,5.710
2021100300,2757,6.000,40,44,3.400,3.800,,2.500,3.470
2021100300,2921,6.000,39,44,3.300,3.800,,2.960,5.990
2021100300,2964,6.000,29,34,2.300,2.800,,2.790,3.910
2021100300,3009,6.000,24,29,1.800,2.300,,2.010,2.660
2021100300,3033,6.000,28,33,2.200,2.700,,2.950,3.280
2021100300,3114,6.000,32,36,2.600,3.000,2.600,3.750,5.690
2021100300,3136,6.000,84,89,7.800,8.300,2.500,6.270,25.430
2021100300,3267,6.000,35,40,2.900,3.400,2.800,3.440,5.340
2021100300,3323,7.000,33,38,2.600,3.100,,2.890,4.530
2021100300,3373,7.000,24,29,1.700,2.200,,4.040,5.060
2021100300,3511,6.000,32,36,2.600,3.000,,2.760,4.510
2021100300,3606,7.000,45,49,3.800,4.200,,2.780,3.810
2021100300,3642,6.000,41,45,3.500,3.900,,4.840,8.330
2021100300,3687,6.000,51,56,4.500,5.000,,7.200,15.590
2021100300,3708,6.000,48,53,4.200,4.700,3.000,7.030,18.160
2021100300,3763,6.000,45,50,3.900,4.400,,3.120,6.470
2021100300,3787,6.000,36,40,3.000,3.400,,3.010,4.580
2021100300,3834,6.000,48,53,4.200,4.700,4.100,4.640,12.540
2021100300,3858,6.000,54,59,4.800,5.300,2.600,4.830,17.090
2021100300,3903,6.000,80,85,7.400,7.900,,5.710,24.590
2021100300,3932,6.000,37,42,3.100,3.600,2.900,5.620,9.330
2021100300,4070,6.000,29,33,2.300,2.700,,2.290,2.610
2021100300,4092,7.000,42,46,3.500,3.900,3.300,3.410,7.560
2021100300,4116,6.000,29,33,2.300,2.700,2.300,2.290,3.740
2021100300,4138,6.000,36,40,3.000,3.400,,3.650,7.150
2021100300,4302,6.000,67,71,6.100,6.500,,5.240,17.000
2021100300,4395,6.000,39,43,3.300,3.700,3.000,3.340,6.080
2021100300,4436,7.000,31,35,2.400,2.800,,2.750,4.080
2021100300,4479,6.000,53,58,4.700,5.200,3.300,6.620,14.640
2021100300,4539,7.000,49,54,4.200,4.700,2.700,3.930,12.530
2021100301,59,6.000,58,63,5.200,5.700,3.600,8.410,18.420
2021100301,198,7.000,33,37,2.600,3.000,,3.460,5.120
2021100301,292,7.000,30,35,2.300,2.800,,5.750,9.920
2021100301,449,7.000,44,48,3.700,4.100,,6.440,19.880
2021100301,471,7.000,37,42,3.000,3.500,2.900,3.020,5.650
2021100301,518,7.000,35,38,2.800,3.100,,1.700,2.580
2021100301,698,7.000,35,39,2.800,3.200,,1.470,2.160
2021100301,909,7.000,61,65,5.400,5.800,2.800,6.500,26.440
2021100301,938,1.000,52,57,5.100,5.600,3.200,3.540,9.110
2021100301,957,8.000,42,46,3.400,3.800,2.700,4.480,8.430
2021100301,981,6.000,28,32,2.200,2.600,,2.230,2.840
2021100301,1112,8.000,61,66,5.300,5.800,4.200,4.130,11.430
2021100301,1171,8.000,30,34,2.200,2.600,,2.390,4.410
2021100301,1214,7.000,34,39,2.700,3.200,,2.390,4.850
2021100301,1366,7.000,29,34,2.200,2.700,,2.040,3.520
2021100301,1388,7.000,47,52,4.000,4.500,2.600,2.880,8.200
2021100301,1456,8.000,38,42,3.000,3.400,,4.270,7.720
2021100301,1607,6.000,32,37,2.600,3.100,,1.840,3.030
2021100301,1629,7.000,61,66,5.400,5.900,3.500,8.000,33.300
2021100301,1736,7.000,69,74,6.200,6.700,,8.180,20.110
2021100301,1783,6.000,40,45,3.400,3.900,3.100,2.090,3.930
2021100301,1812,6.000,37,41,3.100,3.500,,2.800,5.450
2021100301,1848,6.000,62,67,5.600,6.100,2.300,7.540,31.120
2021100301,1870,7.000,38,42,3.100,3.500,,2.740,4.320
2021100301,1911,7.000,23,27,1.600,2.000,,2.730,3.790
2021100301,2076,7.000,40,44,3.300,3.700,,4.220,7.730
2021100301,2168,7.000,37,42,3.000,3.500,,4.650,10.450
2021100301,2194,6.000,49,53,4.300,4.700,3.200,3.120,8.470
2021100301,2370,6.000,36,40,3.000,3.400,,2.470,3.990
2021100301,2451,7.000,32,37,2.500,3.000,,6.390,13.190
2021100301,2496,7.000,52,57,4.500,5.000,2.600,6.420,14.490
2021100301,2575,7.000,56,61,4.900,5.400,3.400,5.980,16.780
2021100301,2879,6.000,26,31,2.000,2.500,,4.570,4.740
2021100301,2903,6.000,55,60,4.900,5.400,,8.970,31.120
2021100301,3027,6.000,25,30,1.900,2.400,,2.610,3.580
2021100301,3056,6.000,26,31,2.000,2.500,,2.190,3.290
2021100301,3172,6.000,38,42,3.200,3.600,3.100,3.520,6.860
2021100301,3274,6.000,31,36,2.500,3.000,,2.110,3.200
2021100301,3303,6.000,61,66,5.500,6.000,2.700,7.520,21.560
2021100301,3324,6.000,31,36,2.500,3.000,,2.550,3.520
2021100301,3369,7.000,37,42,3.000,3.500,,2.470,3.690
2021100301,3506,8.000,35,40,2.700,3.200,,4.500,12.320
2021100301,3636,9.000,46,49,3.700,4.000,3.400,4.720,11.390
2021100301,3673,8.000,26,29,1.800,2.100,,2.170,2.960
2021100301,3697,8.000,43,46,3.500,3.800,,3.250,8.980
2021100301,3736,8.000,39,42,3.100,3.400,,2.710,5.210
2021100301,3777,6.000,46,50,4.000,4.400,2.800,3.360,10.120
2021100302,97,6.000,29,34,2.300,2.800,,1.220,1.870
2021100302,142,6.000,29,34,2.300,2.800,,2.250,2.660
2021100302,208,6.000,43,48,3.700,4.200,,4.840,10.460
2021100302,401,6.000,46,51,4.000,4.500,,6.430,21.920
2021100302,467,6.000,38,43,3.200,3.700,2.500,4.080,8.560
2021100302,580,6.000,51,56,4.500,5.000,,5.840,15.380
2021100302,853,6.000,51,56,4.500,5.000,,8.050,16.140
2021100302,972,6.000,25,29,1.900,2.300,,1.960,2.950
2021100302,1038,6.000,28,33,2.200,2.700,2.200,1.690,2.570
2021100302,1092,6.000,35,40,2.900,3.400,,2.980,5.070
2021100302,1137,6.000,50,55,4.400,4.900,,6.450,17.180
2021100302,1172,6.000,33,38,2.700,3.200,,3.390,6.930
2021100302,1215,6.000,32,37,2.600,3.100,,4.850,7.070
2021100302,1236,6.000,36,41,3.000,3.500,2.400,3.190,5.800
2021100302,1342,6.000,31,35,2.500,2.900,2.300,2.250,4.010
2021100302,1469,6.000,46,51,4.000,4.500,,4.930,14.400
2021100302,1491,6.000,35,40,2.900,3.400,2.800,2.710,4.550
2021100302,1557,6.000,33,38,2.700,3.200,2.500,3.050,5.330
2021100302,1579,6.000,69,74,6.300,6.800,3.600,4.780,19.550
2021100302,1645,6.000,32,37,2.600,3.100,2.000,3.100,4.490
2021100302,1701,6.000,61,66,5.500,6.000,2.200,7.590,27.380
2021100302,1811,7.000,24,29,1.700,2.200,,0.980,1.140
2021100302,1875,6.000,31,36,2.500,3.000,2.500,2.210,3.320
2021100302,1933,6.000,29,34,2.300,2.800,,1.500,2.160
2021100302,1959,6.000,33,38,2.700,3.200,,2.800,5.430
2021100302,2054,6.000,36,41,3.000,3.500,,3.060,5.700
2021100302,2216,6.000,33,38,2.700,3.200,2.000,2.500,4.660
2021100302,2336,7.000,40,45,3.300,3.800,0.000,4.330,8.990
2021100302,2382,6.000,33,38,2.700,3.200,,2.290,3.430
2021100302,2471,6.000,34,39,2.800,3.300,2.800,2.790,4.450
2021100302,2506,6.000,48,53,4.200,4.700,,4.750,11.660
2021100302,2561,7.000,25,30,1.800,2.300,,1.730,1.680
2021100302,2585,6.000,53,58,4.700,5.200,2.600,2.570,7.030
2021100302,2691,6.000,43,48,3.700,4.200,3.000,4.190,8.220
2021100302,2750,6.000,27,32,2.100,2.600,,1.710,2.330
2021100302,2774,6.000,27,32,2.100,2.600,,2.170,3.020
2021100302,2798,6.000,31,36,2.500,3.000,,2.550,4.630
2021100302,2940,6.000,56,61,5.000,5.500,,7.720,31.530
2021100302,2992,6.000,44,48,3.800,4.200,,4.460,10.020
2021100302,3108,6.000,32,37,2.600,3.100,,2.910,4.960
2021100302,3191,6.000,30,35,2.400,2.900,,2.590,3.390
2021100302,3232,6.000,34,39,2.800,3.300,,3.060,6.140
2021100302,3288,6.000,42,47,3.600,4.100,,4.610,9.040
2021100302,3312,6.000,57,62,5.100,5.600,2.400,3.080,12.210
2021100302,3331,6.000,44,49,3.800,4.300,,3.150,7.520
2021100302,3360,6.000,36,41,3.000,3.500,,2.290,3.780
2021100302,3384,6.000,31,36,2.500,3.000,,2.440,3.790
2021100302,3524,6.000,55,60,4.900,5.400,3.500,5.830,18.860
2021100302,3640,6.000,42,47,3.600,4.100,2.500,3.110,7.430
2021100302,3752,7.000,29,34,2.200,2.700,,2.570,4.410
2021100302,3773,6.000,44,49,3.800,4.300,,3.310,8.250
2021100302,3795,6.000,65,70,5.900,6.400,,2.150,7.490
2021100302,3860,6.000,35,40,2.900,3.400,,2.490,4.440
2021100302,3915,6.000,37,42,3.100,3.600,,2.610,5.010
2021100302,3946,6.000,35,40,2.900,3.400,,2.870,4.970
2021100302,3982,6.000,44,49,3.800,4.300,,3.170,6.410
2021100302,4006,6.000,29,34,2.300,2.800,2.300,2.930,6.030
2021100302,4116,7.000,28,33,2.100,2.600,,2.030,2.490
2021100302,775,,29,34,,,,2.720,5.650
2021100302,3688,,54,59,,,,5.620,16.800
2021100303,111,6.000,33,38,2.700,3.200,2.600,3.150,6.240
2021100303,173,6.000,24,29,1.800,2.300,,1.350,1.750
2021100303,199,6.000,35,40,2.900,3.400,2.600,2.280,3.570
2021100303,274,6.000,25,30,1.900,2.400,,2.330,3.110
2021100303,370,6.000,50,55,4.400,4.900,,4.480,9.370
2021100303,463,6.000,33,38,2.700,3.200,,6.370,13.900
2021100303,559,6.000,41,46,3.500,4.000,,4.610,10.470
2021100303,606,6.000,33,38,2.700,3.200,,4.380,10.180
2021100303,656,6.000,34,39,2.800,3.300,,2.320,3.400
2021100303,701,6.000,34,39,2.800,3.300,2.300,3.920,6.710
2021100303,783,6.000,31,36,2.500,3.000,,1.770,3.010
2021100303,805,6.000,24,29,1.800,2.300,,1.920,2.570
2021100303,933,6.000,23,28,1.700,2.200,,1.870,2.340
2021100303,1002,6.000,42,47,3.600,4.100,2.900,5.180,8.240
2021100303,1072,6.000,38,43,3.200,3.700,,4.260,8.780
2021100303,1096,6.000,28,33,2.200,2.700,,2.740,3.820
2021100303,1233,6.000,40,45,3.400,3.900,2.600,2.530,6.550
2021100303,1257,6.000,36,41,3.000,3.500,2.600,2.720,4.430
2021100303,1294,6.000,36,41,3.000,3.500,,2.750,5.800
2021100303,1339,6.000,44,49,3.800,4.300,,4.600,11.150
2021100303,1365,6.000,39,44,3.300,3.800,2.900,5.750,9.340
2021100303,1452,6.000,27,32,2.100,2.600,,2.140,3.050
2021100303,1476,6.000,38,43,3.200,3.700,,4.750,9.780
2021100303,1599,6.000,26,31,2.000,2.500,,1.930,3.640
2021100303,1751,6.000,27,32,2.100,2.600,,2.630,3.950
2021100303,1824,6.000,32,37,2.600,3.100,,2.170,3.950
2021100303,1848,9.000,25,30,1.600,2.100,,1.860,2.620
2021100303,1915,6.000,42,47,3.600,4.100,2.600,2.190,4.690
2021100303,1951,6.000,34,38,2.800,3.200,,2.840,4.600
2021100303,2022,6.000,25,30,1.900,2.400,,2.750,4.320
2021100303,2046,6.000,35,40,2.900,3.400,2.700,2.240,4.450
2021100303,2068,6.000,31,35,2.500,2.900,,3.080,5.000
2021100303,2090,6.000,27,32,2.100,2.600,,2.850,4.370
2021100303,2131,6.000,53,58,4.700,5.200,2.800,1.940,4.400
2021100303,2254,6.000,34,39,2.800,3.300,,2.930,5.400
2021100303,2299,6.000,35,40,2.900,3.400,2.800,2.160,3.400
2021100303,2321,6.000,31,36,2.500,3.000,2.100,2.590,4.440
2021100303,2426,6.000,39,44,3.300,3.800,,2.230,4.610
2021100303,2503,6.000,30,35,2.400,2.900,2.400,3.630,4.030
2021100303,2525,6.000,54,59,4.800,5.300,2.300,2.320,8.250
2021100303,2587,6.000,27,32,2.100,2.600,,4.830,7.310
2021100303,2637,6.000,26,31,2.000,2.500,0.000,4.310,8.360
2021100303,2662,6.000,42,47,3.600,4.100,3.600,6.500,16.850
2021100303,2691,6.000,35,40,2.900,3.400,,5.830,14.100
2021100303,2713,6.000,72,77,6.600,7.100,,8.630,33.980
2021100303,2881,6.000,36,41,3.000,3.500,2.600,2.620,5.890
2021100303,2949,6.000,27,32,2.100,2.600,,2.130,3.080
2021100303,3026,6.000,43,48,3.700,4.200,,4.830,9.260
2021100303,3048,6.000,26,31,2.000,2.500,,2.060,2.670
2021100303,3219,6.000,49,54,4.300,4.800,2.900,3.220,7.950
2021100303,3238,6.000,33,38,2.700,3.200,,2.960,4.550
2021100303,3262,6.000,22,27,1.600,2.100,,1.960,2.600
2021100303,3335,6.000,27,32,2.100,2.600,,2.110,2.630
2021100303,3392,6.000,35,40,2.900,3.400,,2.450,4.370
2021100303,3416,7.000,30,35,2.300,2.800,,1.640,2.570
2021100303,3440,6.000,36,40,3.000,3.400,,3.050,5.670
2021100303,3464,6.000,24,29,1.800,2.300,,1.140,1.860
2021100303,3493,6.000,28,33,2.200,2.700,,4.610,5.110
2021100303,3612,6.000,35,40,2.900,3.400,,3.030,4.880
2021100303,3678,6.000,33,38,2.700,3.200,2.400,2.540,4.480
2021100303,3703,6.000,37,42,3.100,3.600,,2.660,4.850
2021100303,3727,6.000,35,40,2.900,3.400,,2.850,5.190
2021100303,3749,6.000,29,34,2.300,2.800,,6.090,8.130
2021100303,3823,6.000,35,39,2.900,3.300,,2.330,4.320
2021100303,3857,6.000,33,38,2.700,3.200,,2.870,5.180
2021100303,3886,6.000,42,47,3.600,4.100,,2.770,6.130
2021100303,3919,6.000,34,39,2.800,3.300,,2.510,3.980
2021100303,4068,6.000,35,40,2.900,3.400,,6.360,14.660
2021100304,76,6.000,46,51,4.000,4.500,,6.350,15.650
2021100304,105,6.000,47,52,4.100,4.600,3.300,5.920,14.910
2021100304,147,6.000,35,39,2.900,3.300,,4.510,8.560
2021100304,171,7.000,47,52,4.000,4.500,2.600,5.540,13.070
2021100304,207,6.000,73,78,6.700,7.200,4.100,7.420,32.700
2021100304,258,7.000,42,45,3.500,3.800,,5.090,9.650
2021100304,293,6.000,11,28,0.500,2.200,,6.280,6.300
2021100304,340,6.000,30,34,2.400,2.800,,3.040,3.660
2021100304,484,6.000,41,45,3.500,3.900,3.400,3.330,5.800
2021100304,508,6.000,47,52,4.100,4.600,2.500,3.400,7.060
2021100304,573,6.000,24,28,1.800,2.200,,2.150,2.610
2021100304,602,7.000,43,47,3.600,4.000,,5.010,8.990
2021100304,626,6.000,54,59,4.800,5.300,,8.600,23.560
2021100304,679,6.000,24,28,1.800,2.200,,2.240,2.860
2021100304,703,6.000,39,43,3.300,3.700,,4.990,10.820
2021100304,748,6.000,51,56,4.500,5.000,2.900,5.820,14.530
2021100304,844,6.000,29,34,2.300,2.800,2.200,3.430,5.190
2021100304,965,6.000,45,49,3.900,4.300,3.600,3.170,5.400
2021100304,1021,6.000,31,35,2.500,2.900,,2.540,2.980
2021100304,1045,6.000,58,63,5.200,5.700,3.000,6.050,20.330
2021100304,1115,6.000,22,26,1.600,2.000,1.400,2.920,3.380
2021100304,1137,6.000,28,33,2.200,2.700,2.200,3.330,4.480
2021100304,1197,6.000,33,37,2.700,3.100,,3.180,4.720
2021100304,1219,7.000,32,36,2.500,2.900,,2.630,3.470
2021100304,1243,6.000,40,45,3.400,3.900,,6.700,15.840
2021100304,1304,6.000,26,31,2.000,2.500,,1.920,2.560
2021100304,1357,6.000,37,42,3.100,3.600,3.000,2.840,4.510
2021100304,1381,6.000,39,43,3.300,3.700,3.200,2.600,4.160
2021100304,1405,7.000,46,49,3.900,4.200,,3.490,6.060
2021100304,1480,7.000,33,38,2.600,3.100,,5.410,12.080
2021100304,1525,6.000,46,51,4.000,4.500,4.000,4.450,11.660
2021100304,1547,6.000,33,38,2.700,3.200,2.100,3.520,5.770
2021100304,1588,6.000,56,60,5.000,5.400,2.800,4.680,12.510
2021100304,1629,6.000,32,36,2.600,3.000,2.200,3.410,5.150
2021100304,1651,6.000,45,50,3.900,4.400,,4.520,9.340
2021100304,1734,6.000,38,43,3.200,3.700,2.700,5.160,9.310
2021100304,1758,6.000,32,36,2.600,3.000,,2.600,4.370
2021100304,1839,6.000,55,60,4.900,5.400,2.500,3.390,8.360
2021100304,1957,6.000,45,50,3.900,4.400,2.800,4.260,9.980
2021100304,2044,6.000,63,67,5.700,6.100,,6.490,19.530
2021100304,2089,6.000,33,38,2.700,3.200,,2.330,4.060
2021100304,2158,6.000,32,36,2.600,3.000,,5.930,11.150
2021100304,2265,6.000,31,36,2.500,3.000,2.400,3.190,4.460
2021100304,2361,7.000,30,34,2.300,2.700,,2.390,4.140
2021100304,2383,7.000,38,43,3.100,3.600,3.100,3.970,5.200
2021100304,2515,6.000,24,28,1.800,2.200,,1.740,1.830
2021100304,2597,6.000,29,33,2.300,2.700,,3.360,4.720
2021100304,2619,6.000,35,40,2.900,3.400,2.500,3.050,4.650
2021100304,2643,6.000,29,34,2.300,2.800,,2.600,3.550
2021100304,2703,7.000,85,90,7.800,8.300,2.400,5.080,19.810
2021100304,2788,6.000,33,37,2.700,3.100,,3.470,4.960
2021100304,2868,6.000,60,64,5.400,5.800,2.800,6.620,18.960
2021100304,2892,6.000,32,37,2.600,3.100,,2.930,4.100
2021100304,2926,6.000,26,30,2.000,2.400,,2.630,3.390
2021100304,2948,6.000,28,33,2.200,2.700,,2.940,3.680
2021100304,3046,6.000,36,41,3.000,3.500,,2.920,6.850
2021100304,3102,6.000,41,45,3.500,3.900,,4.020,8.050
2021100304,3248,6.000,65,70,5.900,6.400,2.400,2.420,9.530
2021100304,3344,6.000,34,39,2.800,3.300,,2.760,3.180
2021100304,3400,6.000,64,68,5.800,6.200,,6.760,21.500
2021100304,3424,6.000,29,33,2.300,2.700,,3.210,3.590
2021100304,3448,6.000,25,29,1.900,2.300,,1.990,3.130
2021100304,3515,6.000,51,56,4.500,5.000,2.900,3.030,7.200
2021100304,3702,6.000,37,42,3.100,3.600,3.100,3.330,4.800
2021100304,3809,6.000,57,61,5.100,5.500,3.000,4.720,11.180
2021100305,126,6.000,25,29,1.900,2.300,,3.160,5.230
2021100305,171,6.000,32,36,2.600,3.000,2.500,2.520,3.730
2021100305,200,6.000,47,51,4.100,4.500,0.500,5.300,10.700
2021100305,251,7.000,37,41,3.000,3.400,2.700,4.330,7.220
2021100305,317,6.000,53,58,4.700,5.200,0.200,4.960,14.740
2021100305,374,6.000,37,41,3.100,3.500,,2.630,5.210
2021100305,463,7.000,22,27,1.500,2.000,,1.860,2.540
2021100305,511,6.000,53,58,4.700,5.200,4.400,7.620,27.980
2021100305,533,6.000,25,30,1.900,2.400,,1.860,2.160
2021100305,555,6.000,40,45,3.400,3.900,,3.440,6.220
2021100305,757,6.000,54,59,4.800,5.300,,7.470,21.480
2021100305,779,6.000,51,56,4.500,5.000,2.900,5.050,11.600
2021100305,888,6.000,39,43,3.300,3.700,,5.450,8.640
2021100305,936,6.000,24,29,1.800,2.300,,1.970,1.880
2021100305,1003,6.000,38,42,3.200,3.600,0.500,5.720,9.840
2021100305,1025,6.000,26,31,2.000,2.500,,2.120,2.770
2021100305,1134,7.000,27,31,2.000,2.400,1.900,2.160,2.670
2021100305,1156,6.000,34,38,2.800,3.200,2.400,3.390,5.270
2021100305,1262,6.000,57,61,5.100,5.500,,3.750,8.160
2021100305,1307,6.000,24,29,1.800,2.300,,2.640,3.930
2021100305,1479,6.000,46,50,4.000,4.400,,4.440,11.520
2021100305,1512,6.000,30,35,2.400,2.900,,3.010,4.140
2021100305,1553,6.000,33,37,2.700,3.100,,4.440,6.910
2021100305,1613,6.000,69,74,6.300,6.800,,7.360,26.110
2021100305,1646,6.000,33,37,2.700,3.100,,3.660,6.160
2021100305,1748,6.000,26,30,2.000,2.400,,3.860,6.100
2021100305,1785,6.000,30,35,2.400,2.900,2.300,2.580,4.310
2021100305,1807,6.000,26,30,2.000,2.400,,2.490,3.460
2021100305,1859,7.000,39,43,3.200,3.600,2.300,2.880,4.950
2021100305,1925,6.000,35,39,2.900,3.300,,3.160,5.330
2021100305,1975,7.000,46,49,3.900,4.200,3.700,3.660,7.900
2021100305,2023,6.000,38,43,3.200,3.700,,3.080,5.800
2021100305,2052,6.000,45,49,3.900,4.300,,4.950,10.800
2021100305,2074,6.000,36,40,3.000,3.400,,3.550,6.880
2021100305,2096,6.000,33,37,2.700,3.100,,3.190,4.470
2021100305,2228,7.000,32,37,2.500,3.000,,3.110,5.060
2021100305,2252,6.000,57,62,5.100,5.600,4.900,7.060,23.870
2021100305,2349,6.000,57,62,5.100,5.600,2.700,6.070,16.590
2021100305,2393,6.000,59,64,5.300,5.800,3.000,7.190,16.660
2021100305,2451,6.000,30,34,2.400,2.800,,2.540,3.750
2021100305,2538,6.000,45,50,3.900,4.400,2.900,3.080,8.250
2021100305,2579,6.000,52,56,4.600,5.000,0.200,4.460,11.290
2021100305,2633,6.000,27,31,2.100,2.500,,2.050,2.530
2021100305,2655,6.000,35,39,2.900,3.300,2.800,2.460,4.810
2021100305,2816,6.000,77,82,7.100,7.600,3.100,6.200,28.920
2021100305,2884,6.000,25,30,1.900,2.400,,3.250,3.690
2021100305,2929,6.000,53,58,4.700,5.200,2.700,4.160,11.420
2021100305,2967,6.000,36,39,3.000,3.300,,3.150,4.360
2021100305,2991,6.000,25,29,1.900,2.300,,4.090,5.040
2021100305,3036,6.000,34,39,2.800,3.300,0.400,5.310,12.920
2021100305,3058,6.000,28,33,2.200,2.700,2.200,2.470,3.720
2021100305,3091,6.000,41,46,3.500,4.000,3.500,4.830,10.910
2021100305,3288,6.000,35,40,2.900,3.400,2.100,2.640,6.360
2021100305,3335,7.000,39,44,3.200,3.700,,5.220,8.650
2021100305,3422,6.000,30,35,2.400,2.900,,3.700,5.320
2021100305,3441,6.000,27,31,2.100,2.500,,2.570,2.910
2021100305,3497,6.000,49,53,4.300,4.700,0.500,4.600,12.710
2021100305,3544,6.000,33,38,2.700,3.200,,4.260,5.930
2021100305,3589,6.000,31,36,2.500,3.000,,3.010,4.820
2021100305,3611,6.000,37,41,3.100,3.500,,3.520,5.850
2021100305,3715,6.000,28,31,2.200,2.500,,1.670,1.770
2021100305,3787,6.000,33,38,2.700,3.200,,2.550,3.530
2021100305,3811,7.000,29,33,2.200,2.600,,1.240,1.600
2021100305,3853,6.000,44,48,3.800,4.200,2.300,2.780,5.810
2021100305,3958,6.000,41,45,3.500,3.900,,4.930,9.430
2021100305,3998,7.000,34,39,2.700,3.200,2.300,3.570,5.150
2021100305,4020,6.000,32,36,2.600,3.000,2.400,2.610,3.860
2021100305,4042,6.000,35,40,2.900,3.400,,3.110,5.000
2021100305,4066,6.000,33,38,2.700,3.200,2.700,2.610,3.610
2021100305,4103,6.000,27,31,2.100,2.500,,1.700,1.700
2021100305,4125,6.000,36,41,3.000,3.500,3.000,3.180,5.180
2021100305,4164,6.000,36,40,3.000,3.400,3.000,2.750,4.050
2021100305,4205,6.000,36,40,3.000,3.400,2.700,3.220,4.700
2021100305,4227,6.000,34,38,2.800,3.200,2.800,2.950,4.170
2021100305,4273,7.000,45,49,3.800,4.200,,4.680,13.120
2021100306,83,6.000,40,45,3.400,3.900,,7.760,18.670
2021100306,104,6.000,36,41,3.000,3.500,2.700,3.620,6.950
2021100306,198,6.000,39,44,3.300,3.800,3.200,2.520,4.030
2021100306,248,10.000,45,50,3.500,4.000,3.400,3.190,6.880
2021100306,314,6.000,38,43,3.200,3.700,,2.250,3.190
2021100306,363,6.000,38,43,3.200,3.700,,3.120,5.550
2021100306,385,6.000,36,41,3.000,3.500,,5.320,9.620
2021100306,491,6.000,34,39,2.800,3.300,,5.620,12.390
2021100306,619,7.000,56,61,4.900,5.400,3.400,6.300,17.660
2021100306,679,7.000,41,45,3.400,3.800,,5.380,8.240
2021100306,719,7.000,46,50,3.900,4.300,3.800,3.910,8.070
2021100306,799,6.000,31,34,2.500,2.800,,5.110,10.480
2021100306,876,7.000,42,46,3.500,3.900,3.500,4.530,9.570
2021100306,956,6.000,50,55,4.400,4.900,,5.000,13.440
2021100306,998,7.000,26,31,1.900,2.400,,1.940,2.540
2021100306,1049,7.000,70,74,6.300,6.700,,7.310,23.380
2021100306,1144,7.000,28,32,2.100,2.500,,2.030,2.840
2021100306,1192,6.000,39,42,3.300,3.600,,5.310,7.790
2021100306,1311,7.000,26,30,1.900,2.300,,2.280,3.180
2021100306,1340,7.000,31,35,2.400,2.800,,5.860,12.080
2021100306,1402,6.000,36,40,3.000,3.400,,2.660,4.420
2021100306,1462,6.000,34,38,2.800,3.200,2.700,3.100,4.870
2021100306,1515,6.000,36,39,3.000,3.300,,3.640,5.570
2021100306,1675,6.000,30,34,2.400,2.800,,2.820,3.930
2021100306,1735,7.000,42,46,3.500,3.900,2.800,3.910,8.480
2021100306,1807,7.000,44,49,3.700,4.200,2.500,6.840,10.850
2021100306,1850,6.000,61,65,5.500,5.900,,5.750,18.500
2021100306,1910,7.000,45,49,3.800,4.200,,3.940,9.120
2021100306,1936,7.000,26,30,1.900,2.300,,2.070,2.680
2021100306,2033,6.000,40,44,3.400,3.800,,4.900,8.790
2021100306,2082,7.000,27,31,2.000,2.400,,1.920,2.790
2021100306,2111,6.000,33,37,2.700,3.100,,2.610,4.240
2021100306,2139,7.000,39,43,3.200,3.600,,5.620,8.700
2021100306,2172,7.000,38,42,3.100,3.500,,2.580,5.120
2021100306,2256,6.000,28,32,2.200,2.600,,2.380,2.700
2021100306,2360,7.000,64,69,5.700,6.200,2.800,7.060,21.740
2021100306,2384,8.000,46,50,3.800,4.200,,4.250,11.580
2021100306,2425,7.000,49,54,4.200,4.700,,3.580,10.290
2021100306,2466,7.000,52,56,4.500,4.900,4.000,4.270,11.580
2021100306,2570,7.000,35,39,2.800,3.200,2.700,2.950,4.510
2021100306,2611,6.000,32,37,2.600,3.100,,4.230,10.750
2021100306,2835,7.000,30,34,2.300,2.700,,6.480,12.390
2021100306,2968,7.000,41,45,3.400,3.800,,4.980,14.290
2021100306,3067,7.000,37,40,3.000,3.300,3.000,3.090,5.970
2021100306,3228,6.000,28,32,2.200,2.600,,1.950,2.920
2021100306,3324,6.000,38,42,3.200,3.600,,4.500,8.220
2021100306,3443,7.000,39,43,3.200,3.600,3.100,4.510,7.470
2021100306,3529,6.000,26,29,2.000,2.300,,1.590,1.590
2021100306,3602,6.000,33,37,2.700,3.100,,2.660,3.600
2021100306,3624,6.000,28,32,2.200,2.600,,2.340,3.290
2021100306,3648,7.000,28,32,2.100,2.500,,2.440,3.420
2021100306,3676,6.000,41,45,3.500,3.900,3.300,5.850,11.130
2021100306,3702,7.000,28,32,2.100,2.500,,1.980,2.370
2021100306,3747,7.000,27,31,2.000,2.400,,2.260,2.620
2021100306,3769,7.000,29,33,2.200,2.600,1.900,4.310,4.560
2021100306,3870,7.000,42,46,3.500,3.900,,3.090,6.970
2021100306,3947,7.000,40,44,3.300,3.700,,2.520,5.390
2021100306,4025,6.000,42,47,3.600,4.100,,7.730,22.280
2021100306,4055,7.000,32,36,2.500,2.900,,2.530,3.660
2021100306,4114,6.000,62,67,5.600,6.100,,4.750,11.740
2021100306,4187,6.000,36,40,3.000,3.400,,2.820,5.080
2021100307,109,6.000,33,37,2.700,3.100,,3.040,4.560
2021100307,156,6.000,58,63,5.200,5.700,,9.010,34.000
2021100307,203,6.000,50,55,4.400,4.900,2.800,4.220,9.930
2021100307,222,6.000,32,37,2.600,3.100,2.600,2.080,2.400
2021100307,362,6.000,28,33,2.200,2.700,,4.910,7.360
2021100307,433,6.000,31,36,2.500,3.000,,2.180,2.620
2021100307,482,6.000,37,42,3.100,3.600,2.400,4.860,8.030
2021100307,604,6.000,31,36,2.500,3.000,2.500,2.700,3.360
2021100307,725,6.000,30,35,2.400,2.900,,2.200,2.630
2021100307,749,6.000,36,41,3.000,3.500,,1.760,2.700
2021100307,818,6.000,42,47,3.600,4.100,,5.340,15.260
2021100307,984,6.000,40,45,3.400,3.900,,4.820,9.320
2021100307,1010,6.000,31,36,2.500,3.000,,2.030,2.470
2021100307,1066,6.000,27,31,2.100,2.500,,1.890,2.570
2021100307,1088,7.000,54,59,4.700,5.200,2.700,3.580,8.810
2021100307,1150,6.000,51,56,4.500,5.000,,8.100,27.830
2021100307,1183,6.000,76,81,7.000,7.500,2.600,8.170,37.040
2021100307,1214,6.000,30,35,2.400,2.900,,2.550,3.970
2021100307,1254,6.000,33,38,2.700,3.200,,4.400,6.520
2021100307,1283,6.000,47,52,4.100,4.600,,6.510,22.230
2021100307,1345,6.000,32,36,2.600,3.000,,2.500,3.860
2021100307,1537,6.000,27,32,2.100,2.600,2.100,2.330,2.380
2021100307,1647,6.000,38,43,3.200,3.700,2.300,2.790,4.700
2021100307,1702,6.000,22,27,1.600,2.100,,0.970,1.020
2021100307,1726,1.000,18,23,1.700,2.200,,0.840,0.860
2021100307,1779,7.000,34,39,2.700,3.200,,2.370,4.050
2021100307,1791,6.000,29,34,2.300,2.800,,2.130,2.890
2021100307,1828,6.000,43,48,3.700,4.200,2.500,2.720,4.810
2021100307,1863,6.000,32,37,2.600,3.100,,2.050,2.460
2021100307,1904,6.000,49,54,4.300,4.800,2.400,3.020,6.100
2021100307,2005,6.000,29,34,2.300,2.800,,2.220,3.530
2021100307,2082,6.000,33,37,2.700,3.100,,2.270,2.670
2021100307,2106,6.000,39,44,3.300,3.800,,2.660,4.790
2021100307,2203,6.000,27,32,2.100,2.600,,2.730,3.730
2021100307,2333,6.000,31,36,2.500,3.000,,3.620,5.000
2021100307,2412,6.000,38,43,3.200,3.700,,6.070,16.230
2021100307,2455,6.000,47,52,4.100,4.600,2.500,2.430,4.920
2021100307,2529,6.000,32,37,2.600,3.100,,2.310,3.380
2021100307,2553,6.000,38,42,3.200,3.600,,4.860,8.250
2021100307,2598,6.000,66,70,6.000,6.400,,8.320,28.980
2021100307,2668,6.000,33,38,2.700,3.200,,2.810,3.890
2021100307,2724,6.000,31,36,2.500,3.000,,4.470,8.780
2021100307,2879,6.000,35,40,2.900,3.400,,5.840,10.820
2021100307,2942,6.000,56,61,5.000,5.500,3.000,6.330,21.390
2021100307,2975,6.000,32,37,2.600,3.100,2.500,3.730,6.800
2021100307,2997,6.000,11,49,0.500,4.300,,4.910,12.560
2021100307,3049,7.000,33,37,2.600,3.000,,6.200,12.780
2021100307,3156,7.000,55,60,4.800,5.300,2.400,3.400,9.270
2021100307,3205,6.000,65,70,5.900,6.400,0.300,7.320,30.490
2021100307,3261,6.000,43,48,3.700,4.200,,6.700,18.970
2021100307,3283,6.000,30,35,2.400,2.900,,2.300,3.420
2021100307,3308,6.000,33,38,2.700,3.200,,2.720,3.700
2021100307,3349,6.000,50,55,4.400,4.900,0.200,5.120,19.610
2021100307,3371,6.000,30,35,2.400,2.900,,2.160,2.800
2021100307,3395,7.000,87,92,8.000,8.500,3.000,8.200,36.030
2021100307,3510,6.000,44,49,3.800,4.300,3.800,4.610,10.270
2021100307,3532,6.000,24,29,1.800,2.300,,2.270,3.250
2021100307,3629,6.000,33,38,2.700,3.200,2.300,4.310,7.770
2021100307,3714,6.000,30,35,2.400,2.900,,4.210,5.590
2021100307,3794,6.000,37,42,3.100,3.600,0.000,4.690,12.890
2021100307,3835,6.000,30,35,2.400,2.900,,2.720,3.900
2021100307,3920,6.000,30,35,2.400,2.900,,2.580,3.800
2021100307,3956,6.000,50,55,4.400,4.900,2.300,7.130,20.210
2021100307,3978,6.000,37,42,3.100,3.600,3.000,3.140,5.250
2021100307,4056,6.000,41,46,3.500,4.000,2.700,2.530,5.030
2021100307,4085,6.000,24,29,1.800,2.300,,1.140,1.440
2021100307,4129,6.000,34,39,2.800,3.300,,1.740,2.930
2021100307,4158,6.000,32,37,2.600,3.100,,2.400,3.430
2021100307,4182,6.000,36,41,3.000,3.500,2.700,2.330,3.890
2021100307,4206,6.000,33,38,2.700,3.200,,1.390,2.100
2021100307,4228,6.000,24,29,1.800,2.300,,2.330,3.450
2021100307,4352,6.000,36,41,3.000,3.500,0.300,4.390,6.360
2021100307,4374,7.000,24,29,1.700,2.200,,1.600,1.700
2021100307,4480,6.000,54,59,4.800,5.300,0.200,7.560,26.550
2021100307,4551,6.000,34,39,2.800,3.300,,2.550,3.880
2021100307,4622,6.000,29,34,2.300,2.800,,2.510,3.070
2021100307,4824,6.000,41,46,3.500,4.000,2.500,2.870,5.430
2021100307,4843,6.000,40,45,3.400,3.900,,2.500,4.710
2021100307,4929,6.000,32,37,2.600,3.100,2.500,2.380,3.170
2021100307,4953,1.000,26,31,2.500,3.000,,2.330,3.230
2021100307,5010,6.000,31,36,2.500,3.000,2.500,2.160,2.720
2021100307,5051,6.000,35,40,2.900,3.400,2.700,2.690,4.170
2021100307,5073,6.000,27,32,2.100,2.600,,2.550,3.690
2021100307,5108,6.000,31,35,2.500,2.900,2.400,2.230,2.750
2021100307,5153,7.000,50,55,4.300,4.800,2.700,2.430,5.990
2021100307,4668,,26,31,,,,4.260,8.960
2021100308,78,6.000,34,39,2.800,3.300,,5.990,9.080
2021100308,131,6.000,28,33,2.200,2.700,,0.450,0.730
2021100308,176,6.000,31,36,2.500,3.000,,2.670,4.210
2021100308,198,7.000,34,39,2.700,3.200,,2.900,5.910
2021100308,353,6.000,27,32,2.100,2.600,,2.350,2.750
2021100308,409,6.000,30,35,2.400,2.900,,2.810,3.830
2021100308,465,6.000,35,40,2.900,3.400,,4.550,8.320
2021100308,667,2.000,30,35,2.800,3.300,,1.310,1.750
2021100308,718,6.000,30,35,2.400,2.900,,1.720,2.330
2021100308,800,6.000,26,31,2.000,2.500,,2.760,2.640
2021100308,836,6.000,32,37,2.600,3.100,,6.160,12.230
2021100308,866,6.000,40,45,3.400,3.900,,2.740,6.200
2021100308,927,6.000,26,31,2.000,2.500,,1.960,2.570
2021100308,1027,6.000,40,45,3.400,3.900,2.300,3.050,6.440
2021100308,1178,6.000,32,37,2.600,3.100,2.300,5.420,7.270
2021100308,1258,6.000,71,76,6.500,7.000,,7.640,30.490
2021100308,1284,6.000,27,32,2.100,2.600,,2.360,3.150
2021100308,1308,6.000,39,43,3.300,3.700,,2.970,6.170
2021100308,1343,6.000,25,30,1.900,2.400,,1.680,1.930
2021100308,1400,6.000,66,71,6.000,6.500,2.700,7.530,36.620
2021100308,1422,6.000,29,34,2.300,2.800,,1.820,3.080
2021100308,1499,6.000,33,38,2.700,3.200,,4.570,4.500
2021100308,1562,6.000,26,31,2.000,2.500,,2.110,2.790
2021100308,1586,6.000,41,46,3.500,4.000,3.400,6.210,14.820
2021100308,1653,7.000,46,51,3.900,4.400,3.700,3.180,7.930
2021100308,1723,6.000,29,34,2.300,2.800,,2.050,2.730
2021100308,1788,6.000,26,31,2.000,2.500,,5.950,9.080
2021100308,1824,6.000,65,70,5.900,6.400,2.800,6.380,15.580
2021100308,1959,6.000,44,49,3.800,4.300,3.300,4.050,10.310
2021100308,2021,6.000,28,33,2.200,2.700,,2.840,4.290
2021100308,2193,6.000,42,47,3.600,4.100,,5.640,11.730
2021100308,2217,6.000,38,43,3.200,3.700,,3.840,6.320
2021100308,2251,6.000,32,37,2.600,3.100,,3.360,4.800
2021100308,2274,6.000,36,41,3.000,3.500,,3.150,5.450
2021100308,2298,6.000,40,45,3.400,3.900,2.400,3.630,9.150
2021100308,2368,6.000,55,60,4.900,5.400,2.400,2.880,7.190
2021100308,2457,6.000,34,39,2.800,3.300,,5.140,6.450
2021100308,2483,7.000,36,41,2.900,3.400,2.700,4.000,8.210
2021100308,2550,6.000,47,52,4.100,4.600,3.300,3.160,6.580
2021100308,2645,6.000,31,36,2.500,3.000,,3.420,4.250
2021100308,2713,6.000,36,41,3.000,3.500,2.900,3.800,5.750
2021100308,2735,6.000,29,34,2.300,2.800,,2.610,3.850
2021100308,2759,6.000,69,73,6.300,6.700,3.300,7.970,26.580
2021100308,2812,6.000,24,29,1.800,2.300,,1.930,2.410
2021100308,2927,7.000,26,31,1.900,2.400,,2.430,3.250
2021100308,3017,6.000,46,51,4.000,4.500,,4.740,12.230
2021100308,3062,6.000,24,29,1.800,2.300,,1.600,2.520
2021100308,3173,6.000,30,34,2.400,2.800,,4.410,5.360
2021100308,3206,6.000,53,57,4.700,5.100,,5.550,12.720
2021100308,3309,6.000,38,43,3.200,3.700,3.200,3.130,6.960
2021100308,3333,6.000,66,71,6.000,6.500,3.000,3.240,10.030
2021100308,3363,6.000,33,38,2.700,3.200,2.600,2.790,4.390
2021100308,3532,6.000,23,28,1.700,2.200,,2.410,2.580
2021100308,3584,6.000,21,26,1.500,2.000,,4.140,5.360
2021100308,3636,7.000,30,35,2.300,2.800,,4.380,4.950
2021100308,3781,6.000,41,46,3.500,4.000,2.800,3.470,6.400
2021100308,3810,6.000,59,63,5.300,5.700,2.600,7.810,24.160
2021100308,3832,6.000,32,37,2.600,3.100,,3.010,4.910
2021100308,3861,6.000,40,45,3.400,3.900,,2.870,6.640
2021100308,3901,6.000,65,70,5.900,6.400,3.000,4.050,14.150
2021100308,3932,6.000,38,43,3.200,3.700,3.000,3.820,8.770
2021100308,3956,6.000,56,60,5.000,5.400,2.800,8.030,26.040
2021100308,4055,6.000,27,32,2.100,2.600,,4.210,6.390
2021100308,4138,7.000,39,43,3.200,3.600,,6.030,15.700
2021100308,4190,6.000,38,43,3.200,3.700,,4.810,9.830
2021100308,4246,6.000,32,37,2.600,3.100,2.500,3.350,4.470
2021100308,4268,6.000,35,40,2.900,3.400,,4.960,7.730
2021100308,4306,6.000,41,46,3.500,4.000,,3.110,6.830
2021100308,4397,6.000,23,28,1.700,2.200,,3.670,4.950
2021100308,4419,6.000,36,41,3.000,3.500,,6.810,11.290
2021100308,4471,6.000,31,36,2.500,3.000,,2.770,4.040
2021100308,4330,,23,27,,,,3.460,5.780
2021100309,76,6.000,35,39,2.900,3.300,,4.750,9.090
2021100309,149,6.000,34,38,2.800,3.200,,3.150,4.150
2021100309,173,6.000,31,36,2.500,3.000,,3.410,4.140
2021100309,221,6.000,28,33,2.200,2.700,,2.810,3.510
2021100309,255,7.000,33,38,2.600,3.100,,3.480,5.190
2021100309,311,6.000,36,41,3.000,3.500,,6.690,14.460
2021100309,333,6.000,39,44,3.300,3.800,3.100,7.500,18.290
2021100309,362,6.000,26,31,2.000,2.500,,3.780,6.350
2021100309,427,7.000,47,51,4.000,4.400,,5.050,13.070
2021100309,479,6.000,32,36,2.600,3.000,,2.110,2.760
2021100309,541,7.000,40,44,3.300,3.700,,3.140,5.780
2021100309,615,6.000,40,45,3.400,3.900,,3.400,7.870
2021100309,703,2.000,44,49,4.200,4.700,,3.500,6.730
2021100309,732,6.000,25,29,1.900,2.300,,2.680,3.630
2021100309,871,6.000,55,59,4.900,5.300,,4.950,17.460
2021100309,927,7.000,27,32,2.000,2.500,,1.840,3.390
2021100309,1012,6.000,24,29,1.800,2.300,,2.440,3.170
2021100309,1066,6.000,27,31,2.100,2.500,2.000,3.370,4.250
2021100309,1107,6.000,68,72,6.200,6.600,3.500,6.820,24.460
2021100309,1131,6.000,65,70,5.900,6.400,,5.450,15.410
2021100309,1176,6.000,30,35,2.400,2.900,,2.600,3.630
2021100309,1200,6.000,26,30,2.000,2.400,,2.530,2.840
2021100309,1342,7.000,38,42,3.100,3.500,,3.230,6.730
2021100309,1376,6.000,52,57,4.600,5.100,3.500,9.040,25.630
2021100309,1476,6.000,24,28,1.800,2.200,,2.280,2.690
2021100309,1498,7.000,30,33,2.300,2.600,,2.350,2.420
2021100309,1520,6.000,43,47,3.700,4.100,3.200,3.630,8.750
2021100309,1544,6.000,45,50,3.900,4.400,3.100,3.550,8.960
2021100309,1577,6.000,40,44,3.400,3.800,3.200,2.380,4.510
2021100309,1623,6.000,30,34,2.400,2.800,,3.080,4.210
2021100309,1689,6.000,42,46,3.600,4.000,2.200,8.220,19.720
2021100309,1711,6.000,42,46,3.600,4.000,,3.600,6.980
2021100309,1839,7.000,41,45,3.400,3.800,2.800,3.730,7.650
2021100309,1861,9.000,43,47,3.400,3.800,,3.520,7.400
2021100309,1908,6.000,46,50,4.000,4.400,,4.540,11.590
2021100309,1953,6.000,23,27,1.700,2.100,,2.540,3.150
2021100309,1975,6.000,25,30,1.900,2.400,,2.800,3.770
2021100309,2054,7.000,27,32,2.000,2.500,,2.270,3.100
2021100309,2078,6.000,29,34,2.300,2.800,,2.920,3.670
2021100309,2140,6.000,63,68,5.700,6.200,3.500,9.700,30.040
2021100309,2280,6.000,44,48,3.800,4.200,,7.000,18.530
2021100309,2313,6.000,53,57,4.700,5.100,,5.590,16.010
2021100309,2342,6.000,28,32,2.200,2.600,,2.730,3.150
2021100309,2404,6.000,65,70,5.900,6.400,,8.000,32.230
2021100309,2423,6.000,59,63,5.300,5.700,,3.060,8.880
2021100309,2457,6.000,34,39,2.800,3.300,2.100,3.050,5.430
2021100309,2542,6.000,21,26,1.500,2.000,,1.830,2.070
2021100309,2564,6.000,46,50,4.000,4.400,3.900,4.100,13.060
2021100309,2720,7.000,35,40,2.800,3.300,,2.320,3.220
2021100309,2786,5.000,29,34,2.400,2.900,,3.040,4.540
2021100309,2831,6.000,29,33,2.300,2.700,,4.720,9.310
2021100309,2853,6.000,45,50,3.900,4.400,2.600,4.800,11.580
2021100309,2927,6.000,37,42,3.100,3.600,3.000,4.670,9.470
2021100309,2985,6.000,29,32,2.300,2.600,,5.030,10.030
2021100309,3088,6.000,36,40,3.000,3.400,,3.490,4.510
2021100309,3175,6.000,47,52,4.100,4.600,,6.920,16.470
2021100309,3196,7.000,53,58,4.600,5.100,,8.730,24.170
2021100309,3239,7.000,31,36,2.400,2.900,,2.390,3.760
2021100309,3390,7.000,25,28,1.800,2.100,,2.180,2.610
2021100309,3414,6.000,27,31,2.100,2.500,,2.210,3.200
2021100309,3443,6.000,30,34,2.400,2.800,2.300,1.980,2.690
2021100309,3476,6.000,41,45,3.500,3.900,2.600,2.800,5.990
2021100309,3498,7.000,56,60,4.900,5.300,2.700,5.610,16.440
2021100309,3522,6.000,36,39,3.000,3.300,2.900,3.000,4.550
2021100309,3567,6.000,27,30,2.100,2.400,,2.780,3.340
2021100309,3615,6.000,30,34,2.400,2.800,2.400,2.620,3.840
2021100309,3658,6.000,39,43,3.300,3.700,3.200,3.340,6.230
2021100309,3682,7.000,47,52,4.000,4.500,3.300,6.160,13.720
2021100309,3703,6.000,43,48,3.700,4.200,3.500,2.700,3.970
2021100309,3725,6.000,53,58,4.700,5.200,,5.960,15.520
2021100309,3767,6.000,23,27,1.700,2.100,,2.500,2.770
2021100309,4071,6.000,25,29,1.900,2.300,,1.820,1.880
2021100309,4095,6.000,31,35,2.500,2.900,,2.250,3.540
2021100309,4151,6.000,30,33,2.400,2.700,,3.410,4.270
2021100309,4274,6.000,36,41,3.000,3.500,3.000,3.070,4.670
2021100309,4298,6.000,32,35,2.600,2.900,2.600,3.070,4.070
2021100310,97,8.000,25,29,1.700,2.100,1.700,2.410,3.020
2021100310,149,7.000,32,35,2.500,2.800,,1.940,2.890
2021100310,198,7.000,33,37,2.600,3.000,2.600,2.000,2.590
2021100310,282,6.000,23,28,1.700,2.200,,3.710,3.330
2021100310,306,7.000,32,36,2.500,2.900,,3.910,6.710
2021100310,359,7.000,37,41,3.000,3.400,3.000,4.100,7.750
2021100310,422,7.000,42,45,3.500,3.800,,5.880,17.350
2021100310,446,7.000,27,30,2.000,2.300,,1.480,2.090
2021100310,474,8.000,41,46,3.300,3.800,2.200,2.040,5.240
2021100310,581,6.000,36,41,3.000,3.500,,4.180,6.970
2021100310,650,6.000,32,36,2.600,3.000,2.400,2.100,3.400
2021100310,726,7.000,39,44,3.200,3.700,2.000,4.290,7.070
2021100310,809,7.000,30,35,2.300,2.800,,3.300,5.050
2021100310,837,7.000,30,34,2.300,2.700,,3.950,5.470
2021100310,865,6.000,41,46,3.500,4.000,,4.040,8.810
2021100310,942,6.000,26,31,2.000,2.500,1.700,4.480,4.800
2021100310,1129,7.000,55,59,4.800,5.200,1.700,5.190,12.520
2021100310,1151,6.000,28,32,2.200,2.600,,2.020,2.260
2021100310,1173,6.000,24,29,1.800,2.300,,1.340,2.160
2021100310,1290,6.000,30,35,2.400,2.900,,2.600,3.970
2021100310,1391,6.000,27,31,2.100,2.500,,1.630,1.950
2021100310,1483,7.000,35,40,2.800,3.300,,2.140,4.140
2021100310,1522,6.000,39,43,3.300,3.700,,4.000,7.960
2021100310,1592,6.000,38,43,3.200,3.700,,4.540,8.880
2021100310,1658,6.000,27,32,2.100,2.600,,1.400,2.170
2021100310,1731,6.000,24,29,1.800,2.300,,1.040,1.620
2021100310,1807,6.000,34,38,2.800,3.200,,2.580,3.160
2021100310,1829,7.000,39,43,3.200,3.600,,2.440,4.440
2021100310,2086,6.000,46,51,4.000,4.500,,6.650,21.930
2021100310,2166,6.000,40,44,3.400,3.800,,3.260,5.120
2021100310,2238,6.000,34,39,2.800,3.300,,5.230,12.990
2021100310,2281,7.000,26,31,1.900,2.400,,1.670,2.340
2021100310,2328,7.000,39,43,3.200,3.600,,5.000,8.800
2021100310,2480,7.000,46,51,3.900,4.400,,7.870,14.590
2021100310,2584,6.000,49,53,4.300,4.700,2.100,4.920,12.870
2021100310,2711,6.000,39,44,3.300,3.800,,1.330,2.200
2021100310,2803,7.000,44,48,3.700,4.100,,4.640,10.130
2021100310,2831,7.000,30,34,2.300,2.700,,0.960,1.240
2021100310,2920,7.000,31,35,2.400,2.800,,6.290,11.150
2021100310,2959,7.000,29,34,2.200,2.700,,2.290,2.950
2021100310,3013,7.000,30,35,2.300,2.800,,4.250,9.270
2021100310,3062,6.000,32,36,2.600,3.000,2.600,2.350,3.040
2021100310,3208,6.000,41,46,3.500,4.000,3.500,4.050,6.540
2021100310,3230,7.000,43,48,3.600,4.100,3.600,5.650,11.070
2021100310,3268,7.000,42,46,3.500,3.900,3.400,4.840,14.360
2021100310,3338,7.000,31,36,2.400,2.900,,5.250,9.810
2021100310,3381,6.000,76,81,7.000,7.500,,7.130,24.080
2021100310,3407,6.000,36,41,3.000,3.500,,1.260,2.660
2021100310,3457,6.000,28,33,2.200,2.700,,5.230,5.050
2021100310,3478,7.000,41,46,3.400,3.900,,5.950,14.330
2021100310,3536,6.000,79,83,7.300,7.700,2.700,7.540,34.050
2021100310,3558,6.000,45,50,3.900,4.400,,4.720,5.650
2021100310,3700,6.000,49,54,4.300,4.800,2.600,7.530,13.980
2021100310,3733,7.000,26,31,1.900,2.400,,1.550,2.000
2021100310,3790,6.000,36,41,3.000,3.500,,4.790,5.360
2021100310,3815,6.000,54,59,4.800,5.300,3.000,3.950,11.730
2021100310,3883,6.000,57,62,5.100,5.600,3.700,8.130,16.410
2021100310,3915,6.000,38,43,3.200,3.700,2.500,3.080,5.840
2021100310,3937,6.000,40,45,3.400,3.900,,2.960,5.980
2021100310,3961,7.000,25,30,1.800,2.300,,1.750,2.390
2021100310,4025,6.000,29,33,2.300,2.700,,2.350,2.600
2021100310,4066,6.000,42,46,3.600,4.000,3.600,4.360,8.320
2021100310,4094,6.000,36,41,3.000,3.500,2.700,3.300,4.740
2021100310,4116,6.000,26,30,2.000,2.400,,1.960,1.870
2021100310,4138,6.000,59,64,5.300,5.800,2.700,6.250,13.070
2021100311,55,6.000,26,30,2.000,2.400,0.400,4.000,4.070
2021100311,121,6.000,37,42,3.100,3.600,,4.630,8.230
2021100311,143,6.000,30,35,2.400,2.900,,2.510,3.400
2021100311,165,6.000,43,48,3.700,4.200,2.800,4.020,10.070
2021100311,298,6.000,45,50,3.900,4.400,,2.920,8.550
2021100311,320,6.000,24,29,1.800,2.300,,1.240,1.640
2021100311,360,6.000,25,30,1.900,2.400,,1.780,2.650
2021100311,405,6.000,29,34,2.300,2.800,,4.460,5.820
2021100311,427,6.000,23,28,1.700,2.200,,1.830,2.380
2021100311,466,6.000,33,38,2.700,3.200,,3.510,5.090
2021100311,641,6.000,29,34,2.300,2.800,,3.670,6.280
2021100311,686,6.000,29,34,2.300,2.800,,3.250,5.170
2021100311,773,6.000,28,33,2.200,2.700,,1.870,2.270
2021100311,795,6.000,45,50,3.900,4.400,3.000,4.640,8.570
2021100311,842,6.000,63,68,5.700,6.200,0.000,5.680,24.410
2021100311,962,6.000,23,28,1.700,2.200,,2.270,2.970
2021100311,1039,6.000,33,38,2.700,3.200,2.500,1.800,2.240
2021100311,1084,6.000,40,45,3.400,3.900,,3.300,5.150
2021100311,1150,6.000,44,49,3.800,4.300,,3.780,6.240
2021100311,1174,6.000,44,49,3.800,4.300,,1.840,3.620
2021100311,1269,6.000,32,37,2.600,3.100,,1.810,2.710
2021100311,1312,6.000,60,65,5.400,5.900,2.300,3.380,10.830
2021100311,1356,6.000,27,32,2.100,2.600,,2.940,3.200
2021100311,1401,7.000,45,50,3.800,4.300,,3.700,7.350
2021100311,1423,7.000,47,51,4.000,4.400,,2.840,6.830
2021100311,1486,6.000,26,29,2.000,2.300,2.000,1.400,1.500
2021100311,1510,6.000,27,31,2.100,2.500,,1.060,1.440
2021100311,1630,6.000,33,38,2.700,3.200,,2.570,4.300
2021100311,1680,6.000,38,41,3.200,3.500,,3.390,6.560
2021100311,1820,7.000,40,43,3.300,3.600,2.500,3.340,8.410
2021100311,1842,8.000,44,47,3.600,3.900,3.600,3.250,6.260
2021100311,1916,6.000,41,45,3.500,3.900,3.400,3.230,6.350
2021100311,1961,6.000,34,37,2.800,3.100,2.300,4.250,5.110
2021100311,1983,7.000,31,34,2.400,2.700,,2.340,2.330
2021100311,2045,7.000,38,43,3.100,3.600,2.300,4.940,8.740
2021100311,2174,6.000,70,75,6.400,6.900,3.300,7.880,29.270
2021100311,2236,6.000,57,62,5.100,5.600,3.200,4.210,8.490
2021100311,2255,6.000,31,36,2.500,3.000,,2.560,3.920
2021100311,2279,6.000,40,45,3.400,3.900,,7.290,19.390
2021100311,2301,6.000,32,37,2.600,3.100,,0.830,1.480
2021100311,2325,6.000,51,56,4.500,5.000,2.700,5.420,11.770
2021100311,2368,6.000,57,62,5.100,5.600,,7.500,23.120
2021100311,2421,6.000,41,46,3.500,4.000,,4.070,7.250
2021100311,2480,6.000,51,56,4.500,5.000,,7.670,23.570
2021100311,2525,6.000,44,49,3.800,4.300,2.700,4.390,8.740
2021100311,2569,6.000,45,50,3.900,4.400,,5.560,10.540
2021100311,2649,6.000,31,35,2.500,2.900,,1.810,3.360
2021100311,2695,6.000,48,53,4.200,4.700,3.700,3.080,7.190
2021100311,2758,6.000,37,42,3.100,3.600,,1.890,2.480
2021100311,2780,7.000,32,36,2.500,2.900,,1.820,2.860
2021100311,2809,6.000,47,52,4.100,4.600,,3.800,8.210
2021100311,2854,6.000,50,55,4.400,4.900,,7.020,21.570
2021100311,2876,6.000,25,30,1.900,2.400,,1.820,2.050
2021100311,2900,6.000,43,48,3.700,4.200,,5.490,12.980
2021100311,2964,6.000,40,44,3.400,3.800,,7.510,19.790
2021100311,2999,6.000,39,44,3.300,3.800,,5.850,9.010
2021100311,3023,6.000,30,33,2.400,2.700,,1.840,2.150
2021100311,3045,6.000,22,27,1.600,2.100,,1.800,2.450
2021100311,3147,6.000,26,30,2.000,2.400,,1.410,2.170
2021100311,3185,6.000,27,32,2.100,2.600,,2.380,3.810
2021100311,3309,6.000,30,35,2.400,2.900,,1.640,2.290
2021100311,3333,6.000,27,32,2.100,2.600,,2.210,2.730
2021100311,3355,6.000,30,35,2.400,2.900,2.200,1.280,1.960
2021100311,3379,6.000,76,81,7.000,7.500,4.600,8.860,33.430
2021100311,3419,6.000,39,44,3.300,3.800,,2.930,4.870
2021100311,3458,6.000,47,52,4.100,4.600,,8.950,28.860
2021100311,3484,6.000,34,38,2.800,3.200,,2.040,4.670
2021100311,3508,6.000,28,33,2.200,2.700,,1.780,2.560
2021100311,3609,81.000,113,117,3.200,3.600,,2.880,6.730
2021100311,3685,7.000,23,27,1.600,2.000,,4.420,5.270
2021100311,3757,6.000,29,33,2.300,2.700,,2.180,2.180
2021100311,3829,7.000,44,48,3.700,4.100,3.300,4.990,14.490
2021100311,3887,6.000,44,49,3.800,4.300,2.700,5.350,9.290
2021100311,3906,7.000,37,41,3.000,3.400,,1.880,3.740
2021100311,3951,6.000,34,39,2.800,3.300,2.500,1.980,3.350
2021100311,3992,6.000,30,35,2.400,2.900,2.400,2.060,3.240
2021100311,4033,6.000,34,39,2.800,3.300,,1.860,3.450
2021100311,4074,7.000,31,34,2.400,2.700,2.300,2.010,2.970
2021100311,4096,7.000,34,37,2.700,3.000,,3.200,6.250
2021100312,55,6.000,25,28,1.900,2.200,,2.040,2.500
2021100312,126,6.000,28,33,2.200,2.700,,2.430,3.640
2021100312,216,6.000,42,47,3.600,4.100,2.700,2.810,6.130
2021100312,290,6.000,24,29,1.800,2.300,,2.140,3.030
2021100312,377,6.000,25,30,1.900,2.400,,2.760,3.610
2021100312,401,6.000,45,50,3.900,4.400,,5.160,11.120
2021100312,452,6.000,39,44,3.300,3.800,1.800,3.030,6.520
2021100312,540,6.000,23,28,1.700,2.200,,1.660,2.310
2021100312,562,6.000,26,31,2.000,2.500,2.000,2.750,4.250
2021100312,646,6.000,31,35,2.500,2.900,,4.640,10.060
2021100312,690,6.000,33,38,2.700,3.200,,2.980,3.990
2021100312,712,6.000,32,37,2.600,3.100,,2.730,5.210
2021100312,770,6.000,41,46,3.500,4.000,,4.430,10.370
2021100312,792,6.000,27,32,2.100,2.600,,3.150,4.180
2021100312,816,6.000,26,31,2.000,2.500,,2.140,2.720
2021100312,878,6.000,30,35,2.400,2.900,,2.390,3.890
2021100312,923,6.000,41,46,3.500,4.000,,7.010,10.480
2021100312,997,6.000,32,37,2.600,3.100,,1.530,2.000
2021100312,1019,6.000,34,39,2.800,3.300,2.400,2.550,4.920
2021100312,1083,6.000,50,55,4.400,4.900,3.300,4.070,10.650
2021100312,1145,6.000,43,48,3.700,4.200,,3.430,5.700
2021100312,1307,6.000,25,30,1.900,2.400,,2.020,2.350
2021100312,1342,6.000,28,33,2.200,2.700,,2.270,2.720
2021100312,1395,6.000,36,41,3.000,3.500,,1.980,3.280
2021100312,1438,6.000,27,32,2.100,2.600,,2.470,3.210
2021100312,1522,6.000,39,43,3.300,3.700,,3.280,5.880
2021100312,1626,6.000,34,39,2.800,3.300,2.600,3.220,4.770
2021100312,1665,6.000,28,33,2.200,2.700,,3.100,3.780
2021100312,1689,6.000,28,33,2.200,2.700,,2.560,4.260
2021100312,1735,6.000,27,32,2.100,2.600,,2.340,3.980
2021100312,1757,6.000,28,33,2.200,2.700,,2.700,3.470
2021100312,1800,6.000,23,28,1.700,2.200,,2.670,3.680
2021100312,1979,6.000,50,54,4.400,4.800,3.600,5.570,10.770
2021100312,2091,6.000,29,34,2.300,2.800,,4.330,9.040
2021100312,2113,6.000,31,36,2.500,3.000,,3.020,6.530
2021100312,2169,6.000,42,47,3.600,4.100,2.500,4.990,10.000
2021100312,2188,6.000,33,38,2.700,3.200,2.500,3.060,5.350
2021100312,2262,7.000,24,29,1.700,2.200,,1.420,2.070
2021100312,2286,6.000,23,27,1.700,2.100,,2.150,2.650
2021100312,2331,6.000,34,39,2.800,3.300,,2.560,3.630
2021100312,2353,6.000,32,37,2.600,3.100,2.200,1.390,2.330
2021100312,2619,6.000,36,41,3.000,3.500,,1.770,2.760
2021100312,2641,6.000,29,34,2.300,2.800,,2.320,2.800
2021100312,2680,7.000,24,28,1.700,2.100,,2.110,2.780
2021100312,2708,6.000,30,34,2.400,2.800,0.400,4.870,6.690
2021100312,2769,6.000,36,41,3.000,3.500,,2.640,4.240
2021100312,2791,7.000,30,35,2.300,2.800,,2.810,3.450
2021100312,2860,7.000,17,22,1.000,1.500,,0.850,0.610
2021100312,2903,7.000,27,32,2.000,2.500,,2.580,3.740
2021100312,2993,6.000,26,31,2.000,2.500,,2.100,2.240
2021100312,3017,6.000,32,37,2.600,3.100,,3.350,5.380
2021100312,3058,6.000,28,33,2.200,2.700,,2.380,2.630
2021100312,3124,6.000,50,55,4.400,4.900,2.600,2.660,5.810
2021100312,3143,6.000,26,31,2.000,2.500,,2.030,2.660
2021100312,3189,6.000,30,35,2.400,2.900,,2.640,3.290
2021100312,3301,6.000,33,37,2.700,3.100,,3.700,7.150
2021100312,3323,6.000,26,31,2.000,2.500,,2.380,3.550
2021100312,3362,6.000,26,30,2.000,2.400,,2.730,4.780
2021100312,3384,6.000,36,41,3.000,3.500,,3.020,5.980
2021100312,3442,6.000,32,37,2.600,3.100,,2.210,3.650
2021100312,3466,6.000,33,38,2.700,3.200,2.700,2.320,3.670
2021100312,3488,6.000,36,41,3.000,3.500,2.700,2.540,4.660
2021100312,3513,6.000,28,33,2.200,2.700,,2.020,3.140
2021100312,3537,6.000,53,58,4.700,5.200,,4.360,10.810
2021100312,3559,6.000,33,38,2.700,3.200,2.700,2.200,3.980
2021100312,3728,6.000,33,38,2.700,3.200,,3.480,5.770
2021100312,3799,6.000,95,100,8.900,9.400,5.100,5.960,37.700
2021100312,3865,6.000,29,34,2.300,2.800,,2.500,3.470
2021100312,3889,6.000,31,35,2.500,2.900,,2.280,3.630
2021100313,56,6.000,24,29,1.800,2.300,,2.120,2.030
2021100313,80,6.000,24,29,1.800,2.300,,2.640,3.590
2021100313,109,6.000,33,38,2.700,3.200,,4.570,6.750
2021100313,133,6.000,44,49,3.800,4.300,2.100,2.450,3.940
2021100313,161,6.000,42,47,3.600,4.100,2.300,3.610,6.120
2021100313,202,6.000,30,35,2.400,2.900,,4.050,4.680
2021100313,226,6.000,34,39,2.800,3.300,,2.390,3.610
2021100313,303,6.000,29,34,2.300,2.800,,1.710,2.860
2021100313,327,6.000,42,46,3.600,4.000,,3.070,5.350
2021100313,399,6.000,27,32,2.100,2.600,,4.470,5.570
2021100313,494,6.000,37,42,3.100,3.600,,2.450,4.250
2021100313,585,6.000,40,45,3.400,3.900,,5.120,9.930
2021100313,654,6.000,32,36,2.600,3.000,,2.640,4.280
2021100313,678,6.000,39,43,3.300,3.700,,5.010,8.150
2021100313,758,6.000,31,35,2.500,2.900,,4.250,5.740
2021100313,780,6.000,30,35,2.400,2.900,,3.080,5.090
2021100313,840,6.000,28,33,2.200,2.700,,3.060,4.130
2021100313,885,6.000,43,48,3.700,4.200,2.300,2.450,5.210
2021100313,907,6.000,31,35,2.500,2.900,2.500,3.690,7.180
2021100313,970,6.000,33,38,2.700,3.200,2.500,4.780,6.730
2021100313,1036,6.000,33,38,2.700,3.200,,2.590,3.760
2021100313,1094,6.000,37,42,3.100,3.600,,3.210,5.840
2021100313,1163,6.000,42,47,3.600,4.100,,2.860,4.220
2021100313,1185,6.000,26,31,2.000,2.500,,3.200,5.090
2021100313,1295,6.000,44,49,3.800,4.300,3.000,3.320,6.660
2021100313,1319,6.000,29,33,2.300,2.700,,2.570,2.840
2021100313,1343,6.000,26,31,2.000,2.500,,2.600,3.790
2021100313,1365,6.000,30,35,2.400,2.900,2.400,3.270,4.690
2021100313,1389,6.000,29,34,2.300,2.800,,3.360,4.360
2021100313,1475,6.000,35,40,2.900,3.400,,3.720,5.200
2021100313,1511,6.000,30,35,2.400,2.900,,3.300,4.930
2021100313,1561,6.000,27,31,2.100,2.500,0.000,4.900,6.760
2021100313,1594,6.000,29,34,2.300,2.800,,4.010,5.830
2021100313,1618,6.000,40,45,3.400,3.900,2.800,3.170,5.600
2021100313,1718,6.000,24,29,1.800,2.300,,2.150,2.810
2021100313,1768,6.000,40,45,3.400,3.900,2.500,4.340,9.260
2021100313,1789,6.000,53,58,4.700,5.200,,5.500,13.800
2021100313,1854,6.000,26,31,2.000,2.500,,2.270,2.630
2021100313,1930,6.000,42,47,3.600,4.100,2.600,2.490,4.640
2021100313,2041,6.000,24,29,1.800,2.300,,1.500,2.030
2021100313,2070,6.000,61,66,5.500,6.000,3.100,6.120,17.940
2021100313,2111,6.000,31,36,2.500,3.000,,2.970,4.050
2021100313,2135,6.000,35,40,2.900,3.400,,2.620,3.740
2021100313,2159,7.000,28,33,2.100,2.600,,2.390,3.840
2021100313,2181,6.000,26,31,2.000,2.500,,2.420,2.620
2021100313,2203,6.000,27,32,2.100,2.600,,2.540,3.550
2021100313,2379,6.000,28,33,2.200,2.700,,1.630,1.970
2021100313,2401,6.000,37,41,3.100,3.500,2.900,3.330,5.570
2021100313,2496,6.000,41,46,3.500,4.000,,4.500,7.980
2021100313,2541,6.000,23,28,1.700,2.200,,2.260,3.000
2021100313,2628,6.000,27,32,2.100,2.600,,1.850,2.840
2021100313,2702,6.000,51,56,4.500,5.000,3.500,4.530,11.210
2021100313,2721,6.000,34,39,2.800,3.300,2.700,3.470,5.850
2021100313,2948,6.000,69,74,6.300,6.800,,7.020,31.250
2021100313,2970,6.000,32,37,2.600,3.100,,2.530,3.140
2021100313,3086,6.000,33,38,2.700,3.200,2.200,5.830,10.930
2021100313,3110,6.000,34,39,2.800,3.300,,5.220,8.440
2021100313,3134,6.000,25,30,1.900,2.400,,2.180,2.980
2021100313,3158,6.000,34,39,2.800,3.300,,4.760,7.600
2021100313,3182,6.000,30,34,2.400,2.800,,3.440,5.000
2021100313,3254,6.000,24,29,1.800,2.300,0.000,3.110,5.100
2021100313,3367,6.000,27,32,2.100,2.600,,3.040,4.030
2021100313,3417,7.000,42,47,3.500,4.000,,2.430,5.000
2021100313,3439,6.000,49,54,4.300,4.800,3.400,5.230,10.380
2021100313,3550,6.000,30,35,2.400,2.900,,2.130,3.040
2021100313,3572,6.000,26,31,2.000,2.500,,1.960,2.820
2021100313,3617,6.000,29,34,2.300,2.800,,3.060,3.890
2021100313,3639,6.000,74,79,6.800,7.300,3.300,7.040,24.610
2021100313,3695,7.000,38,43,3.100,3.600,,4.670,7.940
2021100313,3719,6.000,26,31,2.000,2.500,0.500,3.950,4.950
2021100313,3743,6.000,29,33,2.300,2.700,,3.020,3.860
2021100313,3800,6.000,45,50,3.900,4.400,,4.230,7.270
2021100313,3822,6.000,41,46,3.500,4.000,1.700,7.130,20.370
2021100313,3906,6.000,32,37,2.600,3.100,,2.650,3.430
2021100313,3966,6.000,32,36,2.600,3.000,,2.440,3.800
2021100313,4001,6.000,41,46,3.500,4.000,,3.060,5.440
2021100313,4028,7.000,37,42,3.000,3.500,,2.710,6.550
2021100313,4100,6.000,31,36,2.500,3.000,,2.610,3.500
2021100313,4139,6.000,33,38,2.700,3.200,,2.500,3.930
2021100313,4216,6.000,34,39,2.800,3.300,2.500,2.940,4.540
2021100313,4249,6.000,23,28,1.700,2.200,,3.890,4.250
2021100313,4296,6.000,24,29,1.800,2.300,,2.600,3.550
2021100313,4325,6.000,28,33,2.200,2.700,,3.720,5.110
2021100313,4347,6.000,27,32,2.100,2.600,2.000,2.470,3.000
2021100313,4376,6.000,25,30,1.900,2.400,,3.180,4.080
2021100313,1878,,20,25,,,,2.730,3.680
2021100400,81,6.000,25,30,1.900,2.400,,1.770,2.430
2021100400,149,6.000,35,40,2.900,3.400,,1.640,2.890
2021100400,196,6.000,39,43,3.300,3.700,0.000,4.400,7.020
2021100400,262,6.000,27,31,2.100,2.500,,2.310,2.740
2021100400,312,6.000,26,31,2.000,2.500,,2.500,3.060
2021100400,380,6.000,34,39,2.800,3.300,,2.630,4.320
2021100400,485,6.000,32,37,2.600,3.100,,2.290,3.000
2021100400,532,6.000,40,45,3.400,3.900,3.400,4.390,12.520
2021100400,592,6.000,30,34,2.400,2.800,,2.580,3.370
2021100400,644,6.000,31,35,2.500,2.900,,4.050,5.600
2021100400,666,6.000,29,34,2.300,2.800,,2.120,2.830
2021100400,707,6.000,32,37,2.600,3.100,2.400,2.930,4.460
2021100400,800,6.000,34,39,2.800,3.300,1.500,3.430,4.260
2021100400,819,6.000,34,38,2.800,3.200,,2.670,4.150
2021100400,841,6.000,45,50,3.900,4.400,,3.380,5.750
2021100400,921,6.000,41,46,3.500,4.000,2.800,3.460,6.570
2021100400,964,6.000,35,40,2.900,3.400,,3.060,5.250
2021100400,1077,6.000,31,35,2.500,2.900,2.500,2.090,2.860
2021100400,1198,6.000,36,41,3.000,3.500,,2.970,6.430
2021100400,1222,6.000,41,46,3.500,4.000,3.100,2.630,6.550
2021100400,1289,6.000,39,44,3.300,3.800,,3.370,8.260
2021100400,1338,6.000,26,31,2.000,2.500,,1.840,2.120
2021100400,1362,6.000,42,46,3.600,4.000,3.400,4.770,11.810
2021100400,1384,7.000,33,37,2.600,3.000,2.500,2.200,3.380
2021100400,1424,6.000,25,30,1.900,2.400,,1.490,2.200
2021100400,1446,6.000,33,38,2.700,3.200,2.600,6.220,10.330
2021100400,1468,6.000,25,30,1.900,2.400,,1.560,1.740
2021100400,1522,6.000,36,41,3.000,3.500,0.700,4.400,8.240
2021100400,1599,6.000,33,37,2.700,3.100,2.700,4.680,6.840
2021100400,1650,6.000,32,37,2.600,3.100,,2.510,4.940
2021100400,1674,6.000,29,33,2.300,2.700,,2.010,2.720
2021100400,1891,6.000,31,35,2.500,2.900,2.500,3.530,5.370
2021100400,1953,6.000,32,37,2.600,3.100,2.200,2.980,5.100
2021100400,1975,7.000,27,31,2.000,2.400,1.800,3.950,4.740
2021100400,1999,7.000,30,35,2.300,2.800,,2.300,3.070
2021100400,2023,6.000,32,37,2.600,3.100,,3.100,6.780
2021100400,2047,7.000,40,44,3.300,3.700,,5.300,10.150
2021100400,2088,7.000,28,31,2.100,2.400,,2.020,2.690
2021100400,2278,6.000,24,29,1.800,2.300,,1.350,1.610
2021100400,2302,6.000,83,88,7.700,8.200,2.800,7.170,29.280
2021100400,2386,6.000,50,55,4.400,4.900,,7.730,21.490
2021100400,2457,6.000,29,34,2.300,2.800,,1.900,2.180
2021100400,2505,6.000,57,62,5.100,5.600,2.800,6.210,13.660
2021100400,2524,6.000,32,36,2.600,3.000,,2.440,3.980
2021100400,2548,6.000,47,52,4.100,4.600,,5.390,10.830
2021100400,2659,6.000,43,47,3.700,4.100,0.000,4.660,9.140
2021100400,2747,6.000,40,45,3.400,3.900,3.400,5.530,15.640
2021100400,2829,6.000,24,29,1.800,2.300,,1.530,1.920
2021100400,2858,6.000,36,41,3.000,3.500,,3.210,5.040
2021100400,2912,6.000,36,40,3.000,3.400,2.000,4.480,9.120
2021100400,2957,6.000,51,55,4.500,4.900,,4.710,10.050
2021100400,2979,6.000,45,49,3.900,4.300,,2.850,6.460
2021100400,3047,6.000,29,34,2.300,2.800,,1.920,3.020
2021100400,3116,6.000,23,28,1.700,2.200,,2.110,2.580
2021100400,3231,6.000,35,39,2.900,3.300,0.000,4.170,7.020
2021100400,3257,6.000,26,31,2.000,2.500,1.900,2.580,2.980
2021100400,3279,6.000,39,43,3.300,3.700,2.400,3.380,7.660
2021100400,3337,6.000,43,48,3.700,4.200,,4.280,7.290
2021100400,3423,6.000,47,52,4.100,4.600,3.000,2.530,6.300
2021100400,3504,7.000,30,34,2.300,2.700,,2.010,3.330
2021100400,3526,6.000,30,34,2.400,2.800,,2.550,3.740
2021100400,3637,6.000,32,37,2.600,3.100,,5.300,7.960
2021100400,3711,6.000,34,39,2.800,3.300,,2.600,4.320
2021100400,3735,6.000,26,31,2.000,2.500,,3.700,5.390
2021100400,3757,6.000,27,32,2.100,2.600,,2.370,2.890
2021100400,3781,6.000,31,36,2.500,3.000,,5.660,13.010
2021100400,3805,6.000,48,53,4.200,4.700,4.100,6.250,16.570
2021100400,3838,6.000,60,65,5.400,5.900,4.200,5.130,16.380
2021100400,3859,7.000,42,46,3.500,3.900,,3.230,6.270
2021100400,4096,7.000,35,39,2.800,3.200,2.800,2.400,3.280
2021100400,4118,7.000,51,56,4.400,4.900,3.200,6.510,14.640
2021100400,4139,6.000,42,47,3.600,4.100,3.400,3.260,6.620
2021100400,4161,7.000,45,50,3.800,4.300,2.800,5.670,12.370
2021100700,95,6.000,42,47,3.600,4.100,,3.250,6.860
2021100700,165,6.000,33,38,2.700,3.200,,3.010,4.170
2021100700,227,6.000,44,48,3.800,4.200,,4.610,9.560
2021100700,272,6.000,26,31,2.000,2.500,,5.450,8.110
2021100700,301,6.000,44,49,3.800,4.300,3.700,6.040,19.430
2021100700,372,6.000,28,33,2.200,2.700,,2.670,3.990
2021100700,417,7.000,26,31,1.900,2.400,,2.050,2.850
2021100700,523,7.000,27,32,2.000,2.500,0.700,3.560,3.820
2021100700,545,6.000,37,42,3.100,3.600,1.900,5.150,7.360
2021100700,599,6.000,56,61,5.000,5.500,3.100,5.620,11.370
2021100700,734,6.000,41,46,3.500,4.000,,4.620,8.460
2021100700,780,4.000,55,60,5.100,5.600,3.700,4.430,12.440
2021100700,799,7.000,34,39,2.700,3.200,,3.120,3.950
2021100700,823,6.000,33,38,2.700,3.200,,3.010,4.110
2021100700,893,6.000,72,77,6.600,7.100,,7.960,32.650
2021100700,920,6.000,38,43,3.200,3.700,,4.520,10.540
2021100700,988,6.000,37,42,3.100,3.600,,2.910,5.250
2021100700,1014,6.000,38,43,3.200,3.700,3.200,3.890,6.700
2021100700,1036,6.000,26,31,2.000,2.500,,2.390,3.340
2021100700,1143,6.000,46,51,4.000,4.500,,5.110,10.970
2021100700,1205,6.000,26,31,2.000,2.500,,2.230,2.400
2021100700,1336,7.000,39,44,3.200,3.700,,2.900,4.880
2021100700,1381,6.000,26,31,2.000,2.500,,2.530,3.820
2021100700,1405,6.000,27,31,2.100,2.500,,2.600,3.970
2021100700,1492,6.000,42,47,3.600,4.100,,6.140,19.150
2021100700,1649,6.000,33,38,2.700,3.200,2.700,2.850,3.630
2021100700,1694,6.000,32,37,2.600,3.100,2.500,2.830,4.180
2021100700,1727,6.000,28,33,2.200,2.700,,2.040,2.450
2021100700,1775,6.000,45,49,3.900,4.300,,4.480,10.970
2021100700,1828,6.000,28,32,2.200,2.600,,1.740,2.210
2021100700,1939,6.000,45,50,3.900,4.400,,4.770,10.030
2021100700,1984,6.000,32,37,2.600,3.100,1.900,6.360,10.510
2021100700,2051,6.000,86,91,8.000,8.500,3.800,5.740,22.130
2021100700,2110,7.000,25,30,1.800,2.300,,1.820,2.270
2021100700,2139,6.000,35,40,2.900,3.400,,2.620,3.660
2021100700,2161,6.000,33,38,2.700,3.200,,3.120,4.190
2021100700,2185,6.000,35,40,2.900,3.400,,2.980,4.300
2021100700,2207,6.000,36,41,3.000,3.500,3.000,3.840,7.440
2021100700,2229,6.000,41,46,3.500,4.000,,3.580,6.430
2021100700,2353,6.000,35,39,2.900,3.300,2.800,1.970,3.020
2021100700,2432,7.000,54,58,4.700,5.100,,7.470,22.140
2021100700,2466,6.000,32,37,2.600,3.100,2.400,3.130,5.520
2021100700,2490,6.000,41,46,3.500,4.000,,3.390,7.230
2021100700,2540,6.000,32,37,2.600,3.100,,3.240,4.160
2021100700,2617,6.000,28,33,2.200,2.700,,1.690,2.650
2021100700,2641,7.000,84,89,7.700,8.200,3.900,5.100,16.720
2021100700,2748,6.000,36,41,3.000,3.500,,2.590,3.640
2021100700,2833,6.000,36,40,3.000,3.400,,3.300,4.200
2021100700,2906,6.000,32,36,2.600,3.000,,2.900,3.740
2021100700,2939,6.000,27,32,2.100,2.600,,2.380,2.250
2021100700,3008,6.000,31,36,2.500,3.000,2.300,3.910,4.840
2021100700,3029,6.000,29,33,2.300,2.700,,2.600,3.270
2021100700,3095,6.000,48,53,4.200,4.700,,2.570,4.190
2021100700,3119,6.000,35,37,2.900,3.100,,3.160,4.260
2021100700,3206,6.000,35,39,2.900,3.300,,4.400,7.320
2021100700,3230,6.000,43,47,3.700,4.100,,3.130,6.400
2021100700,3275,7.000,37,42,3.000,3.500,,2.970,4.480
2021100700,3373,6.000,25,30,1.900,2.400,,1.920,3.050
2021100700,3425,6.000,54,58,4.800,5.200,,5.990,21.050
2021100700,3447,7.000,26,31,1.900,2.400,,4.090,5.980
2021100700,3471,7.000,30,35,2.300,2.800,,3.290,3.810
2021100700,3495,7.000,31,36,2.400,2.900,2.200,3.030,4.140
2021100700,3562,7.000,36,40,2.900,3.300,2.700,3.590,4.790
2021100700,3584,6.000,38,43,3.200,3.700,2.700,2.640,6.310
2021100700,3606,6.000,68,73,6.200,6.700,2.700,5.850,15.950
2021100700,3800,6.000,36,40,3.000,3.400,,3.220,6.250
2021100700,3841,7.000,45,49,3.800,4.200,,4.730,11.750
2021100700,4003,6.000,49,54,4.300,4.800,4.100,7.400,18.240
2021100700,4048,7.000,50,55,4.300,4.800,,6.610,15.680
2021100700,4074,6.000,31,35,2.500,2.900,,2.930,3.760
2021100700,2963,,50,54,,,,7.740,23.330
2021101000,55,6.000,34,39,2.800,3.300,,4.380,8.420
2021101000,121,6.000,41,46,3.500,4.000,3.300,2.270,4.160
2021101000,143,6.000,30,35,2.400,2.900,2.400,3.970,6.290
2021101000,197,6.000,30,35,2.400,2.900,,3.480,5.240
2021101000,219,6.000,29,34,2.300,2.800,,2.450,3.330
2021101000,319,6.000,25,30,1.900,2.400,,1.610,1.830
2021101000,364,6.000,34,39,2.800,3.300,,2.160,2.770
2021101000,465,6.000,57,62,5.100,5.600,2.900,8.060,21.210
2021101000,486,7.000,58,63,5.100,5.600,,6.820,22.130
2021101000,625,6.000,41,46,3.500,4.000,3.500,2.600,3.990
2021101000,670,6.000,31,36,2.500,3.000,,3.310,4.870
2021101000,715,6.000,51,56,4.500,5.000,,6.900,24.310
2021101000,739,6.000,33,38,2.700,3.200,,5.100,6.500
2021101000,763,6.000,29,34,2.300,2.800,,4.400,6.140
2021101000,828,6.000,35,40,2.900,3.400,,4.130,6.640
2021101000,888,6.000,38,43,3.200,3.700,3.100,3.310,5.940
2021101000,982,6.000,29,34,2.300,2.800,2.300,4.730,5.150
2021101000,1051,6.000,41,46,3.500,4.000,,4.410,9.390
2021101000,1112,8.000,45,50,3.700,4.200,,6.890,21.010
2021101000,1134,6.000,25,30,1.900,2.400,,2.990,3.630
2021101000,1190,6.000,42,47,3.600,4.100,,6.760,19.180
2021101000,1212,6.000,42,47,3.600,4.100,,4.750,9.520
2021101000,1238,6.000,33,38,2.700,3.200,2.500,4.360,6.780
2021101000,1268,6.000,33,37,2.700,3.100,2.300,2.870,4.880
2021101000,1329,7.000,28,33,2.100,2.600,,1.400,1.770
2021101000,1374,8.000,54,59,4.600,5.100,2.400,4.570,12.880
2021101000,1396,6.000,32,37,2.600,3.100,,3.000,4.460
2021101000,1492,6.000,48,53,4.200,4.700,,4.690,9.810
2021101000,1516,6.000,64,69,5.800,6.300,0.600,6.050,27.460
2021101000,1538,6.000,32,37,2.600,3.100,,2.540,4.160
2021101000,1676,6.000,35,40,2.900,3.400,,3.420,4.500
2021101000,1781,6.000,29,34,2.300,2.800,,4.940,8.790
2021101000,1803,6.000,28,33,2.200,2.700,,2.690,4.680
2021101000,1827,6.000,32,37,2.600,3.100,,2.800,3.910
2021101000,1872,6.000,47,51,4.100,4.500,3.800,5.310,11.870
2021101000,1894,6.000,32,37,2.600,3.100,2.500,3.050,4.420
2021101000,1927,6.000,33,38,2.700,3.200,,2.690,4.020
2021101000,1949,6.000,33,38,2.700,3.200,,2.880,3.850
2021101000,1971,7.000,24,29,1.700,2.200,,2.080,2.970
2021101000,2283,6.000,32,37,2.600,3.100,,4.110,6.620
2021101000,2307,6.000,30,35,2.400,2.900,,4.890,8.420
2021101000,2340,6.000,32,37,2.600,3.100,,2.400,3.110
2021101000,2362,9.000,38,43,2.900,3.400,2.900,3.540,5.730
2021101000,2402,8.000,42,46,3.400,3.800,,4.550,7.560
2021101000,2452,7.000,52,56,4.500,4.900,,6.800,20.740
2021101000,2474,7.000,42,46,3.500,3.900,3.000,3.540,7.590
2021101000,2576,7.000,42,45,3.500,3.800,,4.600,10.580
2021101000,2598,8.000,52,57,4.400,4.900,2.100,7.120,20.540
2021101000,2648,7.000,26,30,1.900,2.300,,1.960,2.380
2021101000,2722,6.000,28,31,2.200,2.500,,4.000,6.770
2021101000,2837,6.000,37,41,3.100,3.500,2.900,3.300,5.430
2021101000,2969,6.000,38,42,3.200,3.600,,4.170,7.440
2021101000,3035,6.000,28,33,2.200,2.700,,2.110,2.200
2021101000,3080,6.000,58,63,5.200,5.700,1.700,4.550,18.570
2021101000,3120,6.000,30,35,2.400,2.900,,2.200,2.990
2021101000,3144,6.000,35,40,2.900,3.400,2.700,3.500,8.090
2021101000,3187,6.000,29,34,2.300,2.800,,1.430,1.800
2021101000,3211,6.000,39,44,3.300,3.800,,2.460,4.500
2021101000,3235,6.000,40,45,3.400,3.900,,3.300,4.710
2021101000,3270,6.000,36,41,3.000,3.500,,3.280,5.610
2021101000,3294,6.000,53,58,4.700,5.200,,6.490,19.750
2021101000,3361,6.000,25,30,1.900,2.400,,1.940,2.820
2021101000,3397,6.000,40,45,3.400,3.900,,2.930,4.900
2021101000,3442,6.000,28,33,2.200,2.700,,2.060,3.290
2021101000,3500,6.000,27,32,2.100,2.600,,1.330,1.850
2021101000,3545,6.000,52,57,4.600,5.100,4.600,5.710,18.000
2021101000,3700,6.000,36,41,3.000,3.500,,3.020,4.820
2021101000,3729,6.000,64,69,5.800,6.300,3.600,3.200,11.120
2021101000,3765,6.000,36,41,3.000,3.500,,3.450,5.660
2021101000,3789,6.000,36,41,3.000,3.500,2.800,3.090,6.250
2021101000,3814,6.000,35,40,2.900,3.400,,1.440,2.570
2021101000,3836,6.000,37,42,3.100,3.600,,2.870,4.660
2021101000,3860,6.000,28,33,2.200,2.700,,2.130,3.050
2021101000,3889,6.000,96,101,9.000,9.500,,8.230,34.330
2021101000,3911,6.000,40,45,3.400,3.900,,3.180,6.380
2021101000,3952,6.000,34,39,2.800,3.300,,2.920,3.890
2021101000,3974,6.000,80,85,7.400,7.900,2.900,3.640,18.450
2021101001,62,6.000,29,34,2.300,2.800,,1.680,2.670
2021101001,206,6.000,26,31,2.000,2.500,,2.040,2.700
2021101001,251,6.000,38,43,3.200,3.700,2.900,4.630,6.720
2021101001,311,6.000,35,40,2.900,3.400,2.800,2.720,3.860
2021101001,345,6.000,73,78,6.700,7.200,,8.900,34.700
2021101001,450,6.000,30,34,2.400,2.800,,2.990,4.420
2021101001,539,6.000,32,37,2.600,3.100,2.500,2.720,3.760
2021101001,613,6.000,65,69,5.900,6.300,,7.840,22.420
2021101001,735,6.000,26,31,2.000,2.500,,2.350,2.610
2021101001,806,6.000,56,61,5.000,5.500,2.800,7.830,20.850
2021101001,828,6.000,27,32,2.100,2.600,,2.320,2.690
2021101001,873,6.000,32,37,2.600,3.100,,2.410,3.120
2021101001,895,6.000,28,33,2.200,2.700,,2.420,3.330
2021101001,973,6.000,30,35,2.400,2.900,,2.630,3.290
2021101001,997,6.000,26,31,2.000,2.500,,2.150,2.420
2021101001,1063,6.000,32,37,2.600,3.100,,2.440,3.810
2021101001,1184,6.000,30,35,2.400,2.900,,3.950,5.120
2021101001,1229,6.000,42,47,3.600,4.100,2.300,6.130,11.200
2021101001,1251,6.000,36,40,3.000,3.400,2.700,3.000,5.050
2021101001,1313,6.000,29,34,2.300,2.800,,2.590,3.270
2021101001,1359,6.000,24,29,1.800,2.300,,2.530,3.620
2021101001,1383,6.000,66,71,6.000,6.500,,8.100,30.130
2021101001,1429,6.000,53,58,4.700,5.200,2.500,6.300,17.720
2021101001,1518,6.000,36,41,3.000,3.500,2.100,2.660,6.040
2021101001,1556,6.000,78,83,7.200,7.700,4.400,8.230,31.620
2021101001,1602,6.000,79,83,7.300,7.700,3.600,9.290,40.510
2021101001,1679,6.000,41,46,3.500,4.000,3.400,4.500,7.840
2021101001,1780,6.000,58,63,5.200,5.700,2.800,2.400,7.140
2021101001,1974,6.000,32,37,2.600,3.100,2.600,2.970,4.400
2021101001,2019,6.000,25,30,1.900,2.400,,1.890,2.480
2021101001,2095,6.000,33,38,2.700,3.200,2.400,3.460,5.110
2021101001,2135,6.000,45,49,3.900,4.300,,3.330,7.700
2021101001,2176,6.000,56,61,5.000,5.500,,6.250,17.940
2021101001,2209,6.000,26,31,2.000,2.500,,2.600,3.770
2021101001,2250,6.000,36,41,3.000,3.500,,3.390,5.610
2021101001,2330,6.000,30,35,2.400,2.900,,2.430,3.240
2021101001,2391,6.000,43,48,3.700,4.200,,4.860,11.740
2021101001,2415,6.000,41,46,3.500,4.000,3.400,3.100,5.710
2021101001,2437,6.000,39,44,3.300,3.800,3.200,3.280,6.360
2021101001,2514,6.000,45,50,3.900,4.400,,8.340,18.430
2021101001,2540,6.000,27,31,2.100,2.500,,2.080,2.540
2021101001,2622,6.000,54,59,4.800,5.300,2.500,2.990,10.100
2021101001,2660,6.000,43,48,3.700,4.200,,2.240,4.820
2021101001,2747,6.000,38,43,3.200,3.700,3.100,4.700,8.960
2021101001,2773,6.000,22,27,1.600,2.100,,0.920,0.910
2021101001,2802,6.000,42,47,3.600,4.100,2.900,1.700,4.940
2021101001,2821,6.000,45,50,3.900,4.400,2.100,2.840,6.420
2021101001,2865,7.000,31,36,2.400,2.900,2.400,1.920,2.090
2021101001,2889,6.000,37,42,3.100,3.600,2.900,3.170,4.490
2021101001,2934,6.000,32,37,2.600,3.100,,2.510,3.580
2021101001,2958,6.000,51,56,4.500,5.000,3.400,6.520,16.080
2021101001,3024,6.000,26,31,2.000,2.500,,1.510,2.050
2021101001,3095,6.000,36,41,3.000,3.500,2.700,3.030,4.740
2021101001,3117,6.000,42,47,3.600,4.100,3.500,3.160,5.600
2021101001,3316,7.000,37,42,3.000,3.500,,3.160,5.070
2021101001,3389,7.000,35,40,2.800,3.300,,6.230,14.970
2021101001,3479,6.000,42,47,3.600,4.100,3.100,4.910,9.530
2021101001,3597,6.000,52,57,4.600,5.100,2.200,6.370,16.380
2021101001,3630,6.000,35,40,2.900,3.400,,4.430,6.130
2021101001,3707,6.000,48,52,4.200,4.600,3.900,7.830,17.110
2021101001,3748,6.000,35,39,2.900,3.300,,4.680,8.440
2021101001,3772,6.000,28,33,2.200,2.700,,2.170,2.730
2021101001,3836,6.000,27,32,2.100,2.600,,6.050,9.300
2021101001,3906,6.000,32,37,2.600,3.100,,3.710,5.180
2021101001,3974,6.000,43,47,3.700,4.100,1.500,7.130,18.600
2021101001,4003,6.000,29,34,2.300,2.800,,2.530,3.550
2021101001,4025,6.000,38,42,3.200,3.600,3.100,2.790,4.360
2021101001,4070,6.000,42,47,3.600,4.100,3.500,3.050,6.250
2021101001,4094,3.000,32,37,2.900,3.400,,2.870,4.970
2021101001,4116,6.000,35,40,2.900,3.400,,2.950,4.570
2021101002,154,6.000,61,66,5.500,6.000,5.500,7.370,30.820
2021101002,176,6.000,82,87,7.600,8.100,3.900,5.540,17.270
2021101002,223,6.000,23,28,1.700,2.200,,1.640,1.930
2021101002,247,6.000,27,32,2.100,2.600,,1.860,2.330
2021101002,317,6.000,35,40,2.900,3.400,,3.610,6.390
2021101002,341,6.000,56,61,5.000,5.500,2.900,7.370,21.730
2021101002,367,6.000,24,29,1.800,2.300,,1.890,2.000
2021101002,403,6.000,38,43,3.200,3.700,2.000,2.710,5.260
2021101002,422,6.000,38,43,3.200,3.700,3.100,3.010,4.920
2021101002,484,6.000,29,34,2.300,2.800,,1.430,2.420
2021101002,506,6.000,56,61,5.000,5.500,2.500,6.930,20.810
2021101002,567,6.000,32,37,2.600,3.100,,2.550,4.240
2021101002,589,7.000,30,35,2.300,2.800,2.300,2.780,3.770
2021101002,611,6.000,36,41,3.000,3.500,3.000,2.640,3.900
2021101002,656,6.000,35,40,2.900,3.400,,5.150,13.300
2021101002,680,6.000,33,38,2.700,3.200,,5.320,8.690
2021101002,704,6.000,25,30,1.900,2.400,,1.980,2.780
2021101002,728,6.000,38,43,3.200,3.700,2.500,2.650,5.510
2021101002,752,6.000,26,31,2.000,2.500,,1.510,1.940
2021101002,808,7.000,33,38,2.600,3.100,,1.660,2.790
2021101002,896,6.000,43,48,3.700,4.200,3.500,3.980,7.450
2021101002,920,6.000,51,56,4.500,5.000,,6.380,23.320
2021101002,968,6.000,31,36,2.500,3.000,,2.380,3.640
2021101002,1024,6.000,21,26,1.500,2.000,,1.450,1.690
2021101002,1074,6.000,62,67,5.600,6.100,2.300,3.650,8.180
2021101002,1112,7.000,41,46,3.400,3.900,,2.540,4.210
2021101002,1141,7.000,44,48,3.700,4.100,,6.650,20.760
2021101002,1233,6.000,37,42,3.100,3.600,3.000,3.510,6.620
2021101002,1296,7.000,54,59,4.700,5.200,2.800,3.180,8.280
2021101002,1315,6.000,30,35,2.400,2.900,,2.770,3.750
2021101002,1337,6.000,54,59,4.800,5.300,,7.530,18.790
2021101002,1408,6.000,26,31,2.000,2.500,,1.890,2.430
2021101002,1437,6.000,35,40,2.900,3.400,,2.840,3.800
2021101002,1482,6.000,40,45,3.400,3.900,,5.620,11.940
2021101002,1529,7.000,25,30,1.800,2.300,,2.130,3.400
2021101002,1575,6.000,34,39,2.800,3.300,,3.650,5.050
2021101002,1693,6.000,24,29,1.800,2.300,,1.250,1.980
2021101002,1717,6.000,85,90,7.900,8.400,,5.520,23.890
2021101002,1792,6.000,47,52,4.100,4.600,2.700,2.650,6.600
2021101002,1905,6.000,26,31,2.000,2.500,,1.820,2.050
2021101002,1929,6.000,55,60,4.900,5.400,4.400,7.240,27.240
2021101002,1957,6.000,45,50,3.900,4.400,,4.880,11.880
2021101002,2005,6.000,27,32,2.100,2.600,,2.600,3.920
2021101002,2076,6.000,71,75,6.500,6.900,4.500,6.720,18.200
2021101002,2168,6.000,36,41,3.000,3.500,,3.150,5.430
2021101002,2192,6.000,35,40,2.900,3.400,,2.870,6.360
2021101002,2273,6.000,27,32,2.100,2.600,,1.710,2.450
2021101002,2318,6.000,33,38,2.700,3.200,2.000,1.820,3.410
2021101002,2340,6.000,31,35,2.500,2.900,,2.640,4.010
2021101002,2406,6.000,41,46,3.500,4.000,3.000,2.670,6.060
2021101002,2452,6.000,52,57,4.600,5.100,,8.100,24.890
2021101002,2474,6.000,29,34,2.300,2.800,1.900,5.930,5.950
2021101002,2641,7.000,41,46,3.400,3.900,,2.390,3.940
2021101002,2728,6.000,31,36,2.500,3.000,,5.290,10.190
2021101002,2866,6.000,37,42,3.100,3.600,,2.890,7.620
2021101002,2924,6.000,33,38,2.700,3.200,,3.120,4.770
2021101002,3011,6.000,45,50,3.900,4.400,3.800,5.030,15.360
2021101002,3033,6.000,27,32,2.100,2.600,,3.020,4.260
2021101002,3100,6.000,40,45,3.400,3.900,,4.090,10.010
2021101002,3188,6.000,65,70,5.900,6.400,3.700,7.530,34.390
2021101002,3227,6.000,33,38,2.700,3.200,,2.950,6.050
2021101002,3269,7.000,29,34,2.200,2.700,,2.370,2.670
2021101002,3331,7.000,32,37,2.500,3.000,,2.590,3.590
2021101002,3355,6.000,31,36,2.500,3.000,,2.960,4.300
2021101002,3377,6.000,29,34,2.300,2.800,,2.410,3.210
2021101002,3401,6.000,43,48,3.700,4.200,,3.690,9.760
2021101002,3423,6.000,26,31,2.000,2.500,,2.390,3.530
2021101002,3522,6.000,38,43,3.200,3.700,,3.160,5.460
2021101002,3647,7.000,38,43,3.100,3.600,,2.150,4.480
2021101002,3806,6.000,30,35,2.400,2.900,,2.600,3.490
2021101002,3935,6.000,32,37,2.600,3.100,,1.860,2.920
2021101002,4007,6.000,50,55,4.400,4.900,3.200,4.000,8.930
2021101002,4043,6.000,49,54,4.300,4.800,4.100,4.170,12.000
2021101003,148,6.000,24,29,1.800,2.300,,2.450,3.440
2021101003,182,7.000,32,37,2.500,3.000,,3.250,5.200
2021101003,318,6.000,39,44,3.300,3.800,,4.810,8.480
2021101003,399,6.000,20,25,1.400,1.900,,1.780,2.670
2021101003,518,6.000,29,34,2.300,2.800,,4.330,4.800
2021101003,616,6.000,24,29,1.800,2.300,,2.380,2.710
2021101003,703,7.000,28,33,2.100,2.600,,1.400,1.870
2021101003,846,7.000,32,36,2.500,2.900,,6.250,12.070
2021101003,896,6.000,54,58,4.800,5.200,,6.940,18.270
2021101003,1006,6.000,24,28,1.800,2.200,,3.670,3.880
2021101003,1051,7.000,27,31,2.000,2.400,,1.090,1.150
2021101003,1075,6.000,28,33,2.200,2.700,,4.670,5.770
2021101003,1110,6.000,30,34,2.400,2.800,,4.720,6.610
2021101003,1236,6.000,29,34,2.300,2.800,,2.700,4.240
2021101003,1307,7.000,45,50,3.800,4.300,2.400,6.390,14.340
2021101003,1414,6.000,61,66,5.500,6.000,4.400,5.130,19.340
2021101003,1459,7.000,32,36,2.500,2.900,,2.810,4.540
2021101003,1481,6.000,20,24,1.400,1.800,,1.180,1.610
2021101003,1505,6.000,40,44,3.400,3.800,,6.690,15.570
2021101003,1546,7.000,39,43,3.200,3.600,,2.150,4.240
2021101003,1602,6.000,54,59,4.800,5.300,3.000,5.830,14.960
2021101003,1676,7.000,59,64,5.200,5.700,4.300,4.620,12.180
2021101003,1753,6.000,40,43,3.400,3.700,,3.240,5.810
2021101003,1777,7.000,60,64,5.300,5.700,2.800,7.020,22.980
2021101003,1801,6.000,28,33,2.200,2.700,,2.470,3.620
2021101003,1829,7.000,37,41,3.000,3.400,,3.490,5.320
2021101003,1874,8.000,36,40,2.800,3.200,,2.870,4.390
2021101003,1896,7.000,54,59,4.700,5.200,,6.260,16.770
2021101003,1920,7.000,33,37,2.600,3.000,2.400,3.350,5.270
2021101003,1966,7.000,40,44,3.300,3.700,3.200,6.760,17.840
2021101003,2089,7.000,42,46,3.500,3.900,3.500,4.870,9.800
2021101003,2229,7.000,40,44,3.300,3.700,,3.620,6.560
2021101003,2253,6.000,69,73,6.300,6.700,3.700,5.210,16.210
2021101003,2359,7.000,22,27,1.500,2.000,,1.830,2.160
2021101003,2523,7.000,30,34,2.300,2.700,,3.810,5.140
2021101003,2579,7.000,28,33,2.100,2.600,,2.470,3.890
2021101003,2604,7.000,49,53,4.200,4.600,3.500,8.310,23.180
2021101003,2679,7.000,34,38,2.700,3.100,,4.240,6.030
2021101003,2725,7.000,29,34,2.200,2.700,,4.060,5.470
2021101003,2906,7.000,35,40,2.800,3.300,,3.070,5.240
2021101003,2972,6.000,34,38,2.800,3.200,,4.360,6.890
2021101003,2994,7.000,49,53,4.200,4.600,2.700,6.210,13.790
2021101003,3076,7.000,24,28,1.700,2.100,,3.950,4.440
2021101003,3184,7.000,32,37,2.500,3.000,,2.600,3.360
2021101003,3261,7.000,36,41,2.900,3.400,1.900,2.940,5.830
2021101003,3280,7.000,36,40,2.900,3.300,,2.860,5.490
2021101003,3332,6.000,31,34,2.500,2.800,,4.730,5.910
2021101003,3397,7.000,42,47,3.500,4.000,1.500,3.840,7.200
2021101003,3420,7.000,40,43,3.300,3.600,,4.260,5.930
2021101003,3449,7.000,40,44,3.300,3.700,3.200,3.440,5.410
2021101003,3525,7.000,37,41,3.000,3.400,,4.330,7.920
2021101003,3549,6.000,38,42,3.200,3.600,,4.640,7.720
2021101003,3857,7.000,58,63,5.100,5.600,,4.400,13.040
2021101003,3879,7.000,35,39,2.800,3.200,,2.650,5.220
2021101004,77,6.000,39,43,3.300,3.700,0.000,4.240,7.820
2021101004,99,7.000,45,48,3.800,4.100,3.100,3.260,7.340
2021101004,314,6.000,28,33,2.200,2.700,,3.460,4.560
2021101004,391,7.000,31,36,2.400,2.900,,5.090,7.610
2021101004,436,6.000,22,26,1.600,2.000,,0.610,0.660
2021101004,479,6.000,47,51,4.100,4.500,0.600,6.030,15.190
2021101004,503,6.000,51,54,4.500,4.800,,4.890,16.510
2021101004,538,7.000,23,27,1.600,2.000,,1.870,2.090
2021101004,585,7.000,29,34,2.200,2.700,,2.810,3.710
2021101004,609,6.000,61,66,5.500,6.000,,5.720,17.750
2021101004,676,7.000,41,45,3.400,3.800,2.500,4.670,10.940
2021101004,698,6.000,34,39,2.800,3.300,,2.960,5.670
2021101004,727,7.000,39,43,3.200,3.600,,4.790,7.220
2021101004,770,7.000,33,38,2.600,3.100,2.400,2.720,4.350
2021101004,845,6.000,33,37,2.700,3.100,,2.950,3.660
2021101004,869,7.000,37,42,3.000,3.500,,4.240,6.800
2021101004,1035,6.000,32,37,2.600,3.100,,2.790,5.640
2021101004,1059,7.000,33,38,2.600,3.100,,6.380,10.880
2021101004,1083,6.000,43,48,3.700,4.200,1.800,7.040,14.270
2021101004,1182,6.000,24,29,1.800,2.300,,2.810,4.260
2021101004,1233,7.000,42,46,3.500,3.900,3.500,4.640,7.620
2021101004,1397,7.000,45,50,3.800,4.300,2.800,6.600,16.740
2021101004,1547,7.000,36,40,2.900,3.300,2.500,2.990,4.230
2021101004,1590,6.000,36,41,3.000,3.500,2.600,3.030,5.630
2021101004,1708,7.000,34,38,2.700,3.100,,1.470,2.280
2021101004,1732,7.000,31,36,2.400,2.900,2.400,1.590,2.720
2021101004,1754,6.000,39,44,3.300,3.800,2.700,3.500,5.840
2021101004,1794,7.000,34,39,2.700,3.200,2.700,2.400,3.380
2021101004,1857,6.000,40,45,3.400,3.900,,2.980,6.520
2021101004,1881,7.000,69,74,6.200,6.700,2.900,7.950,24.720
2021101004,1917,6.000,36,41,3.000,3.500,,3.140,5.590
2021101004,2089,6.000,40,44,3.400,3.800,3.200,2.640,3.800
2021101004,2176,6.000,30,35,2.400,2.900,,1.890,2.680
2021101004,2231,6.000,41,46,3.500,4.000,3.300,4.740,11.300
2021101004,2493,7.000,64,69,5.700,6.200,1.600,6.540,18.070
2021101004,2552,7.000,26,30,1.900,2.300,,0.540,0.590
2021101004,2574,7.000,45,49,3.800,4.200,2.800,4.420,7.090
2021101004,2615,6.000,39,44,3.300,3.800,,7.510,14.260
2021101004,2685,6.000,40,45,3.400,3.900,2.400,3.870,8.200
2021101004,2784,7.000,45,50,3.800,4.300,0.300,4.950,12.780
2021101004,2891,7.000,53,58,4.600,5.100,2.200,6.890,25.390
2021101004,2956,6.000,35,40,2.900,3.400,2.800,2.680,3.560
2021101004,3014,7.000,59,63,5.200,5.600,,5.130,18.830
2021101004,3043,7.000,41,45,3.400,3.800,3.100,2.550,3.920
2021101004,3129,7.000,51,56,4.400,4.900,,4.660,10.650
2021101004,3157,7.000,36,39,2.900,3.200,,4.890,8.430
2021101004,3207,7.000,42,46,3.500,3.900,,3.640,8.380
2021101004,3239,7.000,36,39,2.900,3.200,,4.600,8.840
2021101004,3261,7.000,29,33,2.200,2.600,,1.420,1.980
2021101004,3453,7.000,52,57,4.500,5.000,2.200,4.350,10.680
2021101004,3472,6.000,23,28,1.700,2.200,,0.770,0.860
2021101004,3515,6.000,46,50,4.000,4.400,,4.120,7.210
2021101004,3548,7.000,34,38,2.700,3.100,2.400,2.660,3.720
2021101004,3616,6.000,41,46,3.500,4.000,,3.000,6.940
2021101004,3640,6.000,34,38,2.800,3.200,2.800,3.510,7.080
2021101004,3885,6.000,32,37,2.600,3.100,,2.560,3.980
2021101004,3914,7.000,22,27,1.500,2.000,,0.830,0.870
2021101004,3956,7.000,40,45,3.300,3.800,3.300,3.030,6.860
2021101004,3997,7.000,26,29,1.900,2.200,1.900,2.700,3.750
2021101004,4067,7.000,23,26,1.600,1.900,,1.630,2.120
2021101004,4089,7.000,39,44,3.200,3.700,2.400,2.760,5.490
2021101004,3595,,30,35,,,,5.510,7.500
2021101004,3861,,39,43,,,,7.040,18.530
2021101005,101,6.000,30,35,2.400,2.900,,2.440,3.080
2021101005,167,6.000,38,43,3.200,3.700,,4.740,11.910
2021101005,201,6.000,28,33,2.200,2.700,,1.980,2.720
2021101005,225,6.000,32,37,2.600,3.100,,2.180,4.410
2021101005,268,6.000,28,33,2.200,2.700,,2.490,3.690
2021101005,330,6.000,41,46,3.500,4.000,,6.040,16.980
2021101005,378,6.000,30,35,2.400,2.900,,2.350,3.050
2021101005,402,6.000,27,32,2.100,2.600,,3.190,4.080
2021101005,445,6.000,30,35,2.400,2.900,,2.900,3.810
2021101005,495,6.000,33,38,2.700,3.200,,5.220,12.710
2021101005,519,6.000,46,51,4.000,4.500,3.800,5.400,11.300
2021101005,575,6.000,41,46,3.500,4.000,,4.490,8.480
2021101005,620,6.000,34,39,2.800,3.300,,2.660,4.140
2021101005,716,6.000,49,54,4.300,4.800,,7.040,23.350
2021101005,788,6.000,52,57,4.600,5.100,3.300,3.720,7.840
2021101005,807,6.000,35,40,2.900,3.400,2.600,2.270,3.560
2021101005,857,6.000,55,60,4.900,5.400,3.000,5.120,17.630
2021101005,918,6.000,29,34,2.300,2.800,,0.900,1.120
2021101005,940,6.000,33,38,2.700,3.200,,2.930,3.440
2021101005,964,6.000,37,42,3.100,3.600,,4.440,6.490
2021101005,1044,6.000,40,45,3.400,3.900,3.300,4.730,6.030
2021101005,1106,6.000,40,45,3.400,3.900,2.500,2.890,6.330
2021101005,1185,6.000,35,40,2.900,3.400,,4.770,11.750
2021101005,1256,6.000,25,30,1.900,2.400,,2.250,2.750
2021101005,1341,6.000,31,36,2.500,3.000,,4.420,5.020
2021101005,1396,6.000,39,44,3.300,3.800,,6.140,16.250
2021101005,1420,10.000,40,45,3.000,3.500,,4.830,8.540
2021101005,1476,6.000,31,36,2.500,3.000,,2.410,3.370
2021101005,1532,6.000,32,37,2.600,3.100,,1.980,3.250
2021101005,1573,6.000,29,34,2.300,2.800,,1.780,2.870
2021101005,1597,6.000,32,37,2.600,3.100,2.600,2.560,4.420
2021101005,1669,6.000,25,30,1.900,2.400,,1.860,2.500
2021101005,1701,6.000,30,35,2.400,2.900,,2.710,4.080
2021101005,1723,6.000,31,36,2.500,3.000,,2.420,3.290
2021101005,1745,6.000,34,39,2.800,3.300,,4.790,8.020
2021101005,1904,6.000,44,49,3.800,4.300,2.900,4.650,12.070
2021101005,2019,6.000,35,40,2.900,3.400,,2.780,5.510
2021101005,2132,6.000,40,45,3.400,3.900,,4.240,5.230
2021101005,2321,6.000,51,56,4.500,5.000,,5.840,21.500
2021101005,2343,6.000,30,35,2.400,2.900,,2.710,3.640
2021101005,2384,6.000,30,35,2.400,2.900,,3.340,5.080
2021101005,2434,6.000,51,56,4.500,5.000,,7.680,25.790
2021101005,2456,6.000,42,47,3.600,4.100,3.500,5.470,11.820
2021101005,2612,6.000,27,32,2.100,2.600,,5.370,8.570
2021101005,2682,8.000,34,39,2.600,3.100,,3.310,5.000
2021101005,2746,6.000,45,50,3.900,4.400,,4.500,10.700
2021101005,2779,6.000,34,39,2.800,3.300,,3.350,4.840
2021101005,2910,10.000,36,41,2.600,3.100,,4.200,7.050
2021101005,2968,6.000,43,48,3.700,4.200,,4.880,12.500
2021101005,3029,6.000,32,37,2.600,3.100,,4.260,5.710
2021101005,3095,6.000,44,49,3.800,4.300,2.500,4.620,10.100
2021101005,3114,6.000,54,59,4.800,5.300,,4.070,9.790
2021101005,3136,6.000,23,28,1.700,2.200,,1.440,2.010
2021101005,3194,6.000,32,37,2.600,3.100,,2.340,2.920
2021101005,3229,6.000,36,41,3.000,3.500,2.600,2.610,5.140
2021101005,3253,6.000,30,35,2.400,2.900,,2.590,4.080
2021101005,3275,6.000,44,49,3.800,4.300,3.700,2.730,7.420
2021101005,3310,11.000,68,73,5.700,6.200,2.700,3.710,12.580
2021101005,3340,6.000,37,42,3.100,3.600,2.400,2.770,6.020
2021101005,3447,6.000,53,58,4.700,5.200,0.600,6.510,24.290
2021101005,3489,6.000,38,43,3.200,3.700,2.700,5.280,8.690
2021101005,3513,6.000,34,39,2.800,3.300,2.800,2.850,3.810
2021101005,3542,6.000,30,35,2.400,2.900,,2.400,3.250
2021101005,3564,6.000,31,36,2.500,3.000,,2.830,3.830
2021101005,3808,6.000,26,31,2.000,2.500,,1.780,1.940
2021101005,3854,6.000,38,43,3.200,3.700,,4.670,10.920
2021101005,3890,6.000,39,44,3.300,3.800,,2.860,5.220
2021101005,3931,6.000,25,30,1.900,2.400,,2.630,3.650
2021101005,3972,6.000,42,47,3.600,4.100,,2.980,5.400
2021101006,115,6.000,28,32,2.200,2.600,,2.580,3.050
2021101006,170,6.000,34,39,2.800,3.300,2.500,1.850,2.850
2021101006,192,6.000,31,36,2.500,3.000,,2.510,3.470
2021101006,313,6.000,25,30,1.900,2.400,,2.110,2.330
2021101006,398,6.000,26,30,2.000,2.400,,2.020,2.400
2021101006,425,6.000,29,34,2.300,2.800,,2.100,3.370
2021101006,472,6.000,29,34,2.300,2.800,,2.360,3.800
2021101006,582,6.000,48,53,4.200,4.700,2.800,4.720,8.790
2021101006,653,6.000,36,40,3.000,3.400,,2.950,6.320
2021101006,756,6.000,23,27,1.700,2.100,,1.490,1.860
2021101006,878,6.000,27,32,2.100,2.600,,2.600,4.490
2021101006,900,6.000,35,40,2.900,3.400,,2.860,5.480
2021101006,992,6.000,30,34,2.400,2.800,,1.390,2.640
2021101006,1014,6.000,32,37,2.600,3.100,,2.160,4.230
2021101006,1114,6.000,32,36,2.600,3.000,,2.380,3.030
2021101006,1188,6.000,39,43,3.300,3.700,,3.090,6.840
2021101006,1271,6.000,47,52,4.100,4.600,2.500,5.420,14.360
2021101006,1389,6.000,24,29,1.800,2.300,,1.870,2.450
2021101006,1480,6.000,42,47,3.600,4.100,3.300,4.050,7.300
2021101006,1502,6.000,30,35,2.400,2.900,,2.520,3.040
2021101006,1609,6.000,34,39,2.800,3.300,2.300,3.000,4.890
2021101006,1703,6.000,31,36,2.500,3.000,,1.870,2.360
2021101006,1729,6.000,26,31,2.000,2.500,,1.980,2.420
2021101006,1774,6.000,73,78,6.700,7.200,4.500,4.760,14.210
2021101006,1912,6.000,25,30,1.900,2.400,,1.860,2.310
2021101006,2026,6.000,37,41,3.100,3.500,,3.100,5.460
2021101006,2076,6.000,51,51,4.500,4.500,4.400,4.920,11.530
2021101006,2121,6.000,33,38,2.700,3.200,2.500,3.100,4.640
2021101006,2192,6.000,30,34,2.400,2.800,,2.330,3.150
2021101006,2328,6.000,30,35,2.400,2.900,,2.350,2.900
2021101006,2352,6.000,25,30,1.900,2.400,1.900,1.780,1.890
2021101006,2397,6.000,40,45,3.400,3.900,3.400,2.220,3.350
2021101006,2419,6.000,34,39,2.800,3.300,,2.860,6.420
2021101006,2506,6.000,33,38,2.700,3.200,2.700,3.330,4.420
2021101006,2562,6.000,30,35,2.400,2.900,,2.270,2.840
2021101006,2588,6.000,29,34,2.300,2.800,,3.660,6.590
2021101006,2631,6.000,30,35,2.400,2.900,,2.640,3.900
2021101006,2687,7.000,37,41,3.000,3.400,,2.890,5.040
2021101006,2711,6.000,38,43,3.200,3.700,2.100,3.910,6.970
2021101006,2751,6.000,35,40,2.900,3.400,2.900,2.950,5.190
2021101006,2794,6.000,37,41,3.100,3.500,2.500,3.150,6.150
2021101006,2864,6.000,28,32,2.200,2.600,,1.620,2.170
2021101006,2898,6.000,36,41,3.000,3.500,2.300,2.620,4.980
2021101006,2922,6.000,31,35,2.500,2.900,,2.270,4.050
2021101006,2946,6.000,30,34,2.400,2.800,2.300,4.260,6.300
2021101006,2974,6.000,28,33,2.200,2.700,,3.970,4.350
2021101006,3013,6.000,40,45,3.400,3.900,3.200,3.840,6.620
2021101006,3060,6.000,38,42,3.200,3.600,,4.920,10.160
2021101006,3197,7.000,28,33,2.100,2.600,,2.480,3.740
2021101006,3273,6.000,30,34,2.400,2.800,2.300,2.000,3.000
2021101006,3297,7.000,35,39,2.800,3.200,,1.680,2.840
2021101006,3342,6.000,37,42,3.100,3.600,,2.930,5.680
2021101006,3613,7.000,37,40,3.000,3.300,,1.650,2.570
2021101006,3639,7.000,29,33,2.200,2.600,,1.820,2.260
2021101006,3663,1.000,22,27,2.100,2.600,,1.590,1.880
2021101006,3704,6.000,47,52,4.100,4.600,2.700,5.570,15.850
2021101006,3728,6.000,33,37,2.700,3.100,,2.040,3.610
2021101006,3752,6.000,33,37,2.700,3.100,,2.370,4.330
2021101006,3774,6.000,34,38,2.800,3.200,2.700,2.940,4.380
2021101006,3798,6.000,46,51,4.000,4.500,2.600,6.730,10.510
2021101006,3825,6.000,35,39,2.900,3.300,2.600,2.400,4.550
2021101006,3849,6.000,27,31,2.100,2.500,2.000,1.600,2.300
2021101006,3876,6.000,38,42,3.200,3.600,,2.550,6.220
2021101007,77,7.000,62,66,5.500,5.900,3.200,5.880,16.970
2021101007,106,7.000,32,36,2.500,2.900,2.400,3.070,4.220
2021101007,195,7.000,24,28,1.700,2.100,,2.810,3.290
2021101007,295,86.000,106,110,2.000,2.400,1.700,2.300,8.160
2021101007,394,6.000,33,38,2.700,3.200,,2.490,3.800
2021101007,418,6.000,42,46,3.600,4.000,,4.430,9.350
2021101007,470,6.000,37,41,3.100,3.500,,4.310,7.560
2021101007,522,6.000,38,43,3.200,3.700,,4.200,7.400
2021101007,544,6.000,28,32,2.200,2.600,2.200,3.480,5.320
2021101007,600,6.000,48,52,4.200,4.600,2.600,2.730,7.000
2021101007,669,8.000,28,32,2.000,2.400,,2.610,3.810
2021101007,715,7.000,82,87,7.500,8.000,4.300,7.990,38.800
2021101007,767,6.000,25,29,1.900,2.300,,1.970,2.160
2021101007,791,7.000,36,40,2.900,3.300,,2.600,3.770
2021101007,864,7.000,22,27,1.500,2.000,,2.150,2.760
2021101007,935,6.000,41,45,3.500,3.900,,2.460,3.970
2021101007,957,6.000,27,31,2.100,2.500,2.000,1.800,2.860
2021101007,986,6.000,34,38,2.800,3.200,2.600,2.740,4.010
2021101007,1063,6.000,28,32,2.200,2.600,,2.050,2.480
2021101007,1085,7.000,50,55,4.300,4.800,2.100,2.270,8.090
2021101007,1138,6.000,36,40,3.000,3.400,2.600,2.460,5.280
2021101007,1183,7.000,26,30,1.900,2.300,,2.020,3.130
2021101007,1268,7.000,33,37,2.600,3.000,2.500,3.140,5.460
2021101007,1335,6.000,21,26,1.500,2.000,,1.280,1.350
2021101007,1359,6.000,48,52,4.200,4.600,,2.910,4.050
2021101007,1381,6.000,31,36,2.500,3.000,,2.980,4.790
2021101007,1434,6.000,30,34,2.400,2.800,,2.880,4.220
2021101007,1458,6.000,24,28,1.800,2.200,,2.080,2.670
2021101007,1560,6.000,24,29,1.800,2.300,,2.200,2.600
2021101007,1589,6.000,42,47,3.600,4.100,3.400,4.730,9.560
2021101007,1611,6.000,29,34,2.300,2.800,,3.050,3.920
2021101007,1635,6.000,31,36,2.500,3.000,,2.910,3.970
2021101007,1657,6.000,27,32,2.100,2.600,,3.350,3.360
2021101007,1681,6.000,48,53,4.200,4.700,,4.290,10.450
2021101007,1726,7.000,23,27,1.600,2.000,,1.680,1.980
2021101007,1755,6.000,28,33,2.200,2.700,2.200,4.350,6.700
2021101007,1841,6.000,28,32,2.200,2.600,,2.520,3.820
2021101007,1914,7.000,34,38,2.700,3.100,2.700,1.670,1.800
2021101007,1970,6.000,30,34,2.400,2.800,,2.700,3.630
2021101007,1994,7.000,41,45,3.400,3.800,,2.620,5.020
2021101007,2038,7.000,29,33,2.200,2.600,,2.740,3.650
2021101007,2067,6.000,30,34,2.400,2.800,,3.030,4.040
2021101007,2096,7.000,39,44,3.200,3.700,2.700,3.100,5.260
2021101007,2138,6.000,50,54,4.400,4.800,,4.880,13.180
2021101007,2160,7.000,43,47,3.600,4.000,,3.430,7.280
2021101007,2206,7.000,33,38,2.600,3.100,,4.850,6.290
2021101007,2330,6.000,25,30,1.900,2.400,,2.520,2.970
2021101007,2354,6.000,42,46,3.600,4.000,3.600,2.610,5.400
2021101007,2395,7.000,35,39,2.800,3.200,2.300,2.760,4.210
2021101007,2474,7.000,41,46,3.400,3.900,2.300,2.260,4.960
2021101007,2503,7.000,43,47,3.600,4.000,,2.100,4.530
2021101007,2551,6.000,42,46,3.600,4.000,2.400,2.890,4.800
2021101007,2575,6.000,37,42,3.100,3.600,,3.120,5.470
2021101007,2599,75.000,119,123,4.400,4.800,2.200,3.510,8.010
2021101007,2623,75.000,116,120,4.100,4.500,2.600,6.940,21.400
2021101007,2680,7.000,29,33,2.200,2.600,2.200,4.310,7.290
2021101007,2736,7.000,32,36,2.500,2.900,2.300,2.750,4.110
2021101007,2758,11.000,47,51,3.600,4.000,3.400,3.340,7.810
2021101007,2780,6.000,35,39,2.900,3.300,,2.970,5.530
2021101007,2849,6.000,44,49,3.800,4.300,3.100,4.710,9.930
2021101007,2892,6.000,41,45,3.500,3.900,,5.740,16.700
2021101007,2942,6.000,23,28,1.700,2.200,,2.620,3.100
2021101007,3096,7.000,39,44,3.200,3.700,,2.770,4.590
2021101007,3120,7.000,25,29,1.800,2.200,,1.640,2.440
2021101007,3142,7.000,45,49,3.800,4.200,,3.270,5.960
2021101007,3239,7.000,23,27,1.600,2.000,,2.150,2.650
2021101007,3263,6.000,32,36,2.600,3.000,2.400,4.280,6.450
2021101007,3354,7.000,24,28,1.700,2.100,,2.740,3.140
2021101007,3383,6.000,25,29,1.900,2.300,,2.330,2.790
2021101007,3419,6.000,39,43,3.300,3.700,,4.370,8.340
2021101007,3544,7.000,32,36,2.500,2.900,,2.540,3.620
2021101007,3608,7.000,50,54,4.300,4.700,2.300,3.210,9.020
2021101007,3630,7.000,38,42,3.100,3.500,,3.470,6.520
2021101007,3654,6.000,33,38,2.700,3.200,2.700,2.860,4.350
2021101007,3697,7.000,55,60,4.800,5.300,2.000,3.210,9.040
2021101007,3836,6.000,27,32,2.100,2.600,,2.500,3.290
2021101008,63,6.000,49,54,4.300,4.800,2.400,4.180,9.620
2021101008,85,90.000,119,124,2.900,3.400,2.900,2.610,4.440
2021101008,109,6.000,27,32,2.100,2.600,,2.460,3.170
2021101008,133,6.000,42,47,3.600,4.100,,5.070,9.250
2021101008,155,6.000,35,40,2.900,3.400,2.700,2.970,4.590
2021101008,186,6.000,42,47,3.600,4.100,0.600,4.930,8.720
2021101008,229,7.000,52,57,4.500,5.000,,6.620,18.720
2021101008,327,13.000,41,46,2.800,3.300,,3.240,5.140
2021101008,392,6.000,40,45,3.400,3.900,,3.660,5.830
2021101008,458,6.000,37,42,3.100,3.600,,2.530,4.000
2021101008,552,6.000,40,45,3.400,3.900,,4.760,8.630
2021101008,581,6.000,62,67,5.600,6.100,,8.630,28.930
2021101008,607,6.000,65,70,5.900,6.400,3.700,6.510,18.920
2021101008,638,6.000,32,37,2.600,3.100,,2.440,3.960
2021101008,739,7.000,37,42,3.000,3.500,2.600,1.910,3.830
2021101008,800,6.000,68,73,6.200,6.700,3.300,3.200,10.190
2021101008,840,6.000,32,37,2.600,3.100,,3.140,5.110
2021101008,899,7.000,41,46,3.400,3.900,,3.290,5.680
2021101008,953,6.000,55,60,4.900,5.400,3.400,8.800,19.410
2021101008,993,6.000,35,39,2.900,3.300,,3.370,4.900
2021101008,1074,6.000,21,26,1.500,2.000,1.000,3.580,4.220
2021101008,1124,7.000,26,31,1.900,2.400,,1.750,2.210
2021101008,1165,6.000,34,39,2.800,3.300,,3.190,5.320
2021101008,1301,6.000,37,42,3.100,3.600,,4.820,8.330
2021101008,1330,6.000,37,42,3.100,3.600,,4.890,8.880
2021101008,1416,6.000,26,31,2.000,2.500,,2.120,2.450
2021101008,1440,6.000,39,43,3.300,3.700,,3.750,9.030
2021101008,1512,6.000,39,43,3.300,3.700,3.100,2.690,4.220
2021101008,1557,6.000,33,38,2.700,3.200,,3.310,4.340
2021101008,1617,7.000,40,45,3.300,3.800,2.700,4.820,12.170
2021101008,1664,6.000,31,36,2.500,3.000,,4.200,6.650
2021101008,1686,6.000,32,36,2.600,3.000,,2.980,4.820
2021101008,1775,6.000,47,52,4.100,4.600,,7.430,15.780
2021101008,1818,6.000,36,41,3.000,3.500,,3.280,4.760
2021101008,1840,6.000,37,42,3.100,3.600,3.000,3.550,7.250
2021101008,1862,6.000,35,40,2.900,3.400,,3.910,6.140
2021101008,1905,6.000,55,60,4.900,5.400,2.900,7.980,19.610
2021101008,1926,6.000,51,56,4.500,5.000,2.600,3.630,10.920
2021101008,1957,6.000,38,42,3.200,3.600,,3.430,6.330
2021101008,2183,6.000,51,56,4.500,5.000,2.400,4.630,10.720
2021101008,2261,6.000,52,57,4.600,5.100,3.700,3.970,8.900
2021101008,2304,6.000,37,41,3.100,3.500,3.100,3.930,7.340
2021101008,2351,6.000,28,32,2.200,2.600,,2.370,2.770
2021101008,2394,9.000,55,60,4.600,5.100,3.000,5.570,15.860
2021101008,2485,6.000,33,38,2.700,3.200,,2.420,3.800
2021101008,2514,6.000,38,43,3.200,3.700,,3.570,7.410
2021101008,2570,6.000,59,64,5.300,5.800,3.700,7.740,19.820
2021101008,2600,6.000,30,35,2.400,2.900,,2.290,3.480
2021101008,2647,6.000,34,39,2.800,3.300,2.700,3.280,5.440
2021101008,2669,10.000,39,44,2.900,3.400,,4.760,8.790
2021101008,2691,6.000,38,43,3.200,3.700,3.000,3.350,6.910
2021101008,2743,6.000,45,50,3.900,4.400,,6.490,18.830
2021101008,2809,6.000,36,41,3.000,3.500,,6.460,16.080
2021101008,3028,6.000,34,39,2.800,3.300,,3.190,5.120
2021101008,3105,6.000,39,43,3.300,3.700,,4.420,8.720
2021101008,3131,6.000,32,37,2.600,3.100,2.600,2.550,3.910
2021101008,3196,6.000,70,75,6.400,6.900,3.400,7.140,22.980
2021101008,3261,7.000,29,34,2.200,2.700,,2.070,3.310
2021101008,3283,6.000,31,36,2.500,3.000,,2.460,2.900
2021101008,3305,6.000,53,57,4.700,5.100,,3.610,12.220
2021101008,3331,6.000,31,35,2.500,2.900,2.500,2.390,2.750
2021101008,3376,6.000,54,59,4.800,5.300,3.400,4.110,11.710
2021101008,3398,6.000,30,35,2.400,2.900,,2.830,4.190
2021101008,3454,6.000,41,46,3.500,4.000,2.900,3.250,6.530
2021101008,3487,6.000,40,44,3.400,3.800,3.400,5.000,9.140
2021101008,3532,6.000,37,42,3.100,3.600,,2.750,4.670
2021101008,3554,6.000,56,61,5.000,5.500,2.800,5.090,12.570
2021101008,3573,6.000,44,48,3.800,4.200,,3.030,7.270
2021101008,3597,6.000,53,58,4.700,5.200,,8.430,17.870
2021101008,3618,6.000,61,66,5.500,6.000,5.300,9.230,37.810
2021101008,3644,6.000,62,67,5.600,6.100,,3.610,12.480
2021101008,3701,6.000,29,34,2.300,2.800,,3.040,4.130
2021101008,3770,6.000,35,40,2.900,3.400,,2.970,5.190
2021101008,3853,6.000,40,45,3.400,3.900,,4.710,13.060
2021101008,3923,6.000,29,34,2.300,2.800,,5.860,11.950
2021101008,3979,6.000,45,49,3.900,4.300,2.600,3.370,5.990
2021101008,4008,6.000,34,39,2.800,3.300,2.700,2.290,3.140
2021101008,4030,6.000,39,44,3.300,3.800,,3.880,8.400
2021101008,4052,6.000,31,36,2.500,3.000,2.500,3.500,5.460
2021101008,4074,6.000,37,41,3.100,3.500,,3.410,5.180
2021101009,83,6.000,29,34,2.300,2.800,,2.150,3.200
2021101009,105,6.000,32,37,2.600,3.100,,3.190,4.750
2021101009,146,6.000,24,29,1.800,2.300,,3.930,4.730
2021101009,233,6.000,47,52,4.100,4.600,2.900,6.410,15.120
2021101009,311,6.000,33,38,2.700,3.200,2.500,5.020,8.990
2021101009,495,6.000,24,29,1.800,2.300,,1.350,1.930
2021101009,519,6.000,29,34,2.300,2.800,2.300,4.700,5.250
2021101009,543,6.000,51,56,4.500,5.000,3.200,7.930,16.250
2021101009,569,6.000,33,38,2.700,3.200,,2.530,3.390
2021101009,612,6.000,39,44,3.300,3.800,,3.540,8.880
2021101009,666,6.000,35,40,2.900,3.400,,5.660,13.710
2021101009,810,6.000,37,42,3.100,3.600,,5.240,14.820
2021101009,900,6.000,32,37,2.600,3.100,,2.810,4.000
2021101009,965,6.000,28,33,2.200,2.700,,5.760,9.950
2021101009,1028,6.000,35,40,2.900,3.400,2.300,5.160,6.440
2021101009,1083,6.000,25,30,1.900,2.400,,1.650,2.270
2021101009,1117,6.000,37,42,3.100,3.600,3.000,3.300,6.070
2021101009,1180,6.000,43,48,3.700,4.200,,4.660,10.110
2021101009,1277,6.000,33,38,2.700,3.200,,3.010,4.090
2021101009,1301,6.000,35,40,2.900,3.400,,2.560,3.800
2021101009,1342,6.000,32,37,2.600,3.100,,2.530,4.160
2021101009,1391,6.000,38,43,3.200,3.700,,4.820,9.800
2021101009,1436,6.000,55,60,4.900,5.400,3.100,3.180,7.610
2021101009,1568,6.000,63,68,5.700,6.200,3.500,6.880,14.270
2021101009,1615,6.000,30,35,2.400,2.900,,2.330,2.810
2021101009,1898,6.000,50,54,4.400,4.800,,5.880,12.330
2021101009,1937,6.000,44,49,3.800,4.300,,2.930,6.000
2021101009,2034,6.000,24,29,1.800,2.300,,1.780,1.970
2021101009,2058,6.000,35,40,2.900,3.400,,6.790,15.060
2021101009,2208,6.000,31,36,2.500,3.000,2.500,2.490,3.550
2021101009,2253,6.000,36,40,3.000,3.400,,3.000,4.720
2021101009,2309,6.000,64,69,5.800,6.300,5.800,8.130,31.750
2021101009,2355,6.000,36,41,3.000,3.500,,2.390,4.170
2021101009,2409,6.000,33,38,2.700,3.200,,2.040,3.420
2021101009,2431,6.000,34,39,2.800,3.300,,3.190,5.460
2021101009,2457,6.000,37,42,3.100,3.600,3.100,3.430,5.880
2021101009,2507,6.000,33,38,2.700,3.200,2.400,5.490,5.750
2021101009,2586,6.000,27,32,2.100,2.600,,3.380,3.910
2021101009,2668,6.000,65,70,5.900,6.400,,5.990,20.000
2021101009,2689,6.000,35,40,2.900,3.400,2.900,3.020,5.120
2021101009,2780,6.000,25,30,1.900,2.400,,2.130,2.870
2021101009,2804,6.000,51,56,4.500,5.000,2.900,3.120,9.270
2021101009,2823,6.000,33,38,2.700,3.200,2.600,3.340,5.630
2021101009,2845,6.000,36,41,3.000,3.500,,3.280,4.940
2021101009,2944,6.000,46,51,4.000,4.500,2.700,6.670,13.300
2021101009,3000,6.000,39,44,3.300,3.800,,3.190,6.290
2021101009,3041,6.000,31,36,2.500,3.000,2.400,1.440,1.910
2021101009,3096,6.000,50,55,4.400,4.900,2.300,6.730,17.390
2021101009,3120,6.000,48,53,4.200,4.700,,6.380,14.440
2021101009,3183,6.000,24,29,1.800,2.300,,2.700,3.820
2021101009,3207,6.000,40,44,3.400,3.800,,1.680,3.530
2021101009,3277,6.000,38,43,3.200,3.700,3.200,5.010,11.760
2021101009,3349,6.000,32,37,2.600,3.100,2.600,3.350,5.000
2021101009,3416,6.000,28,33,2.200,2.700,,2.430,2.980
2021101009,3438,6.000,48,53,4.200,4.700,,6.410,15.610
2021101009,3525,6.000,34,38,2.800,3.200,,2.760,3.970
2021101009,3549,6.000,48,53,4.200,4.700,2.900,4.720,12.410
2021101009,3574,6.000,38,43,3.200,3.700,,2.660,4.580
2021101009,3818,6.000,30,35,2.400,2.900,2.400,2.580,3.790
2021101009,3872,6.000,47,52,4.100,4.600,2.600,6.800,18.270
2021101009,3901,6.000,28,32,2.200,2.600,,4.520,5.550
2021101009,4115,6.000,49,53,4.300,4.700,,2.090,3.880
2021101009,4403,6.000,32,37,2.600,3.100,,2.880,5.110
2021101009,4427,6.000,35,40,2.900,3.400,,2.580,4.860
2021101009,4451,6.000,25,29,1.900,2.300,,2.400,4.190
2021101009,4496,6.000,32,36,2.600,3.000,,2.710,3.460
2021101009,4553,6.000,42,46,3.600,4.000,3.500,3.570,7.650
2021101009,4575,7.000,40,44,3.300,3.700,,3.280,6.150
2021101009,4597,6.000,56,61,5.000,5.500,3.000,4.300,15.040
2021101010,282,6.000,35,40,2.900,3.400,,2.040,3.570
2021101010,412,6.000,41,46,3.500,4.000,,5.300,11.050
2021101010,705,6.000,43,48,3.700,4.200,2.700,2.670,7.040
2021101010,727,6.000,31,36,2.500,3.000,,2.680,3.580
2021101010,835,6.000,24,29,1.800,2.300,,1.320,1.310
2021101010,874,6.000,36,41,3.000,3.500,,2.090,3.100
2021101010,943,7.000,27,32,2.000,2.500,,3.600,5.600
2021101010,1009,6.000,29,34,2.300,2.800,2.000,3.660,5.870
2021101010,1120,6.000,36,41,3.000,3.500,0.100,6.990,17.220
2021101010,1436,7.000,33,38,2.600,3.100,2.400,3.780,6.600
2021101010,1479,6.000,27,32,2.100,2.600,,5.650,9.090
2021101010,1505,6.000,60,65,5.400,5.900,2.900,6.650,19.300
2021101010,1552,6.000,24,29,1.800,2.300,,2.130,2.580
2021101010,1599,7.000,37,42,3.000,3.500,,5.860,14.520
2021101010,1621,6.000,31,36,2.500,3.000,2.400,2.310,3.250
2021101010,1937,6.000,26,31,2.000,2.500,,1.590,1.950
2021101010,1961,6.000,30,35,2.400,2.900,2.200,2.570,3.470
2021101010,2032,6.000,47,52,4.100,4.600,2.400,3.320,8.200
2021101010,2130,6.000,64,69,5.800,6.300,3.700,7.220,20.790
2021101010,2262,6.000,45,50,3.900,4.400,,4.390,10.770
2021101010,2284,6.000,25,29,1.900,2.300,,1.840,2.040
2021101010,2308,6.000,40,44,3.400,3.800,3.300,3.370,6.550
2021101010,2334,6.000,30,35,2.400,2.900,,2.250,3.310
2021101010,2377,6.000,62,66,5.600,6.000,5.500,8.440,29.530
2021101010,2439,6.000,40,44,3.400,3.800,,3.090,5.250
2021101010,2484,6.000,32,37,2.600,3.100,,2.390,5.300
2021101010,2513,6.000,35,40,2.900,3.400,2.900,2.320,3.690
2021101010,2558,6.000,52,57,4.600,5.100,2.900,5.300,13.840
2021101010,2577,6.000,28,33,2.200,2.700,,2.280,3.020
2021101010,2599,7.000,49,53,4.200,4.600,,2.870,6.750
2021101010,2668,6.000,26,31,2.000,2.500,,3.170,4.320
2021101010,2715,6.000,25,29,1.900,2.300,,1.700,1.830
2021101010,2810,6.000,32,37,2.600,3.100,2.300,2.610,3.380
2021101010,2862,6.000,20,25,1.400,1.900,,1.100,1.230
2021101010,2994,6.000,37,42,3.100,3.600,,3.870,7.480
2021101010,3036,6.000,24,29,1.800,2.300,,1.690,2.120
2021101010,3121,6.000,35,40,2.900,3.400,,6.770,16.740
2021101010,3166,6.000,33,38,2.700,3.200,,2.240,3.180
2021101010,3212,6.000,36,41,3.000,3.500,,2.870,4.440
2021101010,3262,6.000,44,49,3.800,4.300,2.700,2.910,7.610
2021101010,3298,7.000,28,33,2.100,2.600,,2.180,3.940
2021101010,3352,7.000,49,54,4.200,4.700,,8.780,29.670
2021101010,3406,7.000,32,37,2.500,3.000,,2.400,3.380
2021101010,3436,7.000,26,31,1.900,2.400,,2.160,2.960
2021101010,3621,7.000,55,60,4.800,5.300,2.500,5.610,12.710
2021101010,3640,7.000,32,37,2.500,3.000,2.400,1.790,3.880
2021101010,3685,6.000,39,43,3.300,3.700,2.900,3.210,7.360
2021101010,3726,7.000,43,48,3.600,4.100,,3.300,9.000
2021101010,3909,6.000,34,39,2.800,3.300,,2.870,4.430
2021101010,3933,6.000,49,54,4.300,4.800,,3.200,5.790
2021101010,3957,7.000,63,68,5.600,6.100,,6.730,18.390
2021101010,3990,7.000,43,48,3.600,4.100,3.600,4.640,9.140
2021101011,54,6.000,31,36,2.500,3.000,2.200,5.130,5.850
2021101011,85,6.000,41,46,3.500,4.000,,2.150,3.100
2021101011,130,6.000,52,57,4.600,5.100,4.000,4.510,14.450
2021101011,156,6.000,27,32,2.100,2.600,,2.270,2.920
2021101011,222,6.000,29,34,2.300,2.800,,2.410,3.650
2021101011,408,6.000,40,45,3.400,3.900,,2.640,4.110
2021101011,441,6.000,36,41,3.000,3.500,2.800,2.490,4.330
2021101011,627,6.000,56,61,5.000,5.500,3.800,5.380,13.190
2021101011,672,6.000,20,25,1.400,1.900,,0.920,1.070
2021101011,719,6.000,60,65,5.400,5.900,,6.920,20.270
2021101011,794,6.000,50,55,4.400,4.900,4.200,4.730,10.740
2021101011,843,7.000,26,31,1.900,2.400,,2.090,2.480
2021101011,886,6.000,29,32,2.300,2.600,,2.180,2.570
2021101011,1017,6.000,46,51,4.000,4.500,3.100,3.980,13.720
2021101011,1039,6.000,48,53,4.200,4.700,,8.800,27.940
2021101011,1087,8.000,50,55,4.200,4.700,4.200,2.980,6.580
2021101011,1109,7.000,30,35,2.300,2.800,,3.310,5.350
2021101011,1235,6.000,36,41,3.000,3.500,,2.560,4.400
2021101011,1289,6.000,47,52,4.100,4.600,,6.110,15.830
2021101011,1402,6.000,57,62,5.100,5.600,,8.340,30.110
2021101011,1424,6.000,36,40,3.000,3.400,,3.000,4.290
2021101011,1501,6.000,33,38,2.700,3.200,2.700,2.140,3.670
2021101011,1525,6.000,35,40,2.900,3.400,,2.370,4.350
2021101011,1596,6.000,30,35,2.400,2.900,,2.800,4.600
2021101011,1625,6.000,35,40,2.900,3.400,,3.450,4.890
2021101011,1647,6.000,41,46,3.500,4.000,,3.220,5.180
2021101011,1774,7.000,22,27,1.500,2.000,,1.590,2.310
2021101011,1822,6.000,42,47,3.600,4.100,2.800,4.660,12.330
2021101011,1858,7.000,38,42,3.100,3.500,,3.620,8.390
2021101011,1880,7.000,37,42,3.000,3.500,,2.840,5.510
2021101011,2069,7.000,99,104,9.200,9.700,3.700,6.370,28.160
2021101011,2112,7.000,26,31,1.900,2.400,,3.000,4.770
2021101011,2141,7.000,58,62,5.100,5.500,2.800,7.210,19.730
2021101011,2253,6.000,32,36,2.600,3.000,,2.530,3.140
2021101011,2294,6.000,28,33,2.200,2.700,2.200,3.130,4.570
2021101011,2355,6.000,35,39,2.900,3.300,,2.680,4.300
2021101011,2379,6.000,50,55,4.400,4.900,3.000,3.110,7.600
2021101011,2398,7.000,77,82,7.000,7.500,2.900,7.190,31.260
2021101011,2460,7.000,44,49,3.700,4.200,1.900,4.380,8.650
2021101011,2482,6.000,41,46,3.500,4.000,,4.410,11.490
2021101011,2565,6.000,47,51,4.100,4.500,,6.050,15.130
2021101011,2587,7.000,60,65,5.300,5.800,2.600,8.440,25.440
2021101011,2619,7.000,44,49,3.700,4.200,,3.430,7.080
2021101011,2817,6.000,32,36,2.600,3.000,,2.170,2.870
2021101011,2841,6.000,42,46,3.600,4.000,,2.530,6.130
2021101011,2903,6.000,55,60,4.900,5.400,3.000,7.830,23.990
2021101011,2972,6.000,34,38,2.800,3.200,,1.980,4.050
2021101011,2996,7.000,49,54,4.200,4.700,3.600,7.030,16.780
2021101011,3103,6.000,76,81,7.000,7.500,,7.740,31.480
2021101011,3124,7.000,32,37,2.500,3.000,,2.770,3.300
2021101011,3262,7.000,30,35,2.300,2.800,,1.610,2.260
2021101011,3316,6.000,27,32,2.100,2.600,,1.870,2.160
2021101011,3338,7.000,30,35,2.300,2.800,,2.140,2.830
2021101011,3423,6.000,60,64,5.400,5.800,,4.820,17.270
2021101011,3503,6.000,55,60,4.900,5.400,3.700,5.720,13.230
2021101011,3527,6.000,27,32,2.100,2.600,,2.340,3.400
2021101011,3587,7.000,35,39,2.800,3.200,,2.600,3.770
2021101011,3609,7.000,26,31,1.900,2.400,1.800,2.970,3.030
2021101011,3686,7.000,38,43,3.100,3.600,,2.950,4.890
2021101012,130,6.000,29,34,2.300,2.800,2.200,2.700,5.320
2021101012,200,6.000,27,32,2.100,2.600,,1.980,3.360
2021101012,271,6.000,53,58,4.700,5.200,,8.170,21.950
2021101012,318,6.000,36,41,3.000,3.500,,2.770,5.000
2021101012,344,6.000,63,68,5.700,6.200,2.800,7.830,26.700
2021101012,428,6.000,65,70,5.900,6.400,,5.770,18.650
2021101012,531,6.000,27,32,2.100,2.600,,2.370,3.430
2021101012,555,6.000,50,55,4.400,4.900,4.300,7.100,24.270
2021101012,598,6.000,31,36,2.500,3.000,,2.510,4.550
2021101012,660,6.000,27,32,2.100,2.600,,1.440,1.850
2021101012,707,6.000,41,46,3.500,4.000,3.000,6.670,14.030
2021101012,754,6.000,46,51,4.000,4.500,3.000,6.400,14.390
2021101012,817,6.000,52,56,4.600,5.000,2.400,3.650,8.670
2021101012,839,6.000,38,42,3.200,3.600,2.300,3.360,8.450
2021101012,1070,7.000,33,37,2.600,3.000,2.600,2.430,4.650
2021101012,1157,6.000,35,39,2.900,3.300,,2.450,4.560
2021101012,1181,6.000,34,38,2.800,3.200,,3.240,4.990
2021101012,1283,7.000,42,46,3.500,3.900,3.000,5.310,12.340
2021101012,1322,6.000,32,37,2.600,3.100,,1.710,2.620
2021101012,1369,6.000,31,34,2.500,2.800,2.500,1.430,2.120
2021101012,1455,6.000,26,30,2.000,2.400,,2.060,3.100
2021101012,1520,7.000,33,38,2.600,3.100,,2.870,5.410
2021101012,1611,7.000,27,31,2.000,2.400,,1.180,1.580
2021101012,1635,6.000,44,49,3.800,4.300,,5.980,13.910
2021101012,1778,6.000,31,36,2.500,3.000,2.400,2.780,4.940
2021101012,1963,6.000,33,38,2.700,3.200,,3.100,5.060
2021101012,1987,7.000,35,40,2.800,3.300,,2.650,5.300
2021101012,2028,7.000,52,57,4.500,5.000,2.500,4.640,11.900
2021101012,2048,6.000,31,36,2.500,3.000,,3.170,5.030
2021101012,2072,6.000,38,43,3.200,3.700,,3.070,6.550
2021101012,2096,7.000,32,37,2.500,3.000,,2.770,4.760
2021101012,2118,7.000,36,41,2.900,3.400,2.500,3.150,5.950
2021101012,2236,7.000,47,50,4.000,4.300,,5.050,13.870
2021101012,2310,7.000,30,35,2.300,2.800,1.500,5.280,6.370
2021101012,2492,6.000,41,45,3.500,3.900,,3.070,8.090
2021101012,2514,6.000,68,73,6.200,6.700,,7.650,26.480
2021101012,2563,7.000,31,35,2.400,2.800,,1.580,2.580
2021101012,2611,6.000,42,47,3.600,4.100,2.600,5.870,16.860
2021101012,2633,6.000,25,30,1.900,2.400,,2.020,2.550
2021101012,2687,6.000,34,38,2.800,3.200,,3.160,6.480
2021101012,2743,7.000,47,52,4.000,4.500,,3.850,9.860
2021101012,2822,6.000,31,35,2.500,2.900,,1.620,2.870
2021101012,2846,6.000,47,51,4.100,4.500,3.000,4.020,11.230
2021101012,2942,6.000,47,52,4.100,4.600,2.600,3.290,8.560
2021101012,2961,7.000,29,34,2.200,2.700,,2.770,4.870
2021101012,3060,6.000,28,32,2.200,2.600,2.000,1.980,3.710
2021101012,3205,6.000,33,37,2.700,3.100,,3.820,6.570
2021101012,3255,7.000,74,78,6.700,7.100,6.700,7.340,32.480
2021101012,3379,28.000,66,70,3.800,4.200,,2.070,6.140
2021101012,3484,6.000,34,39,2.800,3.300,,4.650,7.750
2021101012,3590,6.000,57,62,5.100,5.600,,5.980,18.340
2021101012,3612,6.000,28,32,2.200,2.600,,2.180,3.700
2021101012,3636,6.000,32,37,2.600,3.100,,2.370,3.520
2021101012,3660,6.000,25,30,1.900,2.400,,1.710,2.760
2021101012,3695,6.000,37,42,3.100,3.600,2.800,4.990,7.700
2021101012,3735,6.000,32,37,2.600,3.100,2.600,3.130,4.900
2021101012,3757,6.000,34,39,2.800,3.300,,2.480,4.980
2021101012,3786,6.000,29,34,2.300,2.800,,1.560,2.820
2021101012,3810,6.000,30,35,2.400,2.900,,2.490,3.550
2021101012,3843,6.000,33,38,2.700,3.200,,2.420,3.530
2021101012,3867,6.000,51,56,4.500,5.000,,4.690,11.000
2021101012,3889,6.000,30,35,2.400,2.900,2.400,2.700,5.390
2021101012,3948,6.000,22,27,1.600,2.100,,4.740,5.140
2021101012,4089,6.000,48,53,4.200,4.700,,4.540,12.110
2021101012,4221,6.000,26,31,2.000,2.500,,2.780,3.440
2021101012,4304,6.000,33,38,2.700,3.200,,2.760,4.890
2021101012,4326,6.000,31,36,2.500,3.000,,2.470,4.270
2021101012,4355,6.000,31,36,2.500,3.000,2.500,2.540,4.590
2021101013,97,6.000,31,35,2.500,2.900,,2.950,4.060
2021101013,137,6.000,47,51,4.100,4.500,4.100,4.360,8.540
2021101013,159,7.000,31,36,2.400,2.900,2.400,2.900,3.370
2021101013,181,9.000,59,64,5.000,5.500,3.100,8.820,23.230
2021101013,213,6.000,52,56,4.600,5.000,2.400,6.720,18.170
2021101013,256,6.000,33,37,2.700,3.100,,3.300,5.330
2021101013,310,6.000,62,67,5.600,6.100,,5.450,15.950
2021101013,353,6.000,38,42,3.200,3.600,3.200,3.370,7.930
2021101013,424,7.000,26,31,1.900,2.400,,2.540,2.730
2021101013,452,6.000,58,63,5.200,5.700,,8.560,30.750
2021101013,535,6.000,39,43,3.300,3.700,,3.270,7.160
2021101013,666,6.000,43,47,3.700,4.100,,3.140,4.710
2021101013,711,6.000,33,38,2.700,3.200,,6.720,8.460
2021101013,732,6.000,33,37,2.700,3.100,,2.640,4.000
2021101013,933,7.000,60,65,5.300,5.800,3.500,8.400,28.600
2021101013,1047,7.000,37,42,3.000,3.500,,7.090,10.670
2021101013,1068,6.000,41,46,3.500,4.000,,4.750,10.620
2021101013,1183,7.000,52,57,4.500,5.000,2.500,3.270,7.130
2021101013,1216,6.000,64,69,5.800,6.300,2.500,7.500,23.620
2021101013,1240,6.000,34,39,2.800,3.300,,3.110,5.410
2021101013,1338,6.000,87,92,8.100,8.600,7.800,7.560,32.170
2021101013,1383,6.000,49,54,4.300,4.800,,7.170,25.380
2021101013,1445,6.000,38,42,3.200,3.600,,4.490,8.550
2021101013,1488,6.000,37,40,3.100,3.400,,2.850,4.020
2021101013,1512,6.000,42,47,3.600,4.100,,4.480,11.050
2021101013,1536,7.000,48,52,4.100,4.500,,3.050,8.630
2021101013,1620,6.000,33,38,2.700,3.200,,5.970,12.700
2021101013,1695,7.000,65,69,5.800,6.200,,8.040,34.120
2021101013,1738,6.000,47,51,4.100,4.500,,3.240,8.070
2021101013,1783,6.000,38,42,3.200,3.600,,2.670,4.500
2021101013,1805,6.000,37,41,3.100,3.500,,2.180,4.020
2021101013,1883,7.000,41,46,3.400,3.900,0.100,6.790,13.920
2021101013,1904,6.000,25,29,1.900,2.300,,2.220,3.200
2021101013,1938,7.000,30,34,2.300,2.700,,2.980,3.550
2021101013,1983,6.000,66,70,6.000,6.400,5.000,8.600,32.760
2021101013,2024,7.000,84,89,7.700,8.200,,3.390,12.140
2021101013,2070,6.000,63,68,5.700,6.200,3.100,7.890,24.620
2021101013,2126,7.000,22,26,1.500,1.900,,2.230,2.520
2021101013,2150,6.000,45,50,3.900,4.400,,6.780,12.390
2021101013,2171,6.000,32,37,2.600,3.100,2.500,2.410,3.960
2021101013,2210,6.000,34,39,2.800,3.300,,2.990,3.890
2021101013,2244,7.000,33,37,2.600,3.000,,2.940,4.520
2021101013,2318,7.000,37,41,3.000,3.400,,4.020,8.750
2021101013,2340,6.000,29,33,2.300,2.700,,2.990,4.040
2021101013,2403,6.000,32,36,2.600,3.000,,3.120,6.350
2021101013,2573,6.000,31,35,2.500,2.900,,2.150,2.920
2021101013,2644,7.000,32,37,2.500,3.000,,2.970,4.170
2021101013,2668,7.000,27,32,2.000,2.500,,2.080,2.840
2021101013,2713,6.000,43,48,3.700,4.200,2.400,4.560,10.290
2021101013,2773,6.000,60,64,5.400,5.800,4.600,4.510,11.360
2021101013,2818,6.000,39,43,3.300,3.700,,4.530,8.670
2021101013,2842,6.000,28,32,2.200,2.600,,3.350,5.680
2021101013,2903,6.000,39,43,3.300,3.700,,2.220,4.370
2021101013,2987,6.000,35,40,2.900,3.400,,2.920,6.250
2021101013,3009,7.000,36,39,2.900,3.200,,3.170,5.780
2021101013,3067,7.000,64,68,5.700,6.100,,7.370,32.150
2021101013,3089,6.000,27,31,2.100,2.500,,1.890,1.930
2021101013,3113,7.000,31,36,2.400,2.900,,3.400,4.570
2021101013,3142,7.000,46,50,3.900,4.300,3.500,3.270,9.220
2021101013,3175,6.000,56,61,5.000,5.500,4.800,6.960,27.250
2021101013,3220,7.000,47,51,4.000,4.400,,4.040,8.760
2021101013,3281,6.000,34,39,2.800,3.300,2.500,4.060,7.560
2021101013,3380,6.000,35,39,2.900,3.300,2.900,3.010,5.100
2021101013,3429,6.000,37,42,3.100,3.600,,4.380,8.440
2021101013,3453,6.000,31,35,2.500,2.900,,2.750,4.110
2021101013,3477,6.000,26,29,2.000,2.300,,2.380,3.020
2021101013,3504,7.000,34,38,2.700,3.100,,2.990,4.040
2021101013,3537,6.000,31,34,2.500,2.800,,3.670,5.440
2021101013,3585,6.000,41,45,3.500,3.900,,3.020,6.580
2021101013,3771,7.000,35,40,2.800,3.300,,6.190,8.490
2021101013,3808,6.000,52,57,4.600,5.100,2.900,3.330,11.880
2021101013,3937,6.000,27,32,2.100,2.600,,6.300,7.770
2021101013,3958,6.000,41,45,3.500,3.900,,5.530,12.160
2021101013,3980,6.000,22,27,1.600,2.100,,3.620,4.490
2021101013,4004,6.000,39,44,3.300,3.800,,1.810,4.240
2021101013,4133,6.000,39,43,3.300,3.700,3.300,3.000,4.880
2021101013,4155,6.000,29,34,2.300,2.800,,1.940,2.580
2021101013,4195,7.000,31,35,2.400,2.800,,2.890,3.510
2021101013,4219,6.000,26,30,2.000,2.400,,2.100,2.870
2021101013,4243,6.000,57,62,5.100,5.600,2.500,6.790,21.970
2021101013,4269,6.000,35,39,2.900,3.300,,3.800,7.660
2021101013,4291,6.000,29,34,2.300,2.800,,2.430,4.120
2021101013,4315,7.000,34,38,2.700,3.100,,2.850,5.990
2021101013,4371,6.000,24,29,1.800,2.300,,1.910,2.420
2021101100,62,6.000,32,37,2.600,3.100,,2.550,4.860
2021101100,86,6.000,56,61,5.000,5.500,4.300,4.390,11.570
2021101100,114,6.000,30,35,2.400,2.900,,1.550,2.560
2021101100,184,6.000,60,65,5.400,5.900,2.600,4.990,13.070
2021101100,206,6.000,28,33,2.200,2.700,,2.310,2.690
2021101100,291,6.000,28,32,2.200,2.600,,1.790,2.340
2021101100,336,6.000,29,34,2.300,2.800,,1.810,2.690
2021101100,418,6.000,35,40,2.900,3.400,,2.970,4.870
2021101100,484,6.000,35,39,2.900,3.300,2.800,2.850,4.760
2021101100,574,6.000,36,40,3.000,3.400,0.200,5.330,14.090
2021101100,678,7.000,30,35,2.300,2.800,1.800,3.060,4.740
2021101100,786,6.000,52,57,4.600,5.100,,5.780,14.490
2021101100,937,6.000,36,41,3.000,3.500,,2.950,4.640
2021101100,965,6.000,40,45,3.400,3.900,,5.150,9.950
2021101100,1073,6.000,35,40,2.900,3.400,2.300,4.650,7.770
2021101100,1132,6.000,61,66,5.500,6.000,3.100,7.790,20.770
2021101100,1153,7.000,33,38,2.600,3.100,,2.130,2.800
2021101100,1394,6.000,32,37,2.600,3.100,,2.270,3.430
2021101100,1465,6.000,31,35,2.500,2.900,,1.930,3.540
2021101100,1516,6.000,40,43,3.400,3.700,,3.280,5.960
2021101100,1540,7.000,35,39,2.800,3.200,,2.750,4.350
2021101100,1625,7.000,40,44,3.300,3.700,,3.640,6.680
2021101100,1681,7.000,29,33,2.200,2.600,,2.570,2.410
2021101100,1716,7.000,29,32,2.200,2.500,,2.430,2.580
2021101100,1740,6.000,39,43,3.300,3.700,,2.840,4.810
2021101100,1762,6.000,35,39,2.900,3.300,2.700,2.900,4.410
2021101100,1795,6.000,33,37,2.700,3.100,,2.690,3.440
2021101100,1819,6.000,25,30,1.900,2.400,,2.850,3.780
2021101100,1865,32.000,49,54,1.700,2.200,,1.630,2.520
2021101100,1887,7.000,32,36,2.500,2.900,,3.320,5.160
2021101100,2018,6.000,38,42,3.200,3.600,,4.800,7.990
2021101100,2042,6.000,40,45,3.400,3.900,0.200,5.200,9.100
2021101100,2127,6.000,43,47,3.700,4.100,3.100,1.920,4.360
2021101100,2172,7.000,24,29,1.700,2.200,,1.040,1.620
2021101100,2196,7.000,55,60,4.800,5.300,3.300,2.010,6.240
2021101100,2215,7.000,42,47,3.500,4.000,,3.390,6.770
2021101100,2239,6.000,60,65,5.400,5.900,2.900,6.140,15.000
2021101100,2284,6.000,25,29,1.900,2.300,,1.140,1.210
2021101100,2308,6.000,38,43,3.200,3.700,3.100,4.680,9.930
2021101100,2343,6.000,46,50,4.000,4.400,2.800,5.100,10.710
2021101100,2365,6.000,29,34,2.300,2.800,,2.290,4.970
2021101100,2422,6.000,35,39,2.900,3.300,2.400,2.560,5.550
2021101100,2634,7.000,33,37,2.600,3.000,2.500,2.700,2.670
2021101100,2686,7.000,38,43,3.100,3.600,,5.490,12.220
2021101100,2720,6.000,25,30,1.900,2.400,,0.810,1.600
2021101100,2744,6.000,39,44,3.300,3.800,,2.500,4.330
2021101100,2813,6.000,40,45,3.400,3.900,3.200,2.710,5.980
2021101100,2876,6.000,47,52,4.100,4.600,0.500,6.950,21.230
2021101100,2984,6.000,37,42,3.100,3.600,,2.280,3.740
2021101100,3034,6.000,26,31,2.000,2.500,,2.230,2.520
2021101100,3058,6.000,23,28,1.700,2.200,,1.810,2.090
2021101100,3121,6.000,40,45,3.400,3.900,,2.880,6.550
2021101100,3148,6.000,35,40,2.900,3.400,,3.280,6.600
2021101100,3172,6.000,30,34,2.400,2.800,2.200,2.090,3.100
2021101100,3196,6.000,25,30,1.900,2.400,,1.620,1.880
2021101100,3220,6.000,33,38,2.700,3.200,,2.890,5.440
2021101100,3247,6.000,57,62,5.100,5.600,,2.020,5.620
2021101100,3283,6.000,27,32,2.100,2.600,2.000,3.600,3.780
2021101100,3336,6.000,50,54,4.400,4.800,,4.920,9.450
2021101100,3360,6.000,66,71,6.000,6.500,3.100,4.000,12.160
2021101100,3598,6.000,38,43,3.200,3.700,3.000,3.320,7.520
2021101100,3620,6.000,26,31,2.000,2.500,,2.150,3.340
2021101100,3644,6.000,33,38,2.700,3.200,,2.550,4.600
2021101100,3668,6.000,35,39,2.900,3.300,,2.300,4.090
2021101100,3692,6.000,72,77,6.600,7.100,2.300,8.210,28.270
2021101100,3713,6.000,25,29,1.900,2.300,,0.980,1.360
2021101100,3735,6.000,42,46,3.600,4.000,2.700,2.830,7.440
2021101100,3759,6.000,40,45,3.400,3.900,,2.170,5.410
2021101100,3800,6.000,36,41,3.000,3.500,2.800,5.390,8.060
2021101100,3842,6.000,50,54,4.400,4.800,,2.350,5.280
2021101100,3867,6.000,26,31,2.000,2.500,,2.350,2.750
2021101100,3896,6.000,42,47,3.600,4.100,3.600,3.020,5.000
2021101100,3948,6.000,56,60,5.000,5.400,,7.260,23.770
2021101100,4016,7.000,37,41,3.000,3.400,,2.720,4.000
2021101100,4161,7.000,65,70,5.800,6.300,,8.120,24.800
2021101100,4182,7.000,27,31,2.000,2.400,,2.670,2.770
2021101100,4236,7.000,33,38,2.600,3.100,2.600,2.640,4.700
2021101100,4269,6.000,34,38,2.800,3.200,,3.720,5.560
2021101100,4314,6.000,27,31,2.100,2.500,,2.340,4.470
2021101100,4401,6.000,33,38,2.700,3.200,,2.420,4.370
2021101400,76,6.000,24,29,1.800,2.300,,1.630,1.480
2021101400,100,6.000,37,42,3.100,3.600,,4.520,7.650
2021101400,145,6.000,28,33,2.200,2.700,,4.060,5.110
2021101400,169,6.000,32,37,2.600,3.100,,4.410,6.510
2021101400,257,7.000,39,44,3.200,3.700,,5.340,10.770
2021101400,334,6.000,38,42,3.200,3.600,2.500,3.410,5.250
2021101400,379,6.000,55,60,4.900,5.400,,7.620,20.110
2021101400,419,7.000,32,37,2.500,3.000,,3.300,4.680
2021101400,441,6.000,59,64,5.300,5.800,,7.560,29.290
2021101400,500,6.000,35,40,2.900,3.400,2.900,3.270,5.600
2021101400,627,6.000,31,36,2.500,3.000,,2.250,3.860
2021101400,651,6.000,25,29,1.900,2.300,,1.850,2.570
2021101400,675,6.000,30,35,2.400,2.900,2.400,4.800,5.790
2021101400,686,6.000,24,29,1.800,2.300,,1.290,2.060
2021101400,836,6.000,53,57,4.700,5.100,,4.590,10.080
2021101400,938,6.000,23,28,1.700,2.200,,3.280,3.530
2021101400,962,7.000,25,30,1.800,2.300,,1.970,2.880
2021101400,1054,6.000,26,31,2.000,2.500,,2.450,3.420
2021101400,1143,7.000,59,64,5.200,5.700,,7.750,26.090
2021101400,1171,6.000,31,36,2.500,3.000,2.500,2.840,3.160
2021101400,1253,6.000,34,39,2.800,3.300,2.700,1.760,3.340
2021101400,1375,6.000,39,44,3.300,3.800,,3.090,6.420
2021101400,1399,6.000,37,42,3.100,3.600,3.100,2.120,3.380
2021101400,1425,6.000,41,46,3.500,4.000,3.100,4.300,9.040
2021101400,1447,6.000,27,32,2.100,2.600,,2.070,2.690
2021101400,1516,6.000,39,44,3.300,3.800,,4.350,9.230
2021101400,1609,6.000,28,33,2.200,2.700,,1.800,2.640
2021101400,1724,6.000,59,64,5.300,5.800,2.900,6.830,16.310
2021101400,1752,6.000,68,73,6.200,6.700,2.300,9.170,38.890
2021101400,1778,6.000,63,67,5.700,6.100,,3.350,9.790
2021101400,1879,6.000,39,44,3.300,3.800,,3.080,5.720
2021101400,1901,8.000,37,42,2.900,3.400,,3.080,6.620
2021101400,1923,7.000,39,44,3.200,3.700,,3.610,6.560
2021101400,1959,6.000,34,39,2.800,3.300,,3.150,5.840
2021101400,1983,6.000,61,66,5.500,6.000,2.200,7.340,20.990
2021101400,2016,6.000,57,62,5.100,5.600,5.000,7.300,15.010
2021101400,2119,6.000,38,43,3.200,3.700,2.800,6.950,13.570
2021101400,2170,6.000,35,40,2.900,3.400,,3.600,5.560
2021101400,2217,6.000,26,31,2.000,2.500,,2.790,3.070
2021101400,2241,6.000,31,36,2.500,3.000,2.400,2.310,3.320
2021101400,2312,6.000,29,34,2.300,2.800,,2.500,3.040
2021101400,2420,6.000,27,32,2.100,2.600,,3.920,5.000
2021101400,2578,7.000,51,55,4.400,4.800,4.300,2.250,6.050
2021101400,2611,6.000,44,49,3.800,4.300,,1.480,4.190
2021101400,2722,7.000,41,46,3.400,3.900,3.300,3.270,6.690
2021101400,2744,6.000,36,41,3.000,3.500,,7.160,8.000
2021101400,2797,6.000,31,36,2.500,3.000,2.500,2.960,4.440
2021101400,2843,6.000,34,39,2.800,3.300,,3.430,5.960
2021101400,2951,6.000,52,57,4.600,5.100,,8.740,26.500
2021101400,3023,7.000,54,59,4.700,5.200,2.000,7.950,20.540
2021101400,3045,7.000,42,47,3.500,4.000,3.300,2.610,4.800
2021101400,3090,6.000,46,51,4.000,4.500,2.300,5.720,10.580
2021101400,3152,7.000,65,70,5.800,6.300,2.600,8.810,34.870
2021101400,3278,6.000,24,29,1.800,2.300,,1.860,2.360
2021101400,3302,6.000,34,38,2.800,3.200,2.800,2.530,4.040
2021101400,3326,6.000,33,38,2.700,3.200,,3.380,5.300
2021101400,3368,6.000,30,35,2.400,2.900,,2.150,2.830
2021101400,3390,6.000,34,38,2.800,3.200,,5.980,9.940
2021101400,3509,6.000,37,42,3.100,3.600,2.800,6.960,13.250
2021101400,3585,6.000,27,32,2.100,2.600,,2.830,3.310
2021101400,3669,6.000,24,29,1.800,2.300,,2.810,3.200
2021101400,3761,6.000,48,53,4.200,4.700,,6.230,18.150
2021101400,3823,6.000,30,35,2.400,2.900,,2.430,3.360
2021101700,95,6.000,26,31,2.000,2.500,,2.610,2.810
2021101700,142,6.000,42,47,3.600,4.100,2.500,4.000,8.050
2021101700,213,6.000,55,60,4.900,5.400,4.900,4.610,16.470
2021101700,259,6.000,37,42,3.100,3.600,3.100,3.620,6.260
2021101700,283,6.000,29,34,2.300,2.800,,3.960,7.660
2021101700,305,6.000,24,29,1.800,2.300,,2.590,3.200
2021101700,329,6.000,28,33,2.200,2.700,,2.840,3.860
2021101700,386,6.000,57,62,5.100,5.600,4.000,6.680,20.370
2021101700,499,7.000,30,35,2.300,2.800,,3.050,3.770
2021101700,544,6.000,30,34,2.400,2.800,2.400,2.730,3.380
2021101700,632,7.000,34,38,2.700,3.100,,2.960,3.670
2021101700,695,6.000,35,40,2.900,3.400,,2.600,4.260
2021101700,768,7.000,47,52,4.000,4.500,,4.890,14.550
2021101700,802,6.000,36,41,3.000,3.500,,4.910,8.090
2021101700,874,6.000,21,26,1.500,2.000,,3.080,4.230
2021101700,994,6.000,45,49,3.900,4.300,,4.990,9.670
2021101700,1048,7.000,38,43,3.100,3.600,,3.050,6.730
2021101700,1077,6.000,36,41,3.000,3.500,,3.410,5.720
2021101700,1166,7.000,31,35,2.400,2.800,,4.640,7.690
2021101700,1190,6.000,29,34,2.300,2.800,2.200,3.510,4.250
2021101700,1337,6.000,34,39,2.800,3.300,,2.760,4.080
2021101700,1359,6.000,35,39,2.900,3.300,,3.370,6.650
2021101700,1388,6.000,60,65,5.400,5.900,2.600,7.600,25.030
2021101700,1438,6.000,40,45,3.400,3.900,,3.640,7.230
2021101700,1462,6.000,34,39,2.800,3.300,,5.420,9.300
2021101700,1507,6.000,30,35,2.400,2.900,2.300,3.200,4.030
2021101700,1563,6.000,27,32,2.100,2.600,,1.530,1.980
2021101700,1592,6.000,27,32,2.100,2.600,2.100,1.470,2.180
2021101700,1621,7.000,37,42,3.000,3.500,,6.380,16.430
2021101700,1693,7.000,23,28,1.600,2.100,,1.740,1.830
2021101700,1714,6.000,32,36,2.600,3.000,2.600,3.380,4.670
2021101700,1765,7.000,43,47,3.600,4.000,3.400,6.930,16.860
2021101700,1814,6.000,50,54,4.400,4.800,,8.120,26.280
2021101700,1853,7.000,40,45,3.300,3.800,2.300,4.700,10.320
2021101700,1929,7.000,34,38,2.700,3.100,2.500,2.170,3.790
2021101700,2008,6.000,26,31,2.000,2.500,,3.430,4.420
2021101700,2056,6.000,23,28,1.700,2.200,,1.120,1.420
2021101700,2085,6.000,50,54,4.400,4.800,,7.610,24.220
2021101700,2156,7.000,39,44,3.200,3.700,,3.760,8.440
2021101700,2178,6.000,30,35,2.400,2.900,,2.640,3.340
2021101700,2219,7.000,36,40,2.900,3.300,,2.940,3.670
2021101700,2275,6.000,31,36,2.500,3.000,,3.230,4.640
2021101700,2297,7.000,34,39,2.700,3.200,,3.520,5.980
2021101700,2326,6.000,30,35,2.400,2.900,2.400,3.040,4.840
2021101700,2372,6.000,46,51,4.000,4.500,,5.490,14.730
2021101700,2467,8.000,36,40,2.800,3.200,,3.780,6.280
2021101700,2514,6.000,26,31,2.000,2.500,,1.900,2.580
2021101700,2536,7.000,32,36,2.500,2.900,2.400,3.020,4.280
2021101700,2560,7.000,48,53,4.100,4.600,,7.920,21.730
2021101700,2721,7.000,31,36,2.400,2.900,,2.900,3.890
2021101700,2745,6.000,42,47,3.600,4.100,,5.400,10.440
2021101700,2810,7.000,38,43,3.100,3.600,2.600,6.440,9.700
2021101700,2831,6.000,41,46,3.500,4.000,2.600,3.520,5.890
2021101700,2855,6.000,31,35,2.500,2.900,,1.550,1.960
2021101700,2904,6.000,29,33,2.300,2.700,,3.210,3.930
2021101700,2952,7.000,42,47,3.500,4.000,,3.670,7.680
2021101700,3056,7.000,29,34,2.200,2.700,,4.120,6.220
2021101700,3080,6.000,40,45,3.400,3.900,,8.660,20.160
2021101700,3106,6.000,42,47,3.600,4.100,,5.490,12.120
2021101700,3151,6.000,44,48,3.800,4.200,3.400,4.500,10.170
2021101700,3180,6.000,45,50,3.900,4.400,,3.190,6.330
2021101700,3206,7.000,64,69,5.700,6.200,,6.940,21.730
2021101700,3280,7.000,31,36,2.400,2.900,2.400,3.000,4.630
2021101700,3309,7.000,45,50,3.800,4.300,,8.350,26.390
2021101700,3352,7.000,42,47,3.500,4.000,3.300,4.740,9.650
2021101700,3450,7.000,30,34,2.300,2.700,2.300,3.400,4.650
2021101700,3479,7.000,29,33,2.200,2.600,,0.780,0.930
2021101700,3503,6.000,25,30,1.900,2.400,,3.880,6.440
2021101700,3609,7.000,38,43,3.100,3.600,2.800,7.130,14.740
2021101700,3631,7.000,73,78,6.600,7.100,2.700,7.980,31.760
2021101700,3678,6.000,23,28,1.700,2.200,1.700,3.770,4.470
2021101700,3700,7.000,42,46,3.500,3.900,3.000,5.770,11.690
2021101700,3724,6.000,35,40,2.900,3.400,,3.010,5.970
2021101700,3815,6.000,26,31,2.000,2.500,,3.380,4.210
2021101700,3839,6.000,30,35,2.400,2.900,,3.430,4.590
2021101700,3951,6.000,25,29,1.900,2.300,,1.860,2.530
2021101700,3980,6.000,41,45,3.500,3.900,3.500,5.720,13.200
2021101700,4025,7.000,40,44,3.300,3.700,,5.230,9.390
2021101700,4047,6.000,29,33,2.300,2.700,,3.020,3.770
2021101700,4071,7.000,24,29,1.700,2.200,1.500,5.860,6.440
2021101700,4120,6.000,73,77,6.700,7.100,3.100,7.880,33.350
2021101700,4176,6.000,34,39,2.800,3.300,,3.700,7.820
2021101700,4285,6.000,29,33,2.300,2.700,,3.130,4.330
2021101700,4307,6.000,30,34,2.400,2.800,,3.780,4.860
2021101700,4424,6.000,27,32,2.100,2.600,,2.490,3.000
2021101700,4498,7.000,21,26,1.400,1.900,,0.750,0.710
2021101701,63,6.000,34,39,2.800,3.300,0.000,4.740,7.000
2021101701,132,6.000,32,37,2.600,3.100,,3.020,4.450
2021101701,161,6.000,29,34,2.300,2.800,,1.790,2.270
2021101701,206,9.000,51,56,4.200,4.700,,4.740,12.950
2021101701,228,6.000,34,39,2.800,3.300,,4.520,7.000
2021101701,336,6.000,48,53,4.200,4.700,3.600,6.500,14.090
2021101701,379,6.000,27,32,2.100,2.600,,1.730,2.640
2021101701,403,7.000,47,52,4.000,4.500,,3.380,7.480
2021101701,459,6.000,41,46,3.500,4.000,,3.030,6.760
2021101701,515,6.000,66,71,6.000,6.500,,5.880,19.380
2021101701,642,6.000,30,35,2.400,2.900,,4.960,10.500
2021101701,669,6.000,44,49,3.800,4.300,2.300,3.160,8.070
2021101701,713,6.000,40,45,3.400,3.900,,2.360,5.280
2021101701,807,6.000,49,54,4.300,4.800,4.000,6.070,12.840
2021101701,888,6.000,69,74,6.300,6.800,,5.590,13.580
2021101701,914,7.000,40,43,3.300,3.600,,2.220,3.620
2021101701,1036,7.000,33,36,2.600,2.900,,2.710,3.760
2021101701,1104,7.000,24,28,1.700,2.100,,0.720,0.960
2021101701,1126,7.000,39,43,3.200,3.600,,3.310,5.610
2021101701,1184,7.000,30,34,2.300,2.700,,2.680,3.440
2021101701,1208,7.000,48,52,4.100,4.500,,5.270,18.660
2021101701,1230,6.000,34,39,2.800,3.300,2.100,3.160,3.890
2021101701,1254,6.000,25,29,1.900,2.300,1.900,2.750,2.380
2021101701,1276,7.000,30,33,2.300,2.600,,2.120,3.160
2021101701,1298,7.000,57,62,5.000,5.500,2.800,5.090,13.320
2021101701,1326,7.000,50,55,4.300,4.800,2.800,7.620,15.690
2021101701,1427,7.000,48,53,4.100,4.600,0.000,5.540,11.920
2021101701,1493,6.000,33,38,2.700,3.200,2.600,2.380,3.700
2021101701,1517,7.000,33,36,2.600,2.900,,2.340,3.410
2021101701,1557,7.000,49,52,4.200,4.500,4.100,3.830,7.140
2021101701,1630,7.000,32,36,2.500,2.900,0.000,4.290,9.610
2021101701,1716,7.000,26,30,1.900,2.300,,1.460,1.840
2021101701,1803,7.000,50,55,4.300,4.800,2.900,2.810,7.570
2021101701,1822,7.000,38,42,3.100,3.500,3.000,2.360,4.610
2021101701,1844,6.000,45,50,3.900,4.400,2.900,4.630,10.490
2021101701,2014,6.000,27,30,2.100,2.400,,0.980,1.960
2021101701,2212,7.000,33,37,2.600,3.000,,1.890,3.080
2021101701,2338,7.000,41,45,3.400,3.800,3.200,3.010,6.570
2021101701,2392,76.000,98,101,2.200,2.500,2.200,2.530,4.120
2021101701,2435,7.000,36,40,2.900,3.300,2.600,2.520,4.910
2021101701,2457,7.000,34,38,2.700,3.100,,2.890,5.310
2021101701,2519,7.000,34,38,2.700,3.100,2.600,2.520,4.250
2021101701,2563,7.000,34,37,2.700,3.000,2.100,2.990,4.480
2021101701,2631,7.000,38,42,3.100,3.500,3.000,3.580,6.980
2021101701,2702,7.000,17,22,1.000,1.500,,2.700,1.810
2021101701,2747,6.000,57,61,5.100,5.500,3.100,3.450,10.040
2021101701,2786,6.000,41,44,3.500,3.800,,3.270,7.940
2021101701,2899,7.000,26,29,1.900,2.200,,1.710,2.050
2021101701,2923,6.000,33,36,2.700,3.000,,1.700,2.460
2021101701,2947,7.000,38,42,3.100,3.500,2.900,5.220,7.950
2021101701,3010,7.000,32,36,2.500,2.900,,2.180,3.320
2021101701,3032,7.000,36,40,2.900,3.300,2.800,3.630,6.240
2021101701,3080,7.000,40,43,3.300,3.600,,2.030,3.860
2021101701,3113,6.000,44,48,3.800,4.200,3.800,3.180,5.730
2021101701,3137,7.000,51,55,4.400,4.800,4.200,6.540,19.470
2021101701,3172,7.000,40,44,3.300,3.700,,3.290,5.760
2021101701,3236,6.000,25,29,1.900,2.300,,0.970,1.300
2021101701,3326,7.000,28,32,2.100,2.500,,1.390,1.900
2021101701,3376,6.000,30,33,2.400,2.700,,2.030,2.890
2021101701,3476,7.000,40,43,3.300,3.600,0.000,4.650,8.680
2021101701,3500,7.000,37,41,3.000,3.400,0.000,4.500,6.580
2021101701,3545,8.000,57,62,4.900,5.400,2.300,3.620,9.970
2021101701,3564,7.000,33,37,2.600,3.000,2.500,3.540,5.600
2021101702,55,6.000,79,84,7.300,7.800,,5.970,23.320
2021101702,123,6.000,30,35,2.400,2.900,,2.270,3.370
2021101702,173,6.000,34,39,2.800,3.300,,3.900,8.090
2021101702,197,6.000,29,34,2.300,2.800,,2.150,3.110
2021101702,257,6.000,29,34,2.300,2.800,2.300,2.640,4.770
2021101702,354,6.000,54,59,4.800,5.300,3.900,4.470,12.950
2021101702,428,6.000,35,40,2.900,3.400,,3.660,6.120
2021101702,606,6.000,49,54,4.300,4.800,4.100,4.940,10.260
2021101702,628,6.000,30,35,2.400,2.900,,2.210,2.880
2021101702,652,6.000,36,40,3.000,3.400,,2.520,4.340
2021101702,697,6.000,32,37,2.600,3.100,,2.350,3.120
2021101702,768,6.000,32,37,2.600,3.100,0.500,3.900,4.400
2021101702,790,6.000,27,32,2.100,2.600,,2.080,2.760
2021101702,911,6.000,43,48,3.700,4.200,2.400,3.410,7.890
2021101702,947,6.000,23,28,1.700,2.200,,0.680,0.890
2021101702,1126,6.000,42,46,3.600,4.000,0.700,5.510,9.390
2021101702,1224,6.000,31,35,2.500,2.900,,2.290,2.570
2021101702,1292,6.000,30,35,2.400,2.900,,4.170,8.040
2021101702,1379,6.000,31,36,2.500,3.000,,2.940,3.920
2021101702,1417,6.000,56,61,5.000,5.500,3.600,3.710,10.260
2021101702,1439,6.000,39,44,3.300,3.800,,3.140,5.700
2021101702,1697,6.000,35,39,2.900,3.300,2.500,6.680,14.570
2021101702,1741,6.000,31,36,2.500,3.000,,3.120,4.190
2021101702,1813,6.000,29,34,2.300,2.800,,2.370,2.710
2021101702,1869,6.000,26,31,2.000,2.500,,3.580,4.210
2021101702,1914,6.000,38,43,3.200,3.700,,2.550,4.260
2021101702,2084,6.000,32,37,2.600,3.100,,1.620,2.510
2021101702,2108,6.000,31,36,2.500,3.000,,2.370,3.160
2021101702,2130,7.000,26,31,1.900,2.400,,2.300,2.470
2021101702,2192,6.000,37,42,3.100,3.600,,5.540,8.460
2021101702,2251,6.000,39,44,3.300,3.800,3.300,3.270,5.890
2021101702,2292,6.000,32,37,2.600,3.100,2.600,2.340,3.150
2021101702,2352,6.000,28,33,2.200,2.700,,2.940,3.970
2021101702,2393,6.000,33,37,2.700,3.100,,2.510,3.740
2021101702,2415,6.000,37,42,3.100,3.600,3.000,3.880,8.390
2021101702,2503,6.000,27,32,2.100,2.600,0.600,3.810,5.150
2021101702,2601,6.000,42,47,3.600,4.100,,2.610,4.610
2021101702,2678,6.000,53,58,4.700,5.200,2.400,7.640,15.300
2021101702,2697,6.000,37,42,3.100,3.600,,3.060,5.460
2021101702,2774,6.000,56,61,5.000,5.500,2.600,3.140,9.950
2021101702,2793,6.000,37,42,3.100,3.600,,3.170,5.160
2021101702,2847,6.000,48,53,4.200,4.700,4.200,5.250,11.710
2021101702,2869,6.000,31,36,2.500,3.000,,2.760,4.520
2021101702,2954,6.000,30,35,2.400,2.900,,1.740,2.160
2021101702,2976,6.000,29,34,2.300,2.800,2.100,3.100,4.830
2021101702,3130,6.000,39,44,3.300,3.800,,4.820,10.820
2021101702,3177,7.000,32,37,2.500,3.000,2.300,1.670,3.020
2021101702,3255,6.000,29,34,2.300,2.800,,3.970,5.140
2021101702,3295,6.000,48,53,4.200,4.700,,5.080,11.140
2021101702,3345,7.000,36,41,2.900,3.400,,2.010,3.270
2021101702,3367,6.000,32,37,2.600,3.100,,4.740,9.900
2021101702,3489,6.000,54,59,4.800,5.300,,7.850,29.620
2021101702,3680,6.000,28,33,2.200,2.700,,2.770,3.520
2021101702,3794,6.000,32,36,2.600,3.000,,2.270,3.200
2021101702,3881,6.000,34,39,2.800,3.300,,3.220,4.340
2021101702,3902,6.000,28,33,2.200,2.700,,3.160,4.100
2021101702,3924,6.000,46,51,4.000,4.500,2.800,2.930,6.280
2021101702,3954,6.000,32,37,2.600,3.100,,2.760,3.850
2021101702,3976,6.000,34,37,2.800,3.100,2.400,3.230,5.070
2021101702,4047,6.000,31,36,2.500,3.000,,2.120,3.340
2021101702,4089,6.000,36,41,3.000,3.500,2.900,3.560,6.540
2021101702,4110,6.000,34,38,2.800,3.200,2.700,2.570,3.640
2021101702,4134,6.000,33,38,2.700,3.200,,1.390,2.080
2021101702,4158,6.000,61,66,5.500,6.000,3.000,7.280,24.940
2021101702,4201,6.000,74,79,6.800,7.300,4.100,8.590,34.840
2021101702,4257,6.000,51,56,4.500,5.000,,5.630,21.070
2021101702,4412,6.000,36,41,3.000,3.500,,2.670,4.780
2021101702,4434,6.000,32,37,2.600,3.100,,2.450,3.630
2021101702,4477,6.000,36,41,3.000,3.500,,3.030,5.720
2021101702,4499,6.000,38,43,3.200,3.700,2.500,2.970,6.640
2021101702,4523,6.000,21,26,1.500,2.000,,1.030,1.030
2021101702,4547,6.000,42,47,3.600,4.100,3.300,4.500,6.560
2021101702,4573,6.000,32,37,2.600,3.100,,3.200,5.850
2021101702,4595,6.000,44,49,3.800,4.300,3.000,4.550,9.630
2021101702,4624,6.000,21,26,1.500,2.000,,1.400,1.770
2021101702,4663,6.000,26,31,2.000,2.500,,3.580,6.470
2021101702,4692,6.000,33,38,2.700,3.200,,2.720,3.880
2021101702,4746,6.000,21,26,1.500,2.000,,2.140,2.600
2021101702,4775,6.000,48,53,4.200,4.700,2.000,5.910,11.350
2021101702,4801,6.000,38,43,3.200,3.700,2.900,2.520,3.820
2021101702,4883,6.000,29,34,2.300,2.800,,1.750,1.840
2021101702,5036,6.000,29,34,2.300,2.800,,2.110,2.710
2021101702,5087,6.000,47,52,4.100,4.600,,4.340,8.970
2021101702,5133,6.000,47,52,4.100,4.600,,6.070,18.180
2021101702,5223,6.000,38,43,3.200,3.700,,2.750,6.050
2021101703,96,6.000,46,51,4.000,4.500,3.000,7.480,14.120
2021101703,143,6.000,25,30,1.900,2.400,,1.540,2.020
2021101703,218,8.000,34,38,2.600,3.000,,2.750,5.050
2021101703,240,8.000,43,48,3.500,4.000,2.200,2.430,6.600
2021101703,343,7.000,34,38,2.700,3.100,,5.830,14.410
2021101703,393,8.000,34,38,2.600,3.000,,2.550,4.080
2021101703,422,8.000,33,37,2.500,2.900,2.500,2.080,3.660
2021101703,451,7.000,40,43,3.300,3.600,,3.560,6.790
2021101703,608,8.000,44,49,3.600,4.100,2.600,2.300,4.970
2021101703,627,7.000,60,64,5.300,5.700,,6.960,24.760
2021101703,802,6.000,26,30,2.000,2.400,,1.230,1.270
2021101703,841,6.000,28,30,2.200,2.400,,2.290,2.830
2021101703,920,6.000,44,49,3.800,4.300,,5.000,10.820
2021101703,966,7.000,58,63,5.100,5.600,5.000,3.890,9.520
2021101703,993,6.000,55,60,4.900,5.400,4.100,5.370,18.610
2021101703,1090,7.000,24,29,1.700,2.200,,2.000,2.700
2021101703,1208,7.000,27,32,2.000,2.500,,2.110,2.660
2021101703,1394,6.000,26,31,2.000,2.500,,1.230,1.570
2021101703,1437,6.000,80,85,7.400,7.900,6.100,7.490,29.800
2021101703,1612,6.000,35,39,2.900,3.300,,4.460,9.370
2021101703,1634,7.000,40,45,3.300,3.800,,2.880,5.340
2021101703,1779,6.000,66,71,6.000,6.500,4.200,5.420,24.800
2021101703,1872,6.000,34,38,2.800,3.200,,2.740,4.290
2021101703,1896,6.000,33,37,2.700,3.100,,2.420,4.490
2021101703,1978,6.000,49,53,4.300,4.700,,6.500,16.110
2021101703,2060,6.000,55,60,4.900,5.400,2.800,3.780,9.940
2021101703,2221,6.000,32,37,2.600,3.100,2.600,5.350,12.210
2021101703,2243,6.000,32,37,2.600,3.100,,3.830,5.280
2021101703,2306,6.000,28,33,2.200,2.700,,3.430,6.430
2021101703,2398,6.000,27,32,2.100,2.600,,2.020,2.850
2021101703,2431,6.000,38,42,3.200,3.600,,5.300,13.320
2021101703,2485,7.000,29,34,2.200,2.700,,4.020,5.560
2021101703,2535,6.000,30,35,2.400,2.900,,4.750,9.290
2021101703,2564,6.000,47,52,4.100,4.600,,3.750,8.360
2021101703,2656,6.000,39,44,3.300,3.800,,1.570,2.660
2021101703,2786,6.000,36,41,3.000,3.500,3.000,4.810,8.730
2021101703,2810,6.000,43,48,3.700,4.200,,7.990,22.290
2021101703,2868,6.000,34,38,2.800,3.200,,3.940,7.530
2021101703,2940,6.000,30,35,2.400,2.900,,3.370,3.690
2021101703,2962,6.000,35,40,2.900,3.400,2.100,2.960,6.320
2021101703,3059,6.000,51,56,4.500,5.000,,6.160,18.470
2021101703,3083,6.000,30,35,2.400,2.900,,3.960,5.950
2021101703,3130,6.000,63,68,5.700,6.200,,7.070,23.720
2021101703,3189,7.000,37,41,3.000,3.400,,2.540,6.460
2021101703,3218,6.000,27,32,2.100,2.600,,1.940,2.760
2021101703,3265,7.000,40,45,3.300,3.800,,2.300,4.070
2021101703,3357,6.000,30,35,2.400,2.900,,4.460,6.740
2021101703,3381,6.000,42,47,3.600,4.100,3.300,5.500,15.050
2021101703,3403,7.000,39,43,3.200,3.600,,3.410,9.110
2021101703,3449,6.000,40,45,3.400,3.900,,5.000,15.860
2021101703,3494,6.000,68,73,6.200,6.700,,8.240,27.080
2021101703,3580,6.000,42,47,3.600,4.100,,2.090,5.680
2021101703,3602,6.000,55,60,4.900,5.400,3.200,4.010,9.030
2021101703,3669,6.000,37,42,3.100,3.600,,2.730,5.280
2021101703,3692,7.000,50,55,4.300,4.800,2.700,4.660,13.270
2021101703,3773,6.000,59,64,5.300,5.800,4.000,6.950,21.700
2021101703,3809,7.000,82,86,7.500,7.900,7.300,8.330,36.700
2021101704,83,6.000,33,38,2.700,3.200,,4.810,11.060
2021101704,162,6.000,39,44,3.300,3.800,3.100,3.180,7.740
2021101704,210,6.000,41,46,3.500,4.000,,3.760,8.030
2021101704,252,6.000,31,36,2.500,3.000,,2.630,3.110
2021101704,318,6.000,43,48,3.700,4.200,,4.620,8.420
2021101704,340,6.000,38,43,3.200,3.700,,5.860,8.170
2021101704,366,6.000,29,34,2.300,2.800,,2.910,4.080
2021101704,478,6.000,34,39,2.800,3.300,2.800,3.180,6.210
2021101704,521,6.000,40,45,3.400,3.900,,4.030,7.100
2021101704,566,6.000,52,57,4.600,5.100,,7.680,28.880
2021101704,617,6.000,42,47,3.600,4.100,2.500,4.240,6.490
2021101704,680,6.000,34,39,2.800,3.300,,2.590,4.550
2021101704,704,6.000,38,43,3.200,3.700,,2.990,5.870
2021101704,746,6.000,55,60,4.900,5.400,3.400,4.180,11.760
2021101704,776,6.000,32,37,2.600,3.100,2.600,3.130,4.240
2021101704,903,6.000,36,41,3.000,3.500,,3.380,7.780
2021101704,938,6.000,22,27,1.600,2.100,,1.640,2.130
2021101704,1041,6.000,36,41,3.000,3.500,,4.480,10.590
2021101704,1138,6.000,26,31,2.000,2.500,,2.760,3.850
2021101704,1188,6.000,26,31,2.000,2.500,,2.460,3.410
2021101704,1210,6.000,66,71,6.000,6.500,3.300,7.070,27.180
2021101704,1264,7.000,38,43,3.100,3.600,,4.780,8.680
2021101704,1290,6.000,35,40,2.900,3.400,2.100,4.340,8.530
2021101704,1345,6.000,19,24,1.300,1.800,,1.900,2.100
2021101704,1369,6.000,26,31,2.000,2.500,,2.970,4.340
2021101704,1438,6.000,36,41,3.000,3.500,3.000,2.640,4.380
2021101704,1521,6.000,41,46,3.500,4.000,,5.730,14.170
2021101704,1545,6.000,30,35,2.400,2.900,2.400,3.990,7.930
2021101704,1613,6.000,30,35,2.400,2.900,,2.650,3.860
2021101704,1726,6.000,32,37,2.600,3.100,,2.410,4.090
2021101704,1786,6.000,54,59,4.800,5.300,3.200,7.160,15.280
2021101704,1843,6.000,31,36,2.500,3.000,,2.490,3.890
2021101704,1867,6.000,51,56,4.500,5.000,2.800,3.530,11.090
2021101704,1889,6.000,36,41,3.000,3.500,,2.850,5.330
2021101704,1913,6.000,35,39,2.900,3.300,,3.200,6.620
2021101704,1935,6.000,34,39,2.800,3.300,,2.570,4.460
2021101704,1957,6.000,32,37,2.600,3.100,2.500,3.140,4.880
2021101704,1986,6.000,46,51,4.000,4.500,2.400,7.280,14.360
2021101704,2029,6.000,56,61,5.000,5.500,3.700,6.320,19.570
2021101704,2170,6.000,41,46,3.500,4.000,2.700,4.820,8.430
2021101704,2191,6.000,42,47,3.600,4.100,,3.080,6.470
2021101704,2260,6.000,30,35,2.400,2.900,,5.930,11.600
2021101704,2327,6.000,28,33,2.200,2.700,,2.080,2.870
2021101704,2351,6.000,25,30,1.900,2.400,,1.780,2.540
2021101704,2440,7.000,30,35,2.300,2.800,,2.700,3.480
2021101704,2586,6.000,34,38,2.800,3.200,,1.120,1.590
2021101704,2631,6.000,33,37,2.700,3.100,2.700,2.060,2.830
2021101704,2653,6.000,26,30,2.000,2.400,,1.710,2.440
2021101704,2739,6.000,40,45,3.400,3.900,,2.340,6.680
2021101704,2787,6.000,32,37,2.600,3.100,,2.420,4.600
2021101704,2809,6.000,39,44,3.300,3.800,,3.200,8.260
2021101704,2903,6.000,33,38,2.700,3.200,2.700,1.850,2.540
2021101704,2948,6.000,40,44,3.400,3.800,3.300,4.670,7.990
2021101704,3012,6.000,56,61,5.000,5.500,3.800,5.820,14.170
2021101704,3031,7.000,29,34,2.200,2.700,2.200,2.650,3.730
2021101704,3055,7.000,36,41,2.900,3.400,0.400,4.570,9.240
2021101704,3111,6.000,35,40,2.900,3.400,,2.740,4.720
2021101704,3145,6.000,26,31,2.000,2.500,,1.930,2.750
2021101704,3190,6.000,30,35,2.400,2.900,,3.260,4.740
2021101704,3235,6.000,35,40,2.900,3.400,,2.300,3.650
2021101704,3259,6.000,30,35,2.400,2.900,,2.470,3.960
2021101704,3281,6.000,38,43,3.200,3.700,,2.350,3.460
2021101704,3305,6.000,27,32,2.100,2.600,,2.170,3.420
2021101704,3350,6.000,31,36,2.500,3.000,2.500,2.260,4.230
2021101704,3391,6.000,62,67,5.600,6.100,,7.070,22.550
2021101704,3507,6.000,32,36,2.600,3.000,,2.700,3.680
2021101704,3582,6.000,28,32,2.200,2.600,,2.320,2.910
2021101704,3615,6.000,36,41,3.000,3.500,,5.620,13.660
2021101704,3673,6.000,40,45,3.400,3.900,3.200,2.880,5.210
2021101704,3697,6.000,31,36,2.500,3.000,2.300,2.260,4.490
2021101704,3743,6.000,35,40,2.900,3.400,,2.580,5.150
2021101704,3767,6.000,39,44,3.300,3.800,,2.440,5.740
2021101704,3791,6.000,33,38,2.700,3.200,,2.680,4.380
2021101704,3813,6.000,37,42,3.100,3.600,,2.590,4.180
2021101704,3837,5.000,34,39,2.900,3.400,2.400,2.620,5.030
2021101704,3861,6.000,31,36,2.500,3.000,2.500,2.200,3.540
2021101704,3902,6.000,62,67,5.600,6.100,,2.640,12.070
2021101704,3928,6.000,41,46,3.500,4.000,,2.740,4.690
2021101704,3950,6.000,27,32,2.100,2.600,,3.900,7.010
2021101704,3996,6.000,41,46,3.500,4.000,,6.740,19.210
2021101705,111,6.000,24,29,1.800,2.300,,2.480,3.700
2021101705,182,6.000,27,32,2.100,2.600,,2.600,2.550
2021101705,206,6.000,50,55,4.400,4.900,3.400,6.160,18.230
2021101705,225,6.000,26,31,2.000,2.500,,2.370,2.390
2021101705,349,6.000,32,37,2.600,3.100,,2.360,4.310
2021101705,378,6.000,25,30,1.900,2.400,,2.980,3.680
2021101705,449,6.000,59,64,5.300,5.800,2.700,6.890,19.030
2021101705,561,6.000,22,27,1.600,2.100,,1.750,1.800
2021101705,585,6.000,38,43,3.200,3.700,2.400,3.170,7.580
2021101705,644,6.000,35,40,2.900,3.400,,2.980,4.600
2021101705,718,6.000,45,50,3.900,4.400,,3.690,8.400
2021101705,764,6.000,42,47,3.600,4.100,,5.380,8.600
2021101705,861,6.000,38,43,3.200,3.700,,4.630,8.280
2021101705,988,6.000,45,50,3.900,4.400,,5.250,9.360
2021101705,1034,6.000,45,50,3.900,4.400,,3.230,9.950
2021101705,1079,6.000,53,58,4.700,5.200,4.400,6.020,16.110
2021101705,1135,6.000,29,34,2.300,2.800,,3.750,4.660
2021101705,1180,6.000,47,52,4.100,4.600,,7.060,22.750
2021101705,1204,6.000,42,47,3.600,4.100,3.000,3.240,6.740
2021101705,1228,6.000,35,40,2.900,3.400,,2.660,4.370
2021101705,1250,6.000,26,31,2.000,2.500,,2.860,3.860
2021101705,1326,6.000,26,31,2.000,2.500,,2.710,3.580
2021101705,1401,6.000,29,34,2.300,2.800,,2.890,4.400
2021101705,1511,6.000,34,39,2.800,3.300,2.500,3.670,5.190
2021101705,1563,6.000,35,39,2.900,3.300,2.700,4.100,6.340
2021101705,1674,6.000,37,42,3.100,3.600,,3.520,6.800
2021101705,1757,6.000,26,31,2.000,2.500,,2.410,3.240
2021101705,1820,6.000,32,37,2.600,3.100,2.600,3.360,5.170
2021101705,1849,6.000,33,38,2.700,3.200,2.700,2.980,3.940
2021101705,1911,6.000,43,48,3.700,4.200,2.400,6.240,14.860
2021101705,2013,6.000,29,34,2.300,2.800,,2.860,3.860
2021101705,2035,6.000,43,48,3.700,4.200,2.300,2.770,6.050
2021101705,2173,6.000,49,54,4.300,4.800,,4.860,9.530
2021101705,2194,6.000,73,78,6.700,7.200,2.700,4.660,15.090
2021101705,2243,6.000,39,44,3.300,3.800,,4.300,6.830
2021101705,2290,6.000,40,45,3.400,3.900,,5.100,9.470
2021101705,2374,6.000,48,53,4.200,4.700,,6.610,22.320
2021101705,2396,6.000,53,58,4.700,5.200,2.900,6.550,16.040
2021101705,2465,6.000,24,29,1.800,2.300,,1.880,2.090
2021101705,2673,6.000,34,38,2.800,3.200,,3.870,5.760
2021101705,2739,6.000,25,30,1.900,2.400,,4.270,6.650
2021101705,2760,6.000,32,36,2.600,3.000,,3.020,4.620
2021101705,2813,6.000,29,34,2.300,2.800,,3.160,4.780
2021101705,2863,6.000,30,35,2.400,2.900,2.400,4.670,7.070
2021101705,2925,6.000,38,43,3.200,3.700,3.100,3.210,5.490
2021101705,2947,6.000,36,41,3.000,3.500,2.000,3.150,5.190
2021101705,3026,6.000,31,36,2.500,3.000,2.400,3.630,4.000
2021101705,3077,6.000,26,31,2.000,2.500,,2.130,3.110
2021101705,3106,6.000,34,39,2.800,3.300,,3.230,6.990
2021101705,3198,6.000,30,35,2.400,2.900,,3.260,4.070
2021101705,3233,6.000,44,49,3.800,4.300,,5.330,12.000
2021101705,3403,6.000,35,40,2.900,3.400,,3.560,4.920
2021101705,3533,6.000,31,36,2.500,3.000,,2.680,4.440
2021101705,3609,6.000,27,32,2.100,2.600,,2.430,3.700
2021101705,3631,6.000,27,32,2.100,2.600,,3.200,3.710
2021101705,3655,6.000,29,34,2.300,2.800,,2.680,3.850
2021101706,73,10.000,44,46,3.400,3.600,2.700,4.930,8.970
2021101706,123,8.000,37,39,2.900,3.100,2.800,3.270,5.230
2021101706,152,7.000,25,28,1.800,2.100,,1.960,2.120
2021101706,259,6.000,27,32,2.100,2.600,,1.760,2.400
2021101706,404,6.000,25,30,1.900,2.400,,1.100,1.650
2021101706,478,6.000,39,44,3.300,3.800,,4.370,12.690
2021101706,512,6.000,38,43,3.200,3.700,3.200,3.200,5.100
2021101706,562,6.000,41,46,3.500,4.000,,3.310,6.820
2021101706,586,6.000,40,45,3.400,3.900,,4.180,7.470
2021101706,629,8.000,65,70,5.700,6.200,3.600,3.120,9.140
2021101706,667,6.000,52,57,4.600,5.100,2.800,3.570,8.500
2021101706,712,6.000,32,37,2.600,3.100,2.600,3.500,5.770
2021101706,760,6.000,38,43,3.200,3.700,,2.370,5.540
2021101706,782,6.000,37,42,3.100,3.600,,6.920,10.510
2021101706,819,6.000,60,65,5.400,5.900,5.000,8.100,31.990
2021101706,841,6.000,29,34,2.300,2.800,,1.610,1.740
2021101706,886,6.000,63,68,5.700,6.200,,3.950,12.460
2021101706,936,6.000,27,32,2.100,2.600,,1.980,2.370
2021101706,958,6.000,34,39,2.800,3.300,,3.320,5.320
2021101706,982,6.000,47,52,4.100,4.600,3.300,2.500,5.500
2021101706,1094,6.000,23,28,1.700,2.200,,1.910,1.860
2021101706,1250,2.000,39,44,3.700,4.200,,3.150,5.680
2021101706,1286,6.000,32,37,2.600,3.100,,4.830,11.400
2021101706,1331,6.000,35,40,2.900,3.400,,2.250,2.820
2021101706,1394,6.000,30,35,2.400,2.900,,2.050,2.490
2021101706,1492,7.000,54,59,4.700,5.200,,5.090,16.600
2021101706,1523,6.000,26,31,2.000,2.500,,2.470,3.060
2021101706,1589,7.000,30,34,2.300,2.700,,5.250,8.670
2021101706,1652,6.000,26,31,2.000,2.500,,1.980,2.940
2021101706,1695,7.000,29,34,2.200,2.700,,2.680,3.480
2021101706,1778,7.000,44,48,3.700,4.100,3.600,4.370,8.600
2021101706,1800,6.000,43,48,3.700,4.200,3.000,4.240,7.540
2021101706,1861,7.000,31,35,2.400,2.800,,2.280,3.200
2021101706,1908,7.000,27,32,2.000,2.500,,2.530,3.670
2021101706,2037,6.000,40,45,3.400,3.900,0.800,6.000,17.320
2021101706,2082,6.000,23,28,1.700,2.200,,1.500,1.510
2021101706,2104,6.000,22,27,1.600,2.100,,1.440,1.430
2021101706,2145,6.000,30,35,2.400,2.900,,2.310,2.860
2021101706,2293,6.000,25,30,1.900,2.400,,2.660,3.160
2021101706,2346,6.000,38,43,3.200,3.700,3.200,2.880,5.490
2021101706,2370,6.000,30,35,2.400,2.900,,2.470,3.550
2021101706,2436,6.000,37,42,3.100,3.600,,2.750,5.010
2021101706,2472,6.000,35,40,2.900,3.400,,3.380,5.210
2021101706,2513,6.000,40,45,3.400,3.900,,3.340,7.440
2021101706,2601,7.000,24,29,1.700,2.200,,1.830,2.510
2021101706,2743,7.000,24,28,1.700,2.100,,2.260,2.730
2021101706,2930,7.000,33,38,2.600,3.100,2.500,2.560,4.590
2021101706,2975,7.000,26,31,1.900,2.400,,1.970,2.200
2021101706,3020,6.000,40,45,3.400,3.900,2.600,5.490,9.970
2021101706,3063,7.000,27,31,2.000,2.400,1.900,2.850,3.320
2021101706,3087,6.000,35,39,2.900,3.300,,1.870,3.150
2021101706,3139,7.000,25,29,1.800,2.200,,2.410,2.210
2021101706,3245,6.000,47,52,4.100,4.600,,7.650,16.780
2021101706,3308,6.000,31,35,2.500,2.900,,3.170,5.330
2021101706,3371,7.000,35,40,2.800,3.300,2.700,2.710,5.630
2021101706,3393,6.000,37,42,3.100,3.600,2.500,2.880,5.520
2021101706,3412,7.000,69,73,6.200,6.600,,7.400,28.010
2021101706,3480,7.000,27,31,2.000,2.400,,1.720,2.280
2021101706,3502,7.000,42,46,3.500,3.900,2.900,2.580,4.450
2021101706,3573,6.000,36,41,3.000,3.500,2.600,2.390,5.580
2021101706,3606,7.000,30,32,2.300,2.500,,1.630,1.960
2021101706,3633,7.000,45,49,3.800,4.200,2.800,4.390,10.430
2021101706,3672,6.000,24,29,1.800,2.300,,1.660,1.750
2021101706,3696,6.000,25,28,1.900,2.200,,1.330,1.570
2021101706,3720,7.000,43,48,3.600,4.100,,3.070,5.570
2021101706,3744,7.000,43,47,3.600,4.000,,4.530,10.060
2021101706,3766,6.000,33,38,2.700,3.200,,2.520,3.710
2021101706,4114,6.000,32,36,2.600,3.000,2.500,2.350,3.450
2021101706,4138,6.000,24,29,1.800,2.300,,1.770,1.600
2021101706,4162,2.000,29,33,2.700,3.100,2.700,2.390,3.790
2021101706,4186,7.000,34,39,2.700,3.200,,2.010,3.770
2021101706,4227,6.000,27,32,2.100,2.600,,2.330,2.720
2021101706,4251,7.000,26,31,1.900,2.400,,1.790,2.450
2021101706,4275,6.000,38,42,3.200,3.600,,2.620,5.530
2021101706,4297,6.000,35,40,2.900,3.400,,4.430,9.010
2021101706,4321,6.000,58,63,5.200,5.700,,6.480,19.320
2021101706,4343,7.000,37,41,3.000,3.400,2.600,3.090,6.250
2021101706,1932,,15,20,,,,2.480,3.470
2021101707,62,6.000,38,43,3.200,3.700,3.100,5.890,9.390
2021101707,105,6.000,29,34,2.300,2.800,,2.600,3.860
2021101707,166,6.000,20,25,1.400,1.900,,1.960,2.210
2021101707,190,6.000,36,41,3.000,3.500,,4.720,12.680
2021101707,242,6.000,28,33,2.200,2.700,,2.450,3.970
2021101707,266,6.000,59,64,5.300,5.800,4.500,7.850,27.930
2021101707,306,6.000,37,42,3.100,3.600,,3.250,6.480
2021101707,330,6.000,29,34,2.300,2.800,2.300,2.630,3.790
2021101707,470,6.000,26,31,2.000,2.500,,2.930,3.900
2021101707,520,6.000,68,72,6.200,6.600,3.100,4.010,14.290
2021101707,563,6.000,31,35,2.500,2.900,,3.040,4.990
2021101707,615,7.000,43,47,3.600,4.000,,3.090,4.920
2021101707,637,6.000,30,35,2.400,2.900,,3.110,4.190
2021101707,661,6.000,32,37,2.600,3.100,2.600,3.030,3.960
2021101707,759,6.000,35,38,2.900,3.200,,3.250,5.490
2021101707,809,7.000,36,40,2.900,3.300,,2.780,4.590
2021101707,833,6.000,27,32,2.100,2.600,,2.200,3.530
2021101707,881,7.000,34,39,2.700,3.200,,5.720,9.900
2021101707,943,7.000,24,29,1.700,2.200,1.700,1.810,2.500
2021101707,972,6.000,35,40,2.900,3.400,2.700,3.190,5.530
2021101707,1019,7.000,42,46,3.500,3.900,,4.420,9.270
2021101707,1041,8.000,29,33,2.100,2.500,,0.400,0.560
2021101707,1063,7.000,45,49,3.800,4.200,3.800,3.200,8.110
2021101707,1135,6.000,54,59,4.800,5.300,,7.310,28.440
2021101707,1173,7.000,26,31,1.900,2.400,,2.430,2.860
2021101707,1230,7.000,25,30,1.800,2.300,,1.950,2.620
2021101707,1277,7.000,34,38,2.700,3.100,,3.280,4.600
2021101707,1320,8.000,27,31,1.900,2.300,,2.130,3.120
2021101707,1405,7.000,35,40,2.800,3.300,2.100,3.240,6.190
2021101707,1427,7.000,53,58,4.600,5.100,2.600,8.160,21.270
2021101707,1495,6.000,40,45,3.400,3.900,2.600,2.750,6.500
2021101707,1536,6.000,40,45,3.400,3.900,3.400,3.170,4.820
2021101707,1627,7.000,43,48,3.600,4.100,3.400,4.240,7.910
2021101707,1649,7.000,36,41,2.900,3.400,,4.660,7.580
2021101707,1719,6.000,41,46,3.500,4.000,3.400,3.170,6.950
2021101707,1741,6.000,28,32,2.200,2.600,2.100,3.450,5.850
2021101707,1765,7.000,52,57,4.500,5.000,4.400,6.220,17.640
2021101707,1789,7.000,41,46,3.400,3.900,,3.530,4.710
2021101707,1824,6.000,24,28,1.800,2.200,,2.110,2.700
2021101707,1853,7.000,38,43,3.100,3.600,,3.340,5.600
2021101707,1937,7.000,38,42,3.100,3.500,,2.350,4.490
2021101707,2013,6.000,33,38,2.700,3.200,,2.120,3.890
2021101707,2037,6.000,28,32,2.200,2.600,,2.730,3.140
2021101707,2066,7.000,30,35,2.300,2.800,,2.200,2.860
2021101707,2130,6.000,34,38,2.800,3.200,,7.280,15.710
2021101707,2152,6.000,30,35,2.400,2.900,,3.170,4.690
2021101707,2181,7.000,13,41,0.600,3.400,,4.530,9.670
2021101707,2209,6.000,57,61,5.100,5.500,2.800,5.990,13.070
2021101707,2362,7.000,23,28,1.600,2.100,,2.110,2.260
2021101707,2386,6.000,26,31,2.000,2.500,,2.700,3.350
2021101707,2447,6.000,57,62,5.100,5.600,3.100,2.790,6.710
2021101707,2466,7.000,32,37,2.500,3.000,,2.520,3.870
2021101707,2535,7.000,31,35,2.400,2.800,,5.950,11.750
2021101707,2590,6.000,24,29,1.800,2.300,,4.930,8.680
2021101707,2714,7.000,28,33,2.100,2.600,,5.010,9.650
2021101707,2799,7.000,42,47,3.500,4.000,3.400,2.640,7.110
2021101707,2831,6.000,33,38,2.700,3.200,2.700,2.770,4.650
2021101707,2882,6.000,28,33,2.200,2.700,,2.270,3.370
2021101707,2904,6.000,29,34,2.300,2.800,,2.790,4.350
2021101707,2938,6.000,29,34,2.300,2.800,1.900,2.410,4.220
2021101707,2994,6.000,27,32,2.100,2.600,,1.190,1.370
2021101707,3078,6.000,29,34,2.300,2.800,,2.870,3.330
2021101707,3107,6.000,46,50,4.000,4.400,3.500,5.780,10.770
2021101707,3244,6.000,26,30,2.000,2.400,,5.530,8.660
2021101707,3268,6.000,61,66,5.500,6.000,2.200,8.850,26.170
2021101707,3335,6.000,45,50,3.900,4.400,,7.760,20.150
2021101707,3363,7.000,70,75,6.300,6.800,3.200,7.560,26.180
2021101707,3488,7.000,38,42,3.100,3.500,,3.140,4.100
2021101707,3531,7.000,34,39,2.700,3.200,,3.020,4.240
2021101707,3555,7.000,36,40,2.900,3.300,,5.020,7.940
2021101707,3608,7.000,105,110,9.800,10.300,2.200,4.750,25.580
2021101707,3698,7.000,53,58,4.600,5.100,2.500,8.380,18.360
2021101707,3748,7.000,34,39,2.700,3.200,2.500,2.800,3.800
2021101707,3770,7.000,56,61,4.900,5.400,2.500,6.430,18.870
2021101707,3815,7.000,28,33,2.100,2.600,,2.480,3.400
2021101707,3837,7.000,78,83,7.100,7.600,3.600,7.210,31.740
2021101707,3877,6.000,33,36,2.700,3.000,,3.040,4.330
2021101707,3906,6.000,69,74,6.300,6.800,5.300,8.480,41.950
2021101707,3960,6.000,53,58,4.700,5.200,3.400,5.950,16.270
2021101707,4039,6.000,40,45,3.400,3.900,,2.800,6.450
2021101707,4080,7.000,30,35,2.300,2.800,,3.360,4.480
2021101707,4147,6.000,60,64,5.400,5.800,3.300,6.470,15.770
2021101707,4171,7.000,31,36,2.400,2.900,,2.970,4.300
2021101708,56,6.000,24,29,1.800,2.300,,2.360,2.770
2021101708,102,6.000,27,32,2.100,2.600,,2.730,3.340
2021101708,137,6.000,46,51,4.000,4.500,2.600,3.310,7.530
2021101708,198,6.000,63,68,5.700,6.200,5.600,7.050,18.080
2021101708,262,6.000,34,39,2.800,3.300,,3.310,5.760
2021101708,307,6.000,38,43,3.200,3.700,2.500,6.520,12.870
2021101708,384,6.000,41,46,3.500,4.000,,5.980,13.270
2021101708,500,6.000,22,27,1.600,2.100,,1.950,2.020
2021101708,522,6.000,75,80,6.900,7.400,2.600,7.540,27.950
2021101708,631,6.000,38,43,3.200,3.700,,3.360,6.700
2021101708,666,6.000,32,37,2.600,3.100,,3.720,7.700
2021101708,715,6.000,55,60,4.900,5.400,3.300,7.910,15.640
2021101708,746,6.000,40,45,3.400,3.900,2.500,3.180,6.900
2021101708,824,6.000,29,34,2.300,2.800,,1.760,2.720
2021101708,869,6.000,22,27,1.600,2.100,,1.510,1.900
2021101708,902,6.000,47,52,4.100,4.600,,2.780,7.570
2021101708,965,6.000,34,39,2.800,3.300,2.700,2.820,3.490
2021101708,1063,6.000,68,73,6.200,6.700,6.100,9.450,35.620
2021101708,1178,6.000,29,34,2.300,2.800,,3.120,5.010
2021101708,1221,6.000,28,33,2.200,2.700,,4.830,7.870
2021101708,1327,6.000,77,82,7.100,7.600,2.300,5.720,19.300
2021101708,1367,6.000,33,38,2.700,3.200,,5.180,12.580
2021101708,1500,6.000,24,29,1.800,2.300,,3.790,6.730
2021101708,1545,6.000,36,41,3.000,3.500,,3.340,6.360
2021101708,1650,6.000,46,51,4.000,4.500,2.700,4.800,11.400
2021101708,1703,6.000,28,33,2.200,2.700,,1.210,1.280
2021101708,1727,6.000,50,55,4.400,4.900,,5.650,19.250
2021101708,1835,6.000,28,33,2.200,2.700,,2.710,3.280
2021101708,1865,6.000,23,28,1.700,2.200,,1.460,1.890
2021101708,1964,7.000,22,27,1.500,2.000,,2.920,4.100
2021101708,1988,6.000,37,42,3.100,3.600,,6.080,13.350
2021101708,2038,6.000,50,55,4.400,4.900,,2.750,8.040
2021101708,2196,6.000,43,48,3.700,4.200,,5.420,14.230
2021101708,2319,6.000,35,40,2.900,3.400,,3.140,5.530
2021101708,2341,6.000,33,38,2.700,3.200,,3.130,4.510
2021101708,2365,6.000,40,45,3.400,3.900,3.200,2.510,4.190
2021101708,2413,6.000,76,81,7.000,7.500,4.000,4.670,21.240
2021101708,2500,6.000,51,56,4.500,5.000,3.500,2.510,7.710
2021101708,2519,6.000,34,39,2.800,3.300,,3.600,5.580
2021101708,2543,6.000,36,41,3.000,3.500,2.700,3.020,4.220
2021101708,2615,6.000,39,44,3.300,3.800,2.400,3.630,8.430
2021101708,2655,6.000,59,64,5.300,5.800,2.600,3.700,10.620
2021101708,2737,6.000,44,49,3.800,4.300,,3.060,4.610
2021101708,2759,6.000,30,35,2.400,2.900,,3.360,4.890
2021101708,2844,6.000,40,45,3.400,3.900,,3.580,6.530
2021101708,2894,6.000,56,60,5.000,5.400,,4.970,17.120
2021101708,2939,6.000,35,40,2.900,3.400,2.800,2.830,4.150
2021101708,3027,6.000,27,32,2.100,2.600,,2.040,2.720
2021101708,3049,6.000,37,42,3.100,3.600,,3.590,5.160
2021101708,3094,6.000,23,28,1.700,2.200,,1.340,1.690
2021101708,3160,6.000,39,44,3.300,3.800,,3.420,8.000
2021101708,3238,6.000,29,34,2.300,2.800,,2.650,3.400
2021101708,3260,7.000,43,48,3.600,4.100,3.500,4.610,8.750
2021101708,3284,7.000,48,53,4.100,4.600,3.600,3.780,9.510
2021101708,3308,7.000,34,39,2.700,3.200,,4.990,10.190
2021101708,3379,6.000,42,47,3.600,4.100,,7.090,19.000
2021101708,3570,6.000,31,36,2.500,3.000,,2.990,4.360
2021101708,3592,6.000,22,27,1.600,2.100,,2.150,2.150
2021101708,3656,6.000,41,46,3.500,4.000,3.500,2.690,5.000
2021101708,3756,6.000,34,39,2.800,3.300,,3.350,6.870
2021101708,3838,6.000,26,31,2.000,2.500,,2.700,3.320
2021101708,4059,6.000,23,28,1.700,2.200,,1.550,2.150
2021101708,4083,6.000,34,39,2.800,3.300,2.700,2.930,4.310
2021101708,4122,6.000,24,29,1.800,2.300,,2.480,2.210
2021101709,55,6.000,24,29,1.800,2.300,,2.910,4.160
2021101709,126,6.000,45,50,3.900,4.400,,4.710,8.250
2021101709,213,6.000,33,37,2.700,3.100,,2.520,3.860
2021101709,278,6.000,60,65,5.400,5.900,0.000,5.360,17.150
2021101709,349,6.000,50,55,4.400,4.900,2.500,4.010,10.690
2021101709,374,7.000,40,45,3.300,3.800,2.700,3.030,7.040
2021101709,398,7.000,43,48,3.600,4.100,2.500,4.490,9.510
2021101709,485,6.000,47,51,4.100,4.500,3.700,7.920,20.600
2021101709,541,7.000,34,38,2.700,3.100,,5.660,13.120
2021101709,586,7.000,28,32,2.100,2.500,,2.690,4.180
2021101709,620,6.000,28,32,2.200,2.600,,3.790,5.170
2021101709,703,6.000,39,43,3.300,3.700,,6.170,16.540
2021101709,813,7.000,41,44,3.400,3.700,0.000,4.390,10.420
2021101709,835,6.000,29,33,2.300,2.700,,3.110,4.470
2021101709,859,6.000,36,40,3.000,3.400,,2.210,3.780
2021101709,885,7.000,37,40,3.000,3.300,,2.670,3.990
2021101709,998,6.000,39,42,3.300,3.600,,2.680,3.910
2021101709,1020,6.000,61,66,5.500,6.000,,8.710,27.260
2021101709,1068,6.000,30,35,2.400,2.900,,4.430,10.920
2021101709,1113,6.000,36,41,3.000,3.500,,3.180,5.480
2021101709,1153,7.000,31,35,2.400,2.800,,3.710,5.060
2021101709,1228,7.000,41,44,3.400,3.700,,3.970,6.280
2021101709,1332,6.000,40,44,3.400,3.800,,5.120,10.060
2021101709,1356,6.000,26,30,2.000,2.400,,1.770,2.010
2021101709,1401,6.000,45,50,3.900,4.400,2.800,5.190,7.750
2021101709,1422,6.000,70,74,6.400,6.800,3.700,5.910,20.280
2021101709,1444,7.000,50,55,4.300,4.800,3.700,3.130,7.570
2021101709,1544,6.000,23,26,1.700,2.000,,2.890,3.610
2021101709,1568,6.000,60,64,5.400,5.800,2.100,6.950,21.140
2021101709,1590,6.000,42,46,3.600,4.000,2.600,4.150,9.050
2021101709,1631,6.000,34,38,2.800,3.200,2.300,2.090,2.820
2021101709,1655,6.000,25,30,1.900,2.400,,1.600,3.110
2021101709,1733,6.000,33,37,2.700,3.100,,2.880,4.600
2021101709,1757,6.000,39,43,3.300,3.700,2.100,1.940,3.930
2021101709,1791,6.000,41,44,3.500,3.800,2.100,3.460,6.850
2021101709,1826,6.000,44,48,3.800,4.200,3.600,4.930,10.420
2021101709,1886,6.000,35,38,2.900,3.200,2.800,2.480,3.790
2021101709,1924,7.000,60,63,5.300,5.600,5.300,7.350,25.090
2021101709,1953,7.000,36,40,2.900,3.300,,2.780,3.730
2021101709,1975,7.000,40,44,3.300,3.700,,3.570,6.660
2021101709,2016,6.000,38,42,3.200,3.600,2.900,2.640,3.610
2021101709,2078,7.000,38,43,3.100,3.600,2.500,3.620,6.920
2021101709,2185,6.000,36,40,3.000,3.400,2.800,2.640,3.960
2021101709,2241,6.000,41,45,3.500,3.900,2.800,2.940,5.590
2021101709,2263,7.000,50,54,4.300,4.700,4.000,3.000,7.290
2021101709,2349,6.000,23,28,1.700,2.200,,1.630,2.040
2021101709,2454,7.000,38,42,3.100,3.500,2.700,2.200,4.110
2021101709,2502,6.000,32,37,2.600,3.100,,2.600,3.630
2021101709,2581,6.000,64,69,5.800,6.300,5.400,7.550,30.780
2021101709,2600,6.000,34,39,2.800,3.300,,2.480,3.810
2021101709,2715,7.000,41,45,3.400,3.800,2.300,2.690,4.940
2021101709,2756,6.000,44,48,3.800,4.200,3.500,3.270,9.070
2021101709,2778,6.000,38,42,3.200,3.600,,2.690,4.970
2021101709,2823,6.000,26,31,2.000,2.500,,2.140,2.510
2021101709,2872,7.000,51,56,4.400,4.900,3.000,6.560,14.590
2021101709,2942,7.000,44,49,3.700,4.200,2.700,1.970,4.100
2021101709,2964,6.000,34,38,2.800,3.200,2.700,3.890,7.550
2021101709,3091,7.000,25,29,1.800,2.200,,1.730,2.240
2021101709,3134,7.000,30,34,2.300,2.700,2.100,2.120,2.910
2021101709,3179,7.000,26,30,1.900,2.300,,2.130,2.440
2021101709,3203,2.000,30,35,2.800,3.300,2.800,3.160,4.950
2021101709,3248,7.000,36,39,2.900,3.200,2.500,2.010,4.660
2021101709,3283,7.000,36,39,2.900,3.200,2.800,3.020,5.030
2021101709,3305,6.000,51,56,4.500,5.000,,2.930,5.670
2021101709,3329,7.000,38,42,3.100,3.500,,3.230,5.880
2021101709,3411,6.000,42,46,3.600,4.000,,2.970,5.520
2021101709,3433,6.000,28,32,2.200,2.600,,1.870,2.970
2021101709,3562,6.000,30,33,2.400,2.700,,2.690,3.650
2021101709,3633,7.000,27,31,2.000,2.400,,5.290,9.930
2021101709,3689,6.000,34,38,2.800,3.200,,3.040,4.580
2021101709,3739,7.000,35,38,2.800,3.100,,2.680,4.800
2021101709,3761,7.000,42,46,3.500,3.900,,3.350,6.790
2021101709,3906,6.000,39,43,3.300,3.700,,2.410,6.620
2021101709,3930,7.000,26,30,1.900,2.300,,2.410,2.940
2021101709,3954,7.000,26,31,1.900,2.400,,2.120,2.750
2021101709,4001,6.000,32,36,2.600,3.000,2.300,2.630,4.160
2021101709,4063,6.000,27,31,2.100,2.500,,1.570,2.310
2021101709,4087,6.000,27,31,2.100,2.500,,1.480,2.380
2021101709,4111,7.000,32,36,2.500,2.900,2.400,1.340,2.380
2021101709,4168,6.000,28,32,2.200,2.600,,2.840,5.040
2021101709,4197,7.000,64,69,5.700,6.200,2.000,3.150,8.850
2021101709,4233,7.000,40,43,3.300,3.600,3.200,3.090,6.670
2021101709,4257,6.000,41,45,3.500,3.900,,2.260,5.070
2021101710,94,6.000,25,30,1.900,2.400,,1.810,1.760
2021101710,118,6.000,41,46,3.500,4.000,,5.420,9.540
2021101710,179,6.000,46,51,4.000,4.500,,5.950,14.870
2021101710,373,6.000,29,34,2.300,2.800,,4.640,6.160
2021101710,399,6.000,51,56,4.500,5.000,,5.830,22.250
2021101710,444,6.000,48,52,4.200,4.600,2.800,5.970,12.940
2021101710,497,6.000,36,40,3.000,3.400,,2.940,5.430
2021101710,521,6.000,27,32,2.100,2.600,,3.940,6.440
2021101710,583,7.000,30,35,2.300,2.800,,4.500,7.960
2021101710,607,6.000,37,42,3.100,3.600,,3.880,5.640
2021101710,663,7.000,33,37,2.600,3.000,,3.660,5.680
2021101710,719,6.000,41,45,3.500,3.900,,4.890,9.380
2021101710,775,6.000,23,27,1.700,2.100,,1.820,2.580
2021101710,799,6.000,57,62,5.100,5.600,2.900,6.490,24.830
2021101710,825,6.000,34,38,2.800,3.200,,3.080,5.580
2021101710,882,6.000,39,43,3.300,3.700,3.100,2.420,5.160
2021101710,926,6.000,63,67,5.700,6.100,2.500,7.030,22.390
2021101710,971,6.000,43,47,3.700,4.100,,5.220,10.850
2021101710,1081,6.000,35,39,2.900,3.300,2.400,3.240,5.460
2021101710,1120,7.000,33,37,2.600,3.000,,3.420,5.970
2021101710,1146,7.000,35,39,2.800,3.200,,4.340,10.690
2021101710,1202,7.000,39,43,3.200,3.600,3.200,4.020,7.310
2021101710,1247,7.000,45,49,3.800,4.200,,3.680,6.840
2021101710,1283,7.000,31,36,2.400,2.900,2.200,5.160,7.970
2021101710,1312,7.000,43,46,3.600,3.900,,5.490,9.580
2021101710,1379,6.000,25,29,1.900,2.300,,2.570,3.990
2021101710,1479,7.000,33,38,2.600,3.100,,3.250,6.200
2021101710,1501,6.000,34,38,2.800,3.200,,2.550,3.990
2021101710,1604,6.000,27,32,2.100,2.600,,1.170,1.300
2021101710,1645,6.000,29,33,2.300,2.700,2.200,3.300,4.120
2021101710,1717,7.000,31,36,2.400,2.900,,3.270,6.360
2021101710,1746,6.000,30,34,2.400,2.800,,3.320,6.420
2021101710,2113,6.000,37,42,3.100,3.600,3.100,3.090,6.360
2021101710,2137,6.000,31,36,2.500,3.000,1.900,2.860,4.460
2021101710,2211,6.000,38,42,3.200,3.600,,2.300,3.970
2021101710,2235,6.000,36,41,3.000,3.500,3.000,3.490,6.900
2021101710,2331,6.000,32,37,2.600,3.100,2.400,4.530,7.430
2021101710,2400,7.000,69,73,6.200,6.600,,7.030,27.080
2021101710,2449,6.000,41,45,3.500,3.900,2.800,3.370,7.720
2021101710,2499,6.000,69,74,6.300,6.800,,6.730,21.070
2021101710,2540,7.000,36,40,2.900,3.300,,5.200,13.520
2021101710,2630,6.000,45,49,3.900,4.300,3.600,5.120,12.340
2021101710,2782,7.000,26,30,1.900,2.300,,4.170,4.170
2021101710,2806,7.000,26,30,1.900,2.300,,2.600,3.740
2021101710,2890,7.000,39,43,3.200,3.600,,3.150,5.460
2021101710,2919,7.000,42,46,3.500,3.900,,2.880,4.840
2021101710,3006,6.000,56,60,5.000,5.400,5.000,3.510,9.880
2021101710,3052,6.000,33,37,2.700,3.100,,2.550,5.620
2021101710,3074,6.000,35,39,2.900,3.300,2.400,2.950,4.450
2021101710,3167,7.000,25,29,1.800,2.200,,3.690,4.300
2021101710,3276,6.000,33,37,2.700,3.100,2.200,2.940,5.140
2021101710,3319,6.000,42,47,3.600,4.100,,3.690,9.210
2021101710,3549,7.000,45,48,3.800,4.100,,5.270,10.950
2021101710,3673,7.000,34,37,2.700,3.000,,3.140,4.550
2021101710,3695,7.000,47,52,4.000,4.500,,7.920,18.540
2021101710,3807,7.000,22,26,1.500,1.900,,1.790,2.620
2021101710,3874,7.000,36,40,2.900,3.300,,3.860,5.560
2021101710,3899,7.000,41,45,3.400,3.800,,4.760,10.340
2021101710,3935,6.000,27,31,2.100,2.500,,2.400,3.780
2021101710,3957,7.000,47,51,4.000,4.400,,3.480,8.690
2021101710,3998,6.000,36,40,3.000,3.400,2.900,3.300,5.230
2021101710,4022,7.000,34,38,2.700,3.100,2.500,3.280,4.850
2021101710,4046,6.000,35,40,2.900,3.400,,3.410,5.820
2021101710,4070,6.000,26,30,2.000,2.400,,1.710,2.690
2021101710,4092,6.000,40,43,3.400,3.700,3.400,3.010,5.970
2021101710,4136,7.000,42,46,3.500,3.900,,3.720,8.140
2021101710,4271,7.000,27,31,2.000,2.400,,2.450,2.980
2021101710,4293,6.000,35,39,2.900,3.300,2.600,3.610,6.330
2021101710,4363,6.000,26,30,2.000,2.400,,2.970,3.780
2021101710,4429,7.000,52,56,4.500,4.900,2.600,6.320,15.170
2021101710,4470,6.000,32,36,2.600,3.000,,5.020,11.260
2021101710,4494,8.000,29,33,2.100,2.500,,2.800,3.990
2021101710,4563,6.000,40,44,3.400,3.800,,5.450,15.750
2021101711,126,6.000,32,37,2.600,3.100,,2.600,4.630
2021101711,231,6.000,36,40,3.000,3.400,2.700,3.990,7.110
2021101711,280,7.000,25,29,1.800,2.200,,1.970,2.210
2021101711,328,6.000,39,44,3.300,3.800,,2.830,4.530
2021101711,378,6.000,43,48,3.700,4.200,2.200,3.160,8.700
2021101711,471,6.000,33,38,2.700,3.200,2.400,2.720,3.550
2021101711,493,6.000,38,42,3.200,3.600,,3.750,4.300
2021101711,517,6.000,71,75,6.500,6.900,4.500,3.860,16.190
2021101711,594,6.000,34,38,2.800,3.200,2.800,3.650,5.860
2021101711,660,6.000,44,49,3.800,4.300,,4.530,8.640
2021101711,747,6.000,33,38,2.700,3.200,,3.080,5.780
2021101711,792,6.000,28,33,2.200,2.700,,2.500,3.300
2021101711,816,6.000,28,32,2.200,2.600,,2.020,2.240
2021101711,921,6.000,26,31,2.000,2.500,,2.640,2.820
2021101711,945,6.000,30,34,2.400,2.800,,2.220,3.030
2021101711,1032,6.000,36,41,3.000,3.500,2.500,2.140,3.400
2021101711,1103,7.000,24,29,1.700,2.200,,1.590,2.010
2021101711,1127,6.000,27,32,2.100,2.600,,1.990,2.420
2021101711,1166,6.000,24,28,1.800,2.200,,1.960,2.430
2021101711,1229,6.000,32,37,2.600,3.100,,4.550,6.650
2021101711,1275,6.000,50,55,4.400,4.900,3.200,4.860,12.600
2021101711,1294,6.000,29,33,2.300,2.700,,1.940,2.090
2021101711,1320,6.000,29,34,2.300,2.800,,3.840,7.320
2021101711,1428,6.000,45,50,3.900,4.400,,4.900,7.930
2021101711,1473,6.000,28,33,2.200,2.700,,2.500,3.290
2021101711,1529,6.000,31,36,2.500,3.000,,4.260,9.940
2021101711,1574,7.000,34,39,2.700,3.200,2.600,2.450,3.310
2021101711,1693,7.000,17,22,1.000,1.500,,0.480,0.310
2021101711,1846,6.000,26,30,2.000,2.400,,2.140,2.570
2021101711,1868,6.000,70,74,6.400,6.800,4.400,7.360,25.160
2021101711,1894,6.000,42,47,3.600,4.100,2.700,3.570,6.930
2021101711,1949,6.000,28,33,2.200,2.700,,2.000,2.780
2021101711,1978,6.000,32,37,2.600,3.100,,2.370,4.870
2021101711,2000,7.000,36,41,2.900,3.400,2.900,2.860,4.830
2021101711,2436,6.000,29,33,2.300,2.700,,2.910,5.950
2021101711,2464,7.000,42,47,3.500,4.000,3.300,1.980,4.130
2021101711,2555,6.000,25,30,1.900,2.400,,1.970,2.430
2021101711,2579,6.000,29,33,2.300,2.700,,2.420,3.050
2021101711,2739,7.000,40,45,3.300,3.800,,4.980,9.910
2021101711,2879,6.000,32,37,2.600,3.100,,2.610,3.910
2021101711,2903,6.000,30,35,2.400,2.900,2.300,2.570,4.000
2021101711,2985,6.000,30,34,2.400,2.800,,3.980,4.500
2021101711,3096,7.000,61,66,5.400,5.900,3.600,5.600,18.110
2021101711,3424,7.000,29,33,2.200,2.600,,2.130,2.870
2021101711,3472,6.000,48,53,4.200,4.700,2.800,2.970,8.200
2021101711,3494,7.000,33,37,2.600,3.000,,2.710,3.940
2021101711,3653,6.000,24,29,1.800,2.300,,1.620,1.920
2021101711,3781,7.000,41,46,3.400,3.900,,1.900,3.600
2021101711,3814,6.000,36,40,3.000,3.400,,2.760,4.920
2021101711,3836,7.000,46,50,3.900,4.300,3.700,3.050,6.770
2021101711,3917,6.000,33,37,2.700,3.100,2.700,2.830,3.170
2021101711,3967,6.000,31,35,2.500,2.900,,3.320,3.710
2021101711,4008,6.000,35,39,2.900,3.300,,3.150,4.500
2021101711,4032,6.000,30,34,2.400,2.800,,2.410,3.450
2021101711,4056,7.000,30,34,2.300,2.700,,3.270,3.380
2021101711,4131,6.000,27,31,2.100,2.500,,2.320,2.230
2021101711,4327,6.000,36,41,3.000,3.500,,2.790,4.830
2021101711,4372,6.000,30,34,2.400,2.800,,2.520,3.100
2021101711,4396,6.000,39,44,3.300,3.800,2.600,4.070,10.200
2021101711,4461,7.000,22,27,1.500,2.000,,1.540,1.940
2021101711,4485,6.000,41,45,3.500,3.900,3.000,3.640,6.920
2021101711,4533,7.000,52,57,4.500,5.000,3.700,5.890,17.070
2021101800,73,6.000,44,49,3.800,4.300,,6.850,21.260
2021101800,161,6.000,37,41,3.100,3.500,2.800,5.160,8.270
2021101800,183,7.000,35,40,2.800,3.300,,2.780,4.320
2021101800,275,6.000,30,35,2.400,2.900,,1.610,2.330
2021101800,304,6.000,48,53,4.200,4.700,,4.780,6.810
2021101800,351,6.000,64,69,5.800,6.300,,8.700,33.130
2021101800,462,6.000,34,38,2.800,3.200,,6.650,14.940
2021101800,511,6.000,97,102,9.100,9.600,,7.810,35.400
2021101800,628,6.000,69,74,6.300,6.800,4.500,7.580,25.560
2021101800,691,6.000,26,31,2.000,2.500,,1.800,2.350
2021101800,742,6.000,52,57,4.600,5.100,2.700,2.500,7.390
2021101800,807,6.000,40,45,3.400,3.900,,3.650,5.730
2021101800,873,6.000,26,30,2.000,2.400,,1.760,1.880
2021101800,897,6.000,34,39,2.800,3.300,2.800,2.880,4.730
2021101800,923,130.000,178,182,4.800,5.200,,6.270,22.040
2021101800,987,6.000,38,43,3.200,3.700,3.200,1.380,2.720
2021101800,1011,6.000,32,36,2.600,3.000,,1.930,2.580
2021101800,1054,6.000,28,33,2.200,2.700,,2.160,3.540
2021101800,1194,6.000,35,39,2.900,3.300,,2.290,3.780
2021101800,1338,6.000,48,53,4.200,4.700,1.900,3.080,7.410
2021101800,1368,6.000,26,30,2.000,2.400,,2.100,3.110
2021101800,1397,7.000,32,36,2.500,2.900,,1.210,2.750
2021101800,1421,6.000,43,47,3.700,4.100,,2.250,3.030
2021101800,1449,6.000,26,26,2.000,2.000,2.000,3.910,3.610
2021101800,1557,6.000,48,53,4.200,4.700,4.100,6.250,20.490
2021101800,1590,7.000,57,61,5.000,5.400,3.400,8.190,28.200
2021101800,1692,6.000,40,45,3.400,3.900,,3.110,4.620
2021101800,1757,6.000,39,44,3.300,3.800,3.200,3.110,5.530
2021101800,1902,6.000,42,47,3.600,4.100,3.400,5.490,14.750
2021101800,1948,6.000,41,46,3.500,4.000,3.500,2.460,6.140
2021101800,2010,6.000,35,39,2.900,3.300,,2.910,4.120
2021101800,2034,6.000,39,44,3.300,3.800,2.500,4.340,5.220
2021101800,2072,6.000,45,49,3.900,4.300,3.900,1.610,4.130
2021101800,2117,7.000,52,56,4.500,4.900,3.000,7.530,20.550
2021101800,2269,6.000,26,31,2.000,2.500,,1.340,1.960
2021101800,2293,6.000,26,31,2.000,2.500,,1.980,2.450
2021101800,2322,7.000,34,38,2.700,3.100,,2.630,4.430
2021101800,2346,4.000,47,52,4.300,4.800,,2.700,5.200
2021101800,2412,6.000,35,40,2.900,3.400,,4.640,8.760
2021101800,2486,6.000,35,39,2.900,3.300,0.200,4.240,5.720
2021101800,2531,6.000,30,34,2.400,2.800,,4.670,8.610
2021101800,2620,6.000,40,44,3.400,3.800,2.900,5.830,13.640
2021101800,2663,6.000,34,38,2.800,3.200,,2.520,3.790
2021101800,2687,7.000,29,33,2.200,2.600,,2.020,2.530
2021101800,2732,6.000,31,36,2.500,3.000,2.300,3.830,4.640
2021101800,2761,6.000,29,34,2.300,2.800,,1.280,2.230
2021101800,2901,6.000,30,34,2.400,2.800,,1.590,1.790
2021101800,2925,6.000,36,41,3.000,3.500,,2.450,4.060
2021101800,2954,1.000,29,34,2.800,3.300,,2.690,5.100
2021101800,2976,6.000,34,38,2.800,3.200,2.800,2.510,3.670
2021101800,3000,6.000,47,51,4.100,4.500,,3.390,8.460
2021101800,3082,6.000,33,37,2.700,3.100,,6.150,13.630
2021101800,3207,6.000,32,37,2.600,3.100,,2.820,4.240
2021101800,3252,6.000,31,36,2.500,3.000,,4.360,5.200
2021101800,3337,6.000,24,28,1.800,2.200,,1.540,1.720
2021101800,3361,6.000,33,38,2.700,3.200,2.600,2.780,3.170
2021101800,3419,6.000,32,37,2.600,3.100,,1.170,1.970
2021101800,3470,6.000,27,31,2.100,2.500,,2.360,2.950
2021101800,3524,6.000,53,58,4.700,5.200,,3.030,8.270
2021101800,3550,6.000,40,45,3.400,3.900,,2.590,5.610
2021101800,3612,6.000,37,42,3.100,3.600,,5.600,9.720
2021101800,3636,6.000,37,42,3.100,3.600,,4.490,8.230
2021101800,3681,6.000,37,42,3.100,3.600,,2.190,4.570
2021101800,3705,7.000,36,41,2.900,3.400,,3.260,4.310
2021101800,3825,6.000,37,41,3.100,3.500,3.100,1.350,2.230
2021101800,3849,6.000,34,39,2.800,3.300,,2.470,4.770
2021101800,3890,6.000,24,28,1.800,2.200,,1.030,1.180
2021101800,3914,7.000,55,59,4.800,5.200,3.400,7.590,17.420
2021101800,3976,7.000,40,45,3.300,3.800,3.000,1.830,4.870
2021101800,3998,7.000,37,42,3.000,3.500,,4.770,5.640
2021101800,3505,,53,58,,,,3.280,10.190
2021102100,56,6.000,34,39,2.800,3.300,,4.900,11.100
2021102100,267,7.000,31,35,2.400,2.800,,2.170,3.220
2021102100,401,6.000,24,29,1.800,2.300,,1.830,2.870
2021102100,435,7.000,24,29,1.700,2.200,,1.610,1.670
2021102100,486,6.000,46,50,4.000,4.400,,5.090,11.460
2021102100,535,7.000,49,54,4.200,4.700,,5.250,18.520
2021102100,631,6.000,24,28,1.800,2.200,,1.980,2.460
2021102100,655,6.000,52,57,4.600,5.100,2.800,4.270,11.890
2021102100,802,7.000,29,33,2.200,2.600,,1.780,2.780
2021102100,890,6.000,40,45,3.400,3.900,2.800,3.190,7.740
2021102100,1048,6.000,23,28,1.700,2.200,,1.470,2.110
2021102100,1070,7.000,42,46,3.500,3.900,3.500,3.740,7.990
2021102100,1205,7.000,36,41,2.900,3.400,,3.000,6.250
2021102100,1292,7.000,36,40,2.900,3.300,,2.920,5.230
2021102100,1337,7.000,37,42,3.000,3.500,,4.060,8.020
2021102100,1383,7.000,34,39,2.700,3.200,2.500,5.000,7.480
2021102100,1439,6.000,30,35,2.400,2.900,,1.630,2.390
2021102100,1514,7.000,53,58,4.600,5.100,2.000,3.590,8.790
2021102100,1587,7.000,28,33,2.100,2.600,,2.880,4.150
2021102100,1673,6.000,63,67,5.700,6.100,2.700,6.490,20.060
2021102100,1695,7.000,66,70,5.900,6.300,2.600,4.440,18.180
2021102100,1753,6.000,44,48,3.800,4.200,3.200,3.740,8.470
2021102100,1794,6.000,31,36,2.500,3.000,,2.810,3.650
2021102100,1820,6.000,62,66,5.600,6.000,3.800,3.790,11.520
2021102100,1871,6.000,41,46,3.500,4.000,,2.480,4.850
2021102100,1966,6.000,29,34,2.300,2.800,,5.000,10.760
2021102100,2011,6.000,28,32,2.200,2.600,,1.750,2.380
2021102100,2035,6.000,41,45,3.500,3.900,,6.140,17.760
2021102100,2106,6.000,46,50,4.000,4.400,4.000,7.160,17.670
2021102100,2130,7.000,27,31,2.000,2.400,,1.630,2.080
2021102100,2175,7.000,24,29,1.700,2.200,,1.650,2.650
2021102100,2199,7.000,35,39,2.800,3.200,2.300,2.700,3.650
2021102100,2248,8.000,30,35,2.200,2.700,2.100,2.050,3.210
2021102100,2357,6.000,25,29,1.900,2.300,,3.430,4.930
2021102100,2381,7.000,38,42,3.100,3.500,,5.030,9.590
2021102100,2405,6.000,41,46,3.500,4.000,,5.070,10.150
2021102100,2450,7.000,39,43,3.200,3.600,2.800,4.660,9.850
2021102100,2484,7.000,47,52,4.000,4.500,,5.030,16.130
2021102100,2590,6.000,34,38,2.800,3.200,2.400,2.380,4.440
2021102100,2612,6.000,52,54,4.600,4.800,3.500,6.070,14.310
2021102100,2655,6.000,27,32,2.100,2.600,,4.440,8.640
2021102100,2733,7.000,27,32,2.000,2.500,,1.230,1.980
2021102100,2755,7.000,24,28,1.700,2.100,,1.560,1.960
2021102100,2798,6.000,40,45,3.400,3.900,1.900,3.480,6.820
2021102100,2990,7.000,34,39,2.700,3.200,,2.780,4.930
2021102100,3103,6.000,48,53,4.200,4.700,4.200,4.500,9.890
2021102100,3125,6.000,25,30,1.900,2.400,,1.930,2.740
2021102100,3182,7.000,33,38,2.600,3.100,,1.500,3.180
2021102100,3233,7.000,49,54,4.200,4.700,,4.840,13.170
2021102100,3255,7.000,29,33,2.200,2.600,,1.100,1.510
2021102100,3304,7.000,41,45,3.400,3.800,,6.910,19.100
2021102100,3329,6.000,33,38,2.700,3.200,,5.170,10.350
2021102100,3370,8.000,26,31,1.800,2.300,,1.330,2.220
2021102100,3394,6.000,36,41,3.000,3.500,,2.770,4.620
2021102100,3416,7.000,31,36,2.400,2.900,,2.400,3.270
2021102100,3438,6.000,31,36,2.500,3.000,,3.010,4.770
2021102100,3539,6.000,30,35,2.400,2.900,,2.070,2.860
2021102100,3561,7.000,73,78,6.600,7.100,2.000,8.060,26.690
2021102100,3673,7.000,40,44,3.300,3.700,,4.230,12.030
2021102100,3756,7.000,31,36,2.400,2.900,,3.830,6.130
2021102400,56,6.000,58,63,5.200,5.700,0.400,7.850,27.420
2021102400,78,6.000,28,33,2.200,2.700,1.900,2.610,4.100
2021102400,123,6.000,29,34,2.300,2.800,,2.130,2.910
2021102400,145,6.000,48,53,4.200,4.700,3.000,4.490,10.620
2021102400,169,6.000,29,34,2.300,2.800,,2.220,3.570
2021102400,200,6.000,29,34,2.300,2.800,,2.780,3.620
2021102400,239,6.000,36,41,3.000,3.500,2.700,3.380,6.280
2021102400,299,6.000,27,32,2.100,2.600,,0.840,1.490
2021102400,321,6.000,42,47,3.600,4.100,2.600,5.520,8.800
2021102400,342,6.000,41,45,3.500,3.900,3.200,3.560,6.960
2021102400,385,6.000,59,64,5.300,5.800,4.400,3.890,13.000
2021102400,471,6.000,35,40,2.900,3.400,2.700,2.230,3.950
2021102400,493,6.000,32,37,2.600,3.100,,2.720,4.450
2021102400,540,6.000,64,68,5.800,6.200,2.700,7.480,20.680
2021102400,564,6.000,47,52,4.100,4.600,3.000,3.370,9.320
2021102400,641,7.000,38,41,3.100,3.400,2.700,2.430,3.990
2021102400,663,8.000,44,47,3.600,3.900,3.500,2.760,6.140
2021102400,731,7.000,32,36,2.500,2.900,,2.180,3.150
2021102400,755,9.000,38,41,2.900,3.200,1.400,4.330,9.770
2021102400,802,8.000,66,69,5.800,6.100,,7.120,20.850
2021102400,851,8.000,37,40,2.900,3.200,,2.730,4.340
2021102400,875,8.000,40,43,3.200,3.500,2.800,2.220,2.930
2021102400,924,8.000,32,35,2.400,2.700,2.300,3.020,3.370
2021102400,973,7.000,35,38,2.800,3.100,2.400,7.380,13.730
2021102400,1167,7.000,41,45,3.400,3.800,,3.140,5.710
2021102400,1191,7.000,52,57,4.500,5.000,3.000,3.950,11.230
2021102400,1213,6.000,67,72,6.100,6.600,4.100,3.280,10.270
2021102400,1267,7.000,41,46,3.400,3.900,2.300,6.940,11.110
2021102400,1305,6.000,24,29,1.800,2.300,,2.930,4.240
2021102400,1340,6.000,47,52,4.100,4.600,3.400,5.570,14.310
2021102400,1420,6.000,40,44,3.400,3.800,,5.740,9.450
2021102400,1442,7.000,64,69,5.700,6.200,2.900,7.460,21.530
2021102400,1463,6.000,50,55,4.400,4.900,2.700,6.310,14.940
2021102400,1484,7.000,49,53,4.200,4.600,4.200,4.950,10.960
2021102400,1684,6.000,30,35,2.400,2.900,,2.400,3.270
2021102400,1708,6.000,30,34,2.400,2.800,2.200,3.110,4.620
2021102400,1732,8.000,29,34,2.100,2.600,2.000,2.270,2.830
2021102400,1756,6.000,27,31,2.100,2.500,,2.500,3.030
2021102400,1780,6.000,31,36,2.500,3.000,,2.800,3.900
2021102400,1825,6.000,32,36,2.600,3.000,2.600,2.900,4.100
2021102400,1849,6.000,27,31,2.100,2.500,,2.470,2.960
2021102400,1918,7.000,26,30,1.900,2.300,,2.160,2.580
2021102400,2055,7.000,45,50,3.800,4.300,,4.520,10.230
2021102400,2079,6.000,42,46,3.600,4.000,,3.700,6.990
2021102400,2134,6.000,29,34,2.300,2.800,,4.030,4.650
2021102400,2179,7.000,28,33,2.100,2.600,,1.850,2.160
2021102400,2210,6.000,27,32,2.100,2.600,,1.900,2.340
2021102400,2273,6.000,34,39,2.800,3.300,,3.560,5.650
2021102400,2297,7.000,43,47,3.600,4.000,,3.360,6.250
2021102400,2388,6.000,24,29,1.800,2.300,,2.330,2.730
2021102400,2422,6.000,50,55,4.400,4.900,2.500,5.200,13.400
2021102400,2477,7.000,29,33,2.200,2.600,,1.670,2.750
2021102400,2522,7.000,27,32,2.000,2.500,,2.480,3.440
2021102400,2599,6.000,37,41,3.100,3.500,,2.410,5.400
2021102400,2621,7.000,69,74,6.200,6.700,2.900,3.910,14.770
2021102400,2641,6.000,19,24,1.300,1.800,,1.200,1.790
2021102400,2690,6.000,38,43,3.200,3.700,2.900,1.710,3.090
2021102400,2714,6.000,29,33,2.300,2.700,,2.150,2.840
2021102400,2760,7.000,39,43,3.200,3.600,2.200,2.980,5.810
2021102400,2810,7.000,31,35,2.400,2.800,,2.320,2.920
2021102400,2832,6.000,35,39,2.900,3.300,,3.310,5.740
2021102400,2872,7.000,35,39,2.800,3.200,2.800,3.130,4.700
2021102400,2901,6.000,47,52,4.100,4.600,3.100,3.820,8.060
2021102400,2979,6.000,35,40,2.900,3.400,,2.680,5.710
2021102400,3001,6.000,28,33,2.200,2.700,,5.490,9.860
2021102400,3028,6.000,53,58,4.700,5.200,4.500,6.840,13.220
2021102400,3070,6.000,44,48,3.800,4.200,,5.280,10.990
2021102400,3115,7.000,48,53,4.100,4.600,3.300,6.590,14.090
2021102400,3152,6.000,47,52,4.100,4.600,3.900,3.010,4.410
2021102400,3176,8.000,37,41,2.900,3.300,2.700,2.870,3.770
2021102400,3198,6.000,27,31,2.100,2.500,,3.110,4.860
2021102400,3220,7.000,30,35,2.300,2.800,2.200,4.040,8.520
2021102400,3368,6.000,41,45,3.500,3.900,2.900,3.090,7.100
2021102400,3392,7.000,81,86,7.400,7.900,2.900,7.930,31.240
2021102400,3414,8.000,33,37,2.500,2.900,,1.860,2.690
2021102400,3442,6.000,75,80,6.900,7.400,4.800,7.300,31.100
2021102400,3526,6.000,63,67,5.700,6.100,3.500,6.180,22.510
2021102400,3649,6.000,28,32,2.200,2.600,,2.090,3.230
2021102400,3683,6.000,35,39,2.900,3.300,2.500,3.320,5.710
2021102400,3705,6.000,73,77,6.700,7.100,3.400,7.280,28.640
2021102400,3843,6.000,23,28,1.700,2.200,,1.270,1.700
2021102400,3873,6.000,30,34,2.400,2.800,2.300,2.430,3.560
2021102400,3897,7.000,35,39,2.800,3.200,,2.500,4.400
2021102400,3925,6.000,54,58,4.800,5.200,,6.800,18.550
2021102400,3949,6.000,45,49,3.900,4.300,3.700,3.350,7.500
2021102400,3971,7.000,77,81,7.000,7.400,3.600,7.360,30.740
2021102400,3993,7.000,45,48,3.800,4.100,3.700,2.450,3.330
2021102400,4015,7.000,42,45,3.500,3.800,3.200,2.970,6.870
2021102401,55,6.000,28,32,2.200,2.600,,3.150,4.340
2021102401,124,6.000,34,39,2.800,3.300,,3.000,6.240
2021102401,148,6.000,27,31,2.100,2.500,,2.570,3.750
2021102401,170,6.000,23,28,1.700,2.200,0.000,3.440,5.740
2021102401,215,6.000,48,53,4.200,4.700,2.800,5.020,12.860
2021102401,234,6.000,52,57,4.600,5.100,3.000,6.840,14.760
2021102401,300,6.000,39,43,3.300,3.700,,2.990,6.980
2021102401,324,6.000,55,59,4.900,5.300,,7.830,24.450
2021102401,425,6.000,28,33,2.200,2.700,,1.780,2.240
2021102401,538,6.000,47,52,4.100,4.600,3.500,3.270,6.890
2021102401,562,6.000,45,50,3.900,4.400,2.600,3.170,6.300
2021102401,661,6.000,48,53,4.200,4.700,2.500,4.480,14.010
2021102401,766,6.000,39,44,3.300,3.800,,3.680,5.850
2021102401,827,7.000,41,44,3.400,3.700,,2.450,5.040
2021102401,893,7.000,50,55,4.300,4.800,,7.300,24.070
2021102401,914,6.000,36,40,3.000,3.400,,3.100,4.570
2021102401,959,7.000,44,48,3.700,4.100,,5.120,16.630
2021102401,983,6.000,33,36,2.700,3.000,2.500,2.730,3.610
2021102401,1007,6.000,37,41,3.100,3.500,,3.160,6.100
2021102401,1055,6.000,30,34,2.400,2.800,,3.260,5.640
2021102401,1100,7.000,45,50,3.800,4.300,2.000,2.570,7.540
2021102401,1119,7.000,72,77,6.500,7.000,3.500,7.540,22.010
2021102401,1140,7.000,66,69,5.900,6.200,4.900,5.340,13.870
2021102401,1202,7.000,39,44,3.200,3.700,2.500,6.020,12.040
2021102401,1268,49.000,80,84,3.100,3.500,,2.670,4.530
2021102401,1290,7.000,38,42,3.100,3.500,3.000,3.520,5.390
2021102401,1312,7.000,31,35,2.400,2.800,,2.100,3.480
2021102401,1383,6.000,24,28,1.800,2.200,,2.130,3.210
2021102401,1407,7.000,52,56,4.500,4.900,,3.420,9.100
2021102401,1513,7.000,38,42,3.100,3.500,,3.350,6.980
2021102401,1537,6.000,23,28,1.700,2.200,,1.580,2.680
2021102401,1578,7.000,23,27,1.600,2.000,,1.720,1.950
2021102401,1762,8.000,51,56,4.300,4.800,3.100,3.800,9.250
2021102401,1836,7.000,32,36,2.500,2.900,,3.010,4.760
2021102401,1899,6.000,54,57,4.800,5.100,,7.760,29.530
2021102401,1955,6.000,27,31,2.100,2.500,,2.190,2.690
2021102401,1984,7.000,55,59,4.800,5.200,4.700,7.580,19.820
2021102401,2029,7.000,43,47,3.600,4.000,,3.150,5.660
2021102401,2074,7.000,29,33,2.200,2.600,,2.330,2.460
2021102401,2098,7.000,72,77,6.500,7.000,,8.930,26.560
2021102401,2145,7.000,34,39,2.700,3.200,,5.250,6.260
2021102401,2381,7.000,49,53,4.200,4.600,3.700,4.800,13.830
2021102401,2403,8.000,42,46,3.400,3.800,,2.840,5.840
2021102401,2635,6.000,61,65,5.500,5.900,,8.620,27.500
2021102401,2657,7.000,28,32,2.100,2.500,,2.390,3.060
2021102401,2744,7.000,26,30,1.900,2.300,,2.310,3.210
2021102401,2837,7.000,31,34,2.400,2.700,,2.680,3.980
2021102401,2861,7.000,31,35,2.400,2.800,,2.650,3.600
2021102401,2915,6.000,44,48,3.800,4.200,,3.450,7.210
2021102401,2954,7.000,26,30,1.900,2.300,,2.570,3.990
2021102401,2989,7.000,81,85,7.400,7.800,7.200,7.330,31.730
2021102401,3052,7.000,41,45,3.400,3.800,2.800,3.020,4.790
2021102401,3074,7.000,36,40,2.900,3.300,2.600,3.300,5.490
2021102401,3098,6.000,31,35,2.500,2.900,,2.430,3.030
2021102401,3122,7.000,34,38,2.700,3.100,,3.160,4.400
2021102401,3178,6.000,32,36,2.600,3.000,2.600,2.820,5.050
2021102401,3221,7.000,36,39,2.900,3.200,2.700,3.340,5.070
2021102401,3245,7.000,37,40,3.000,3.300,2.700,2.390,3.540
2021102401,3298,7.000,38,42,3.100,3.500,,3.350,5.550
2021102401,3320,7.000,53,57,4.600,5.000,3.000,3.420,8.160
2021102401,3344,7.000,36,40,2.900,3.300,,3.100,4.660
2021102401,3371,7.000,38,42,3.100,3.500,0.100,5.480,14.720
2021102401,3432,7.000,28,32,2.100,2.500,,1.990,2.470
2021102401,3456,6.000,33,37,2.700,3.100,,3.230,4.310
2021102401,3485,7.000,44,49,3.700,4.200,2.000,2.570,6.260
2021102401,3504,7.000,29,32,2.200,2.500,,2.450,3.380
2021102401,3528,7.000,60,65,5.300,5.800,3.100,3.620,13.140
2021102401,3743,7.000,39,43,3.200,3.600,,3.500,6.330
2021102401,3788,7.000,35,39,2.800,3.200,2.700,3.480,5.890
2021102401,3810,6.000,39,43,3.300,3.700,,3.280,6.800
2021102401,3839,6.000,35,39,2.900,3.300,,3.380,4.980
2021102401,3861,7.000,35,39,2.800,3.200,,3.560,5.620
2021102401,3885,7.000,56,61,4.900,5.400,2.500,3.440,9.200
2021102401,3904,7.000,65,70,5.800,6.300,2.800,7.900,24.520
2021102401,3951,7.000,36,40,2.900,3.300,,3.600,5.730
2021102402,100,6.000,36,41,3.000,3.500,,4.160,10.270
2021102402,181,6.000,30,35,2.400,2.900,,4.150,6.960
2021102402,263,6.000,24,29,1.800,2.300,,2.690,3.280
2021102402,287,6.000,47,52,4.100,4.600,3.500,5.350,14.360
2021102402,382,6.000,24,29,1.800,2.300,,2.400,3.140
2021102402,459,6.000,28,33,2.200,2.700,,2.210,3.870
2021102402,483,6.000,80,85,7.400,7.900,3.600,7.130,30.530
2021102402,535,6.000,40,45,3.400,3.900,,4.810,9.850
2021102402,557,6.000,36,41,3.000,3.500,,3.860,5.940
2021102402,581,6.000,32,37,2.600,3.100,2.600,3.810,6.400
2021102402,624,6.000,31,36,2.500,3.000,,0.780,1.060
2021102402,648,6.000,37,42,3.100,3.600,,5.480,15.340
2021102402,741,6.000,28,33,2.200,2.700,,2.360,2.810
2021102402,786,6.000,46,51,4.000,4.500,2.700,4.990,15.140
2021102402,852,6.000,20,25,1.400,1.900,,0.640,0.770
2021102402,910,6.000,27,32,2.100,2.600,,2.740,3.070
2021102402,934,6.000,36,41,3.000,3.500,0.700,5.100,9.770
2021102402,1000,6.000,40,45,3.400,3.900,,5.200,10.220
2021102402,1048,6.000,32,37,2.600,3.100,,2.230,2.860
2021102402,1145,6.000,26,31,2.000,2.500,,1.960,2.230
2021102402,1167,9.000,42,47,3.300,3.800,,3.720,6.730
2021102402,1191,6.000,28,33,2.200,2.700,,4.050,6.420
2021102402,1215,6.000,39,44,3.300,3.800,,4.780,10.370
2021102402,1260,7.000,31,36,2.400,2.900,,2.620,3.570
2021102402,1284,6.000,27,32,2.100,2.600,1.900,3.540,5.310
2021102402,1327,6.000,40,45,3.400,3.900,,6.800,18.580
2021102402,1511,6.000,26,31,2.000,2.500,,3.360,4.180
2021102402,1601,6.000,29,34,2.300,2.800,,3.150,4.180
2021102402,1646,6.000,31,36,2.500,3.000,,3.170,4.540
2021102402,1673,6.000,34,38,2.800,3.200,2.800,2.890,4.300
2021102402,1713,6.000,26,31,2.000,2.500,,2.200,2.350
2021102402,1754,6.000,34,39,2.800,3.300,,3.100,5.900
2021102402,1795,6.000,29,34,2.300,2.800,,1.690,3.250
2021102402,1824,6.000,37,42,3.100,3.600,2.500,2.900,6.310
2021102402,1949,6.000,32,36,2.600,3.000,,2.620,3.430
2021102402,2002,6.000,42,46,3.600,4.000,,4.110,7.150
2021102402,2121,6.000,40,45,3.400,3.900,2.200,3.540,5.990
2021102402,2140,6.000,27,31,2.100,2.500,,2.290,3.660
2021102402,2237,6.000,31,36,2.500,3.000,,3.710,7.230
2021102402,2259,6.000,32,37,2.600,3.100,2.400,2.840,4.880
2021102402,2308,6.000,35,40,2.900,3.400,,3.110,4.810
2021102402,2375,6.000,38,43,3.200,3.700,,3.540,5.670
2021102402,2425,6.000,27,32,2.100,2.600,,3.210,4.460
2021102402,2491,6.000,59,64,5.300,5.800,3.500,7.360,22.950
2021102402,2538,6.000,24,29,1.800,2.300,,2.760,3.190
2021102402,2594,6.000,52,57,4.600,5.100,4.500,7.560,25.850
2021102402,2616,6.000,67,71,6.100,6.500,,7.730,25.790
2021102402,2638,6.000,39,44,3.300,3.800,,3.390,6.860
2021102402,2683,6.000,35,40,2.900,3.400,,3.580,8.770
2021102402,2707,6.000,33,38,2.700,3.200,,3.400,5.150
2021102402,2733,6.000,31,36,2.500,3.000,,1.960,2.470
2021102402,2755,6.000,36,41,3.000,3.500,,3.800,7.140
2021102402,2811,6.000,50,55,4.400,4.900,3.800,4.790,12.190
2021102402,2888,6.000,45,50,3.900,4.400,3.200,4.920,11.070
2021102402,2986,6.000,33,38,2.700,3.200,,1.970,2.800
2021102402,3008,6.000,36,41,3.000,3.500,,2.720,5.100
2021102402,3034,6.000,35,40,2.900,3.400,2.300,2.640,5.330
2021102402,3081,6.000,32,37,2.600,3.100,2.600,3.080,4.810
2021102402,3191,1.000,30,35,2.900,3.400,,3.150,4.510
2021102402,3220,6.000,45,49,3.900,4.300,,2.930,6.670
2021102402,3244,118.000,144,149,2.600,3.100,,3.280,6.700
2021102402,3289,6.000,34,38,2.800,3.200,,3.620,4.690
2021102402,3344,6.000,24,29,1.800,2.300,,2.830,3.980
2021102402,3368,6.000,51,56,4.500,5.000,2.600,7.020,15.950
2021102402,3392,6.000,33,38,2.700,3.200,,3.550,4.590
2021102402,3490,6.000,27,32,2.100,2.600,,2.570,3.490
2021102402,3512,6.000,32,37,2.600,3.100,,3.000,5.690
2021102402,3578,6.000,33,38,2.700,3.200,2.700,3.300,5.350
2021102402,3689,6.000,32,37,2.600,3.100,,4.040,5.120
2021102402,3842,7.000,40,44,3.300,3.700,2.700,2.800,6.730
2021102402,3870,6.000,33,37,2.700,3.100,,3.560,5.410
2021102402,3922,6.000,40,44,3.400,3.800,,5.280,14.530
2021102402,3993,6.000,40,44,3.400,3.800,,4.660,8.510
2021102402,4035,6.000,29,33,2.300,2.700,2.300,3.300,4.440
2021102403,94,6.000,38,43,3.200,3.700,0.600,5.150,8.210
2021102403,286,6.000,42,47,3.600,4.100,2.700,3.100,7.050
2021102403,351,6.000,35,40,2.900,3.400,,4.490,7.500
2021102403,515,6.000,50,55,4.400,4.900,3.800,8.100,24.740
2021102403,537,6.000,40,45,3.400,3.900,2.500,6.320,12.010
2021102403,559,6.000,49,54,4.300,4.800,4.300,4.500,12.540
2021102403,681,6.000,26,31,2.000,2.500,,2.060,2.730
2021102403,755,6.000,30,35,2.400,2.900,,2.890,4.160
2021102403,797,6.000,31,36,2.500,3.000,2.400,4.710,6.140
2021102403,819,6.000,37,42,3.100,3.600,,5.210,8.030
2021102403,948,6.000,37,42,3.100,3.600,2.500,4.440,8.020
2021102403,970,6.000,31,36,2.500,3.000,,2.660,3.110
2021102403,994,7.000,38,43,3.100,3.600,,3.010,3.930
2021102403,1066,6.000,28,33,2.200,2.700,,1.880,2.120
2021102403,1090,6.000,77,81,7.100,7.500,3.400,7.940,29.200
2021102403,1112,6.000,58,63,5.200,5.700,,6.000,20.360
2021102403,1141,6.000,48,53,4.200,4.700,4.000,4.580,13.040
2021102403,1268,6.000,34,38,2.800,3.200,,5.550,11.880
2021102403,1347,6.000,25,30,1.900,2.400,,3.910,3.990
2021102403,1369,6.000,38,43,3.200,3.700,2.900,3.510,8.120
2021102403,1391,6.000,33,38,2.700,3.200,,3.210,4.280
2021102403,1436,6.000,43,48,3.700,4.200,,4.540,10.280
2021102403,1481,6.000,33,38,2.700,3.200,,3.250,4.630
2021102403,1524,6.000,52,57,4.600,5.100,,8.730,21.410
2021102403,1573,6.000,24,29,1.800,2.300,,3.510,4.030
2021102403,1712,6.000,44,48,3.800,4.200,,4.640,14.330
2021102403,1741,6.000,41,45,3.500,3.900,,4.890,9.120
2021102403,1791,6.000,24,29,1.800,2.300,,1.400,1.880
2021102403,1874,6.000,35,40,2.900,3.400,,4.260,8.490
2021102403,1898,6.000,25,29,1.900,2.300,,2.100,2.690
2021102403,1920,6.000,30,34,2.400,2.800,,2.920,3.300
2021102403,2074,6.000,31,35,2.500,2.900,,2.640,3.150
2021102403,2141,6.000,25,30,1.900,2.400,,2.800,3.360
2021102403,2170,6.000,32,36,2.600,3.000,,3.160,4.130
2021102403,2203,6.000,28,33,2.200,2.700,,2.470,2.970
2021102403,2271,6.000,32,37,2.600,3.100,,3.570,5.070
2021102403,2293,6.000,63,68,5.700,6.200,2.900,4.210,18.340
2021102403,2357,6.000,30,34,2.400,2.800,,1.600,2.550
2021102403,2405,6.000,35,40,2.900,3.400,,2.830,5.050
2021102403,2429,6.000,35,39,2.900,3.300,,3.930,8.710
2021102403,2453,6.000,36,41,3.000,3.500,,2.960,5.730
2021102403,2506,6.000,32,36,2.600,3.000,,3.120,4.780
2021102403,2598,6.000,35,39,2.900,3.300,,3.730,4.730
2021102403,2650,6.000,25,29,1.900,2.300,,2.040,2.950
2021102403,2679,6.000,41,45,3.500,3.900,,4.550,7.770
2021102403,2786,6.000,27,32,2.100,2.600,0.900,5.430,8.580
2021102403,2839,6.000,33,38,2.700,3.200,,2.760,4.610
2021102403,2863,6.000,29,32,2.300,2.600,,2.200,3.140
2021102403,2885,6.000,31,34,2.500,2.800,,3.390,6.410
2021102403,2909,6.000,34,39,2.800,3.300,,2.330,4.300
2021102403,2959,6.000,31,36,2.500,3.000,,4.280,5.380
2021102403,3041,6.000,46,51,4.000,4.500,3.200,5.910,11.110
2021102403,3062,6.000,50,54,4.400,4.800,2.900,5.840,14.720
2021102403,3125,6.000,31,36,2.500,3.000,,3.050,4.120
2021102403,3152,6.000,26,31,2.000,2.500,2.000,3.090,3.750
2021102403,3185,6.000,41,45,3.500,3.900,3.500,4.190,11.630
2021102403,3207,6.000,35,39,2.900,3.300,,4.190,6.790
2021102403,3308,6.000,25,29,1.900,2.300,,1.260,1.580
2021102403,3332,6.000,35,40,2.900,3.400,,3.410,4.570
2021102403,3418,6.000,27,32,2.100,2.600,,1.930,2.600
2021102403,3452,6.000,30,35,2.400,2.900,2.400,2.560,3.770
2021102403,3474,6.000,40,44,3.400,3.800,,3.780,8.990
2021102403,3496,6.000,44,48,3.800,4.200,3.800,3.280,7.600
2021102403,3525,6.000,26,31,2.000,2.500,,2.350,3.320
2021102403,3559,6.000,23,28,1.700,2.200,,1.930,2.670
2021102403,3588,6.000,29,34,2.300,2.800,,3.370,4.410
2021102403,3610,6.000,31,34,2.500,2.800,2.500,2.950,3.000
2021102403,3653,6.000,38,42,3.200,3.600,,7.210,18.460
2021102403,3682,7.000,33,37,2.600,3.000,,3.090,4.500
2021102403,3777,6.000,29,33,2.300,2.700,,2.950,2.590
2021102403,3822,6.000,37,42,3.100,3.600,3.100,3.120,6.220
2021102403,3846,6.000,26,30,2.000,2.400,,2.120,2.670
2021102403,3868,6.000,35,39,2.900,3.300,,2.930,4.540
2021102403,3922,7.000,27,31,2.000,2.400,,1.140,1.730
2021102403,3971,6.000,40,44,3.400,3.800,,3.140,5.430
2021102403,4039,7.000,30,34,2.300,2.700,2.000,4.160,5.530
2021102403,4198,6.000,33,37,2.700,3.100,2.400,2.370,2.810
2021102403,4222,6.000,38,41,3.200,3.500,3.100,3.160,4.830
2021102404,108,7.000,70,74,6.300,6.700,2.800,7.140,21.220
2021102404,242,7.000,37,41,3.000,3.400,2.600,2.400,3.210
2021102404,266,7.000,24,28,1.700,2.100,,2.750,3.670
2021102404,328,7.000,37,41,3.000,3.400,2.400,2.790,5.580
2021102404,417,7.000,29,32,2.200,2.500,,1.360,1.580
2021102404,573,7.000,25,29,1.800,2.200,,1.190,1.370
2021102404,597,6.000,37,41,3.100,3.500,2.700,2.300,4.780
2021102404,650,7.000,37,40,3.000,3.300,,5.840,14.610
2021102404,742,6.000,36,40,3.000,3.400,0.200,6.150,15.740
2021102404,782,7.000,31,35,2.400,2.800,,4.690,10.490
2021102404,858,6.000,45,49,3.900,4.300,3.600,7.830,22.980
2021102404,964,8.000,36,40,2.800,3.200,2.700,2.490,3.110
2021102404,986,7.000,31,36,2.400,2.900,2.200,3.220,4.030
2021102404,1065,7.000,25,28,1.800,2.100,,1.620,2.020
2021102404,1148,7.000,31,34,2.400,2.700,,1.220,2.040
2021102404,1170,8.000,29,33,2.100,2.500,,2.960,3.750
2021102404,1278,8.000,41,45,3.300,3.700,2.900,2.250,3.800
2021102404,1325,7.000,31,35,2.400,2.800,,4.990,5.740
2021102404,1370,8.000,45,48,3.700,4.000,,6.890,17.070
2021102404,1415,7.000,31,34,2.400,2.700,,5.250,8.270
2021102404,1439,7.000,40,45,3.300,3.800,2.200,8.160,15.360
2021102404,1471,8.000,37,42,2.900,3.400,2.500,3.270,7.730
2021102404,1515,7.000,47,51,4.000,4.400,,6.660,21.750
2021102404,1560,7.000,51,56,4.400,4.900,,7.540,26.980
2021102404,1584,8.000,35,40,2.700,3.200,,3.870,5.970
2021102404,1653,6.000,33,38,2.700,3.200,,4.550,6.690
2021102404,1698,6.000,73,78,6.700,7.200,6.500,8.290,30.070
2021102404,1731,6.000,40,45,3.400,3.900,,2.640,3.540
2021102404,1799,6.000,25,30,1.900,2.400,,1.490,1.660
2021102404,1823,6.000,30,35,2.400,2.900,2.400,1.950,3.000
2021102404,1856,7.000,30,34,2.300,2.700,,1.930,1.930
2021102404,1897,6.000,27,31,2.100,2.500,,5.000,9.350
2021102404,1921,6.000,31,36,2.500,3.000,2.300,4.210,6.400
2021102404,2035,6.000,74,79,6.800,7.300,2.700,8.380,29.760
2021102404,2071,7.000,31,35,2.400,2.800,,1.370,1.560
2021102404,2095,6.000,59,64,5.300,5.800,2.700,7.820,24.780
2021102404,2208,6.000,31,35,2.500,2.900,0.200,4.220,5.310
2021102404,2263,6.000,50,55,4.400,4.900,2.400,3.220,8.940
2021102404,2321,6.000,24,29,1.800,2.300,,2.610,3.220
2021102404,2345,6.000,43,47,3.700,4.100,3.600,4.290,9.090
2021102404,2470,6.000,25,30,1.900,2.400,,1.420,2.000
2021102404,2557,6.000,23,28,1.700,2.200,,2.910,3.650
2021102404,2602,7.000,32,37,2.500,3.000,,3.180,5.070
2021102404,2652,6.000,58,62,5.200,5.600,0.400,7.260,28.890
2021102404,2705,6.000,25,30,1.900,2.400,,1.670,2.040
2021102404,2729,6.000,49,54,4.300,4.800,2.400,6.730,16.450
2021102404,2888,6.000,26,30,2.000,2.400,,1.350,2.100
2021102404,2980,6.000,40,44,3.400,3.800,3.100,3.030,5.420
2021102404,3031,6.000,81,86,7.500,8.000,3.700,8.470,34.780
2021102404,3102,6.000,38,43,3.200,3.700,,6.020,15.840
2021102404,3147,6.000,44,49,3.800,4.300,,7.180,20.030
2021102404,3173,6.000,37,41,3.100,3.500,2.900,2.610,5.070
2021102404,3212,6.000,34,39,2.800,3.300,,6.970,15.530
2021102404,3309,6.000,51,55,4.500,4.900,2.700,7.230,17.970
2021102404,3344,7.000,32,37,2.500,3.000,,3.270,4.730
2021102404,3366,6.000,57,62,5.100,5.600,3.200,5.550,15.920
2021102404,3431,6.000,32,36,2.600,3.000,0.200,5.440,10.710
2021102404,3529,6.000,45,50,3.900,4.400,,7.740,23.390
2021102404,3572,6.000,31,36,2.500,3.000,,5.540,11.370
2021102404,3617,6.000,30,35,2.400,2.900,,6.460,11.690
2021102404,3694,7.000,34,39,2.700,3.200,,3.900,6.030
2021102404,3716,6.000,34,39,2.800,3.300,2.400,3.350,5.330
2021102404,3738,6.000,56,61,5.000,5.500,2.500,3.870,9.630
2021102404,3757,7.000,51,55,4.400,4.800,2.800,6.600,17.670
2021102404,3856,6.000,23,28,1.700,2.200,,1.990,2.290
2021102404,3880,6.000,39,44,3.300,3.800,,3.420,6.440
2021102404,3902,7.000,38,42,3.100,3.500,2.700,3.860,7.300
2021102404,3924,7.000,40,45,3.300,3.800,,3.610,5.730
2021102404,3946,6.000,45,50,3.900,4.400,,7.170,12.110
2021102404,3967,7.000,33,37,2.600,3.000,,3.190,4.760
2021102404,3996,7.000,39,43,3.200,3.600,,2.830,5.870
2021102404,4018,6.000,33,38,2.700,3.200,,2.330,4.180
2021102404,4040,6.000,31,36,2.500,3.000,2.400,3.330,5.750
2021102404,4074,7.000,47,52,4.000,4.500,2.600,5.510,13.170
2021102405,64,7.000,34,39,2.700,3.200,,4.680,6.110
2021102405,109,6.000,41,46,3.500,4.000,,6.070,16.430
2021102405,159,6.000,42,47,3.600,4.100,,4.500,7.640
2021102405,192,6.000,24,29,1.800,2.300,,4.640,7.410
2021102405,360,6.000,21,26,1.500,2.000,,1.440,2.220
2021102405,389,6.000,26,31,2.000,2.500,,4.270,5.850
2021102405,457,6.000,33,37,2.700,3.100,,2.520,3.510
2021102405,481,7.000,65,70,5.800,6.300,,7.180,30.880
2021102405,507,6.000,46,51,4.000,4.500,3.200,5.260,11.020
2021102405,597,6.000,34,39,2.800,3.300,,2.190,3.430
2021102405,661,7.000,39,44,3.200,3.700,,4.400,6.990
2021102405,826,7.000,26,31,1.900,2.400,1.900,2.580,3.510
2021102405,903,6.000,34,39,2.800,3.300,,1.840,2.490
2021102405,965,6.000,62,67,5.600,6.100,4.000,3.660,13.660
2021102405,1050,6.000,22,27,1.600,2.100,,1.510,1.430
2021102405,1074,6.000,39,44,3.300,3.800,2.600,5.400,7.490
2021102405,1182,6.000,28,33,2.200,2.700,2.200,2.200,2.390
2021102405,1234,6.000,27,32,2.100,2.600,,1.250,1.570
2021102405,1277,6.000,27,32,2.100,2.600,,1.910,2.300
2021102405,1333,6.000,69,73,6.300,6.700,,6.610,19.890
2021102405,1380,6.000,22,27,1.600,2.100,,3.540,3.480
2021102405,1404,6.000,40,45,3.400,3.900,3.100,3.020,6.720
2021102405,1479,6.000,23,28,1.700,2.200,,0.630,0.720
2021102405,1503,6.000,31,35,2.500,2.900,,2.110,2.610
2021102405,1548,6.000,37,42,3.100,3.600,,8.050,14.510
2021102405,1625,6.000,29,34,2.300,2.800,,2.740,4.530
2021102405,1665,6.000,34,38,2.800,3.200,,3.280,7.380
2021102405,1721,6.000,37,42,3.100,3.600,3.000,3.020,4.550
2021102405,1743,6.000,40,45,3.400,3.900,,6.850,11.200
2021102405,1801,6.000,35,40,2.900,3.400,,4.910,7.370
2021102405,1850,7.000,26,31,1.900,2.400,1.800,2.180,2.870
2021102405,1874,6.000,23,28,1.700,2.200,,3.480,4.970
2021102405,1940,6.000,32,37,2.600,3.100,1.800,3.260,5.910
2021102405,2070,6.000,25,29,1.900,2.300,,1.950,2.030
2021102405,2124,6.000,47,52,4.100,4.600,2.100,8.270,18.480
2021102405,2191,6.000,66,70,6.000,6.400,3.800,7.070,22.010
2021102405,2215,7.000,51,56,4.400,4.900,,5.020,13.380
2021102405,2271,6.000,46,51,4.000,4.500,3.500,6.650,16.170
2021102405,2293,7.000,37,42,3.000,3.500,,3.020,7.600
2021102405,2391,6.000,19,24,1.300,1.800,,1.020,0.810
2021102405,2507,7.000,30,35,2.300,2.800,,2.130,3.300
2021102405,2531,6.000,29,34,2.300,2.800,,4.020,5.470
2021102405,2580,6.000,34,39,2.800,3.300,,5.680,7.150
2021102405,2625,6.000,37,42,3.100,3.600,,4.960,7.360
2021102405,2647,6.000,35,40,2.900,3.400,2.800,4.930,10.910
2021102405,2697,6.000,36,40,3.000,3.400,,3.730,6.880
2021102405,2732,6.000,21,25,1.500,1.900,,1.350,2.010
2021102405,2754,6.000,32,36,2.600,3.000,,2.650,4.030
2021102405,2778,6.000,32,37,2.600,3.100,,2.600,3.950
2021102405,2881,6.000,61,66,5.500,6.000,,6.910,22.960
2021102405,2903,6.000,47,52,4.100,4.600,2.800,3.260,7.320
2021102405,3068,6.000,22,27,1.600,2.100,,1.080,1.430
2021102405,3090,6.000,24,29,1.800,2.300,,2.050,2.440
2021102405,3114,6.000,24,28,1.800,2.200,,2.190,2.620
2021102405,3138,2.000,24,29,2.200,2.700,,2.670,3.560
2021102405,3162,6.000,33,38,2.700,3.200,2.100,3.120,5.840
2021102405,3186,6.000,28,33,2.200,2.700,,1.520,2.580
2021102405,3210,6.000,42,47,3.600,4.100,,2.880,5.220
2021102405,3232,6.000,53,58,4.700,5.200,2.500,7.600,17.980
2021102405,3258,9.000,38,43,2.900,3.400,,2.590,4.340
2021102405,3280,6.000,63,68,5.700,6.200,3.600,7.450,21.290
2021102405,3312,6.000,43,48,3.700,4.200,,3.720,9.750
2021102405,3334,6.000,30,35,2.400,2.900,2.200,1.890,2.350
2021102405,3358,6.000,39,44,3.300,3.800,2.500,4.910,11.340
2021102405,3380,6.000,38,42,3.200,3.600,,3.270,6.230
2021102405,3421,9.000,36,41,2.700,3.200,,3.520,3.810
2021102405,3443,7.000,49,54,4.200,4.700,2.400,3.170,6.740
2021102405,3462,6.000,35,40,2.900,3.400,2.800,3.480,4.810
2021102405,3484,6.000,55,60,4.900,5.400,3.500,3.630,12.500
2021102405,3666,6.000,29,34,2.300,2.800,,2.750,3.540
2021102405,3690,7.000,24,29,1.700,2.200,,1.570,1.900
2021102405,3714,6.000,28,33,2.200,2.700,,2.630,3.540
2021102405,3736,6.000,22,27,1.600,2.100,,1.410,1.050
2021102405,3760,7.000,32,37,2.500,3.000,,3.150,4.360
2021102405,3782,6.000,35,40,2.900,3.400,,5.120,10.490
2021102405,3806,6.000,28,33,2.200,2.700,,2.360,3.890
2021102405,3845,6.000,28,33,2.200,2.700,,2.410,3.730
2021102405,3922,7.000,29,34,2.200,2.700,,2.690,3.610
2021102405,3996,6.000,30,35,2.400,2.900,,2.620,3.290
2021102405,4027,6.000,23,27,1.700,2.100,,2.390,3.210
2021102405,4051,1.000,62,67,6.100,6.600,2.600,7.990,28.860
2021102405,4077,6.000,26,31,2.000,2.500,,2.480,2.940
2021102405,4123,7.000,38,43,3.100,3.600,,2.420,4.480
2021102405,4177,7.000,38,43,3.100,3.600,2.900,2.970,5.460
2021102405,4201,7.000,35,40,2.800,3.300,,2.060,3.020
2021102405,4101,,52,57,,,,4.860,14.900
2021102406,96,6.000,30,35,2.400,2.900,,2.830,4.200
2021102406,120,6.000,24,28,1.800,2.200,,1.470,1.770
2021102406,325,6.000,33,38,2.700,3.200,2.600,3.360,5.040
2021102406,460,6.000,38,43,3.200,3.700,2.400,3.080,6.930
2021102406,523,6.000,26,31,2.000,2.500,,2.210,2.560
2021102406,573,6.000,42,46,3.600,4.000,3.400,3.210,5.770
2021102406,652,7.000,25,30,1.800,2.300,,2.320,3.010
2021102406,681,6.000,42,47,3.600,4.100,,5.970,12.840
2021102406,705,6.000,26,31,2.000,2.500,,2.370,3.070
2021102406,740,6.000,30,35,2.400,2.900,,2.980,5.400
2021102406,825,59.000,82,87,2.300,2.800,,2.400,3.140
2021102406,896,6.000,52,57,4.600,5.100,,7.550,16.000
2021102406,990,6.000,29,34,2.300,2.800,,3.080,4.810
2021102406,1094,6.000,38,42,3.200,3.600,3.200,1.820,2.520
2021102406,1116,6.000,26,31,2.000,2.500,,3.220,4.760
2021102406,1140,7.000,33,38,2.600,3.100,,3.220,4.780
2021102406,1194,6.000,49,53,4.300,4.700,,4.850,15.640
2021102406,1239,6.000,37,41,3.100,3.500,,2.140,3.350
2021102406,1305,6.000,34,38,2.800,3.200,,3.200,4.230
2021102406,1355,6.000,30,35,2.400,2.900,,3.230,3.840
2021102406,1377,6.000,25,29,1.900,2.300,,2.560,3.070
2021102406,1433,6.000,32,37,2.600,3.100,0.600,5.840,11.880
2021102406,1587,6.000,42,46,3.600,4.000,,6.060,17.680
2021102406,1609,6.000,34,38,2.800,3.200,,3.290,6.230
2021102406,1693,6.000,33,38,2.700,3.200,,3.690,6.480
2021102406,1783,6.000,36,41,3.000,3.500,,2.590,3.520
2021102406,1848,6.000,36,40,3.000,3.400,,5.260,9.010
2021102406,1870,6.000,37,42,3.100,3.600,,2.610,4.180
2021102406,1973,6.000,33,38,2.700,3.200,,4.170,8.750
2021102406,1997,6.000,31,36,2.500,3.000,2.200,2.930,4.280
2021102406,2021,6.000,28,33,2.200,2.700,,2.550,3.810
2021102406,2062,6.000,38,42,3.200,3.600,3.000,2.830,5.340
2021102406,2143,6.000,29,33,2.300,2.700,,2.690,3.270
2021102406,2165,6.000,36,41,3.000,3.500,,3.220,6.350
2021102406,2304,6.000,41,46,3.500,4.000,3.400,3.190,6.690
2021102406,2326,7.000,44,49,3.700,4.200,1.800,3.870,9.760
2021102406,2359,6.000,32,37,2.600,3.100,,3.330,4.310
2021102406,2383,6.000,47,51,4.100,4.500,,4.390,9.180
2021102406,2412,6.000,45,50,3.900,4.400,,2.900,6.720
2021102406,2434,6.000,47,52,4.100,4.600,2.500,3.530,8.820
2021102406,2494,6.000,24,29,1.800,2.300,,3.280,5.460
2021102406,2537,6.000,45,50,3.900,4.400,2.900,4.470,10.870
2021102406,2609,7.000,70,75,6.300,6.800,2.200,7.780,31.290
2021102406,2679,6.000,30,35,2.400,2.900,,2.410,3.610
2021102406,2724,6.000,28,32,2.200,2.600,,2.250,2.650
2021102406,2790,6.000,30,35,2.400,2.900,,1.080,1.750
2021102406,2814,6.000,34,39,2.800,3.300,,3.080,4.170
2021102406,2931,6.000,24,28,1.800,2.200,,2.310,2.720
2021102406,2981,6.000,33,37,2.700,3.100,,5.140,12.120
2021102406,3025,7.000,42,47,3.500,4.000,,2.560,3.840
2021102406,3075,6.000,52,56,4.600,5.000,2.900,5.370,13.900
2021102406,3108,6.000,35,40,2.900,3.400,2.700,2.620,3.810
2021102406,3187,6.000,26,30,2.000,2.400,,2.120,2.240
2021102406,3246,6.000,33,38,2.700,3.200,,3.220,4.570
2021102406,3268,6.000,46,51,4.000,4.500,,3.400,7.370
2021102406,3316,6.000,26,31,2.000,2.500,,1.800,2.340
2021102406,3350,6.000,54,58,4.800,5.200,,5.160,17.930
2021102406,3383,6.000,39,44,3.300,3.800,2.300,2.980,6.470
2021102406,3407,6.000,22,27,1.600,2.100,,3.400,4.470
2021102406,3462,6.000,42,47,3.600,4.100,,4.540,11.460
2021102406,3507,6.000,35,39,2.900,3.300,,2.850,5.530
2021102406,3553,6.000,37,42,3.100,3.600,2.400,3.920,6.790
2021102406,3577,6.000,28,33,2.200,2.700,,2.370,3.230
2021102406,3659,6.000,21,26,1.500,2.000,,0.880,0.850
2021102406,3688,6.000,34,39,2.800,3.300,2.700,2.720,5.330
2021102406,3792,6.000,27,32,2.100,2.600,,3.090,4.470
2021102406,3858,6.000,29,34,2.300,2.800,2.000,4.090,7.580
2021102406,3939,6.000,26,31,2.000,2.500,,2.180,2.620
2021102406,4060,6.000,25,30,1.900,2.400,,2.320,3.310
2021102406,4180,6.000,37,42,3.100,3.600,2.800,2.920,6.460
2021102406,4226,6.000,37,42,3.100,3.600,,3.970,8.530
2021102406,4255,6.000,29,34,2.300,2.800,2.300,2.790,3.800
2021102407,61,6.000,27,32,2.100,2.600,,1.830,1.850
2021102407,136,6.000,40,45,3.400,3.900,,4.990,9.080
2021102407,223,6.000,31,35,2.500,2.900,,2.800,3.400
2021102407,319,6.000,24,29,1.800,2.300,,3.540,5.120
2021102407,385,6.000,71,76,6.500,7.000,6.300,8.810,40.930
2021102407,427,6.000,36,40,3.000,3.400,2.900,3.580,6.150
2021102407,462,6.000,48,53,4.200,4.700,,3.670,8.820
2021102407,510,7.000,32,37,2.500,3.000,2.300,2.770,4.170
2021102407,545,6.000,27,32,2.100,2.600,,2.600,2.680
2021102407,569,6.000,39,43,3.300,3.700,2.500,5.110,9.690
2021102407,617,6.000,28,32,2.200,2.600,,2.300,2.460
2021102407,641,6.000,55,60,4.900,5.400,,8.400,25.400
2021102407,728,6.000,32,37,2.600,3.100,2.400,2.850,3.520
2021102407,801,6.000,25,30,1.900,2.400,,3.420,4.110
2021102407,825,6.000,32,37,2.600,3.100,,5.910,13.030
2021102407,868,6.000,33,38,2.700,3.200,0.500,4.300,6.020
2021102407,979,6.000,32,36,2.600,3.000,0.400,4.320,6.420
2021102407,1003,6.000,31,35,2.500,2.900,0.300,4.800,5.790
2021102407,1177,6.000,57,61,5.100,5.500,3.900,8.570,22.510
2021102407,1266,6.000,50,55,4.400,4.900,2.300,3.730,6.470
2021102407,1304,6.000,32,36,2.600,3.000,2.600,2.360,3.110
2021102407,1349,6.000,28,32,2.200,2.600,2.000,1.830,2.640
2021102407,1448,6.000,25,30,1.900,2.400,,1.670,1.930
2021102407,1489,6.000,28,33,2.200,2.700,0.300,4.200,8.010
2021102407,1644,7.000,29,34,2.200,2.700,,2.780,3.380
2021102407,1706,6.000,29,34,2.300,2.800,,2.570,3.530
2021102407,1730,6.000,31,36,2.500,3.000,2.500,4.330,5.780
2021102407,1771,6.000,26,31,2.000,2.500,,2.730,4.270
2021102407,1795,6.000,31,35,2.500,2.900,2.400,2.510,3.440
2021102407,1967,6.000,32,36,2.600,3.000,2.600,4.480,5.730
2021102407,1991,7.000,39,44,3.200,3.700,2.300,2.860,6.380
2021102407,2169,6.000,64,69,5.800,6.300,,7.790,15.100
2021102407,2227,6.000,49,54,4.300,4.800,2.900,3.820,11.010
2021102407,2288,6.000,25,30,1.900,2.400,,1.880,2.630
2021102407,2339,6.000,34,39,2.800,3.300,,2.830,6.710
2021102407,2406,7.000,33,38,2.600,3.100,2.500,2.660,3.270
2021102407,2482,6.000,44,49,3.800,4.300,,7.490,16.520
2021102407,2570,7.000,32,37,2.500,3.000,,2.740,3.530
2021102407,2592,6.000,56,60,5.000,5.400,4.700,8.700,28.010
2021102407,2614,6.000,39,44,3.300,3.800,3.300,3.140,6.800
2021102407,2869,6.000,54,59,4.800,5.300,,5.900,14.960
2021102407,2890,7.000,41,45,3.400,3.800,3.300,3.090,5.260
2021102407,2935,6.000,46,51,4.000,4.500,,5.960,7.470
2021102407,3074,6.000,35,40,2.900,3.400,,4.500,8.450
2021102407,3161,6.000,23,27,1.700,2.100,,1.880,2.510
2021102407,3279,6.000,41,46,3.500,4.000,3.400,2.990,6.850
2021102407,3301,6.000,30,35,2.400,2.900,,3.320,3.180
2021102407,3325,6.000,35,39,2.900,3.300,2.900,3.160,5.870
2021102407,3354,6.000,31,36,2.500,3.000,,2.650,3.320
2021102407,3376,6.000,33,38,2.700,3.200,,3.460,5.010
2021102407,3421,6.000,40,45,3.400,3.900,2.200,4.120,9.450
2021102407,3443,6.000,33,38,2.700,3.200,,3.520,4.420
2021102407,3467,6.000,29,34,2.300,2.800,,3.240,3.700
2021102407,3491,6.000,58,63,5.200,5.700,3.600,8.050,23.790
2021102407,3513,6.000,83,88,7.700,8.200,2.600,8.100,30.910
2021102407,3535,6.000,58,63,5.200,5.700,2.900,6.780,24.570
2021102407,3558,6.000,29,34,2.300,2.800,,2.420,3.330
2021102407,3719,6.000,36,40,3.000,3.400,,3.270,4.100
2021102407,3760,6.000,34,39,2.800,3.300,,3.560,4.940
2021102407,3784,7.000,64,69,5.700,6.200,,8.010,26.520
2021102407,3806,6.000,25,30,1.900,2.400,,1.980,2.080
2021102407,3830,6.000,60,65,5.400,5.900,5.200,4.960,14.650
2021102407,3852,7.000,29,34,2.200,2.700,,3.470,3.700
2021102407,3881,6.000,45,50,3.900,4.400,2.400,7.140,16.890
2021102407,3900,6.000,47,52,4.100,4.600,2.700,2.990,7.610
2021102408,85,6.000,33,38,2.700,3.200,,2.670,4.190
2021102408,131,6.000,38,43,3.200,3.700,2.200,2.440,5.710
2021102408,199,6.000,38,43,3.200,3.700,,4.430,7.810
2021102408,223,6.000,26,31,2.000,2.500,,2.030,2.700
2021102408,273,6.000,47,52,4.100,4.600,2.900,3.340,8.510
2021102408,353,6.000,82,87,7.600,8.100,3.500,4.830,20.730
2021102408,439,6.000,29,34,2.300,2.800,,5.740,11.120
2021102408,484,6.000,30,35,2.400,2.900,,1.870,3.160
2021102408,679,6.000,28,33,2.200,2.700,,3.540,4.740
2021102408,761,6.000,28,32,2.200,2.600,,2.360,3.200
2021102408,785,6.000,24,29,1.800,2.300,,2.300,2.390
2021102408,900,6.000,34,39,2.800,3.300,,3.090,5.110
2021102408,922,6.000,35,40,2.900,3.400,2.800,3.230,4.940
2021102408,967,41.000,71,76,3.000,3.500,,3.160,5.820
2021102408,1083,6.000,32,36,2.600,3.000,,4.200,8.140
2021102408,1105,6.000,41,46,3.500,4.000,,4.160,10.120
2021102408,1129,6.000,93,98,8.700,9.200,4.600,8.810,44.560
2021102408,1385,6.000,38,43,3.200,3.700,,4.220,10.780
2021102408,1414,6.000,38,43,3.200,3.700,3.000,5.150,10.440
2021102408,1521,6.000,31,36,2.500,3.000,,2.470,3.090
2021102408,1566,6.000,46,51,4.000,4.500,,3.280,6.020
2021102408,1616,6.000,46,51,4.000,4.500,,7.110,15.360
2021102408,1693,6.000,59,64,5.300,5.800,2.900,8.590,28.020
2021102408,1749,6.000,39,44,3.300,3.800,2.300,4.460,8.390
2021102408,1848,6.000,29,34,2.300,2.800,,2.880,3.670
2021102408,2009,6.000,39,44,3.300,3.800,2.600,3.130,6.480
2021102408,2039,6.000,44,49,3.800,4.300,2.800,7.110,15.300
2021102408,2075,6.000,32,37,2.600,3.100,,3.640,4.940
2021102408,2172,6.000,38,43,3.200,3.700,,6.440,16.780
2021102408,2215,6.000,31,36,2.500,3.000,2.500,3.100,4.800
2021102408,2260,6.000,52,57,4.600,5.100,,6.090,18.020
2021102408,2293,6.000,24,28,1.800,2.200,,2.410,3.240
2021102408,2317,6.000,35,40,2.900,3.400,,3.280,6.110
2021102408,2406,7.000,43,48,3.600,4.100,,2.550,5.930
2021102408,2451,6.000,28,33,2.200,2.700,,0.830,1.100
2021102408,2496,6.000,35,39,2.900,3.300,,2.000,3.720
2021102408,2520,6.000,37,42,3.100,3.600,,3.050,5.050
2021102408,2576,6.000,24,29,1.800,2.300,,1.900,2.790
2021102408,2621,6.000,39,44,3.300,3.800,2.400,4.490,9.490
2021102408,2683,6.000,41,46,3.500,4.000,,5.870,13.560
2021102408,2728,6.000,68,73,6.200,6.700,3.200,8.250,29.640
2021102408,2781,6.000,27,32,2.100,2.600,,2.840,3.450
2021102408,2831,6.000,29,34,2.300,2.800,,3.010,4.030
2021102408,2855,140.000,170,175,3.000,3.500,,5.800,17.490
2021102408,2929,6.000,44,49,3.800,4.300,2.900,5.000,9.590
2021102408,2969,6.000,42,47,3.600,4.100,,2.860,5.460
2021102408,3037,6.000,24,29,1.800,2.300,,2.700,4.130
2021102408,3101,6.000,24,29,1.800,2.300,,4.790,7.370
2021102408,3313,6.000,23,28,1.700,2.200,,2.360,3.390
2021102408,3358,6.000,35,40,2.900,3.400,,3.420,6.500
2021102408,3585,6.000,23,28,1.700,2.200,,2.130,2.950
2021102408,3614,6.000,31,36,2.500,3.000,,2.800,3.940
2021102408,3626,6.000,23,28,1.700,2.200,,2.050,2.480
2021102408,3668,6.000,35,40,2.900,3.400,2.100,2.600,6.150
2021102408,3698,6.000,39,44,3.300,3.800,,4.590,9.350
2021102408,3720,7.000,24,28,1.700,2.100,,2.350,2.570
2021102408,3744,107.000,133,137,2.600,3.000,,2.570,10.130
2021102408,3766,6.000,28,33,2.200,2.700,2.200,4.350,6.260
2021102408,1872,,62,67,,,,5.940,23.130
2021102409,75,9.000,38,43,2.900,3.400,1.800,4.080,9.790
2021102409,104,6.000,52,57,4.600,5.100,,3.090,8.710
2021102409,158,7.000,40,42,3.300,3.500,,4.940,7.190
2021102409,288,6.000,44,49,3.800,4.300,2.700,7.340,19.250
2021102409,330,6.000,29,34,2.300,2.800,,1.520,2.890
2021102409,403,6.000,19,24,1.300,1.800,,1.880,1.910
2021102409,474,6.000,33,38,2.700,3.200,,2.110,3.270
2021102409,498,6.000,23,28,1.700,2.200,,0.780,1.070
2021102409,520,3.000,64,69,6.100,6.600,3.300,6.920,19.580
2021102409,551,6.000,33,38,2.700,3.200,,2.590,3.690
2021102409,604,6.000,29,34,2.300,2.800,,4.030,5.580
2021102409,628,6.000,29,34,2.300,2.800,,2.550,3.740
2021102409,671,6.000,31,36,2.500,3.000,,2.340,2.840
2021102409,769,6.000,36,41,3.000,3.500,,3.790,5.890
2021102409,814,7.000,33,38,2.600,3.100,2.200,2.370,4.960
2021102409,843,6.000,30,35,2.400,2.900,,2.640,3.570
2021102409,909,6.000,26,31,2.000,2.500,,2.370,3.040
2021102409,931,6.000,23,28,1.700,2.200,,1.760,2.560
2021102409,1035,6.000,29,34,2.300,2.800,,1.990,3.260
2021102409,1064,6.000,25,30,1.900,2.400,,1.740,2.380
2021102409,1154,6.000,29,34,2.300,2.800,2.300,2.350,3.050
2021102409,1176,7.000,30,35,2.300,2.800,,2.510,3.560
2021102409,1198,7.000,41,45,3.400,3.800,2.800,3.100,6.800
2021102409,1266,6.000,37,42,3.100,3.600,,6.090,16.690
2021102409,1290,7.000,32,37,2.500,3.000,,2.110,2.960
2021102409,1314,6.000,31,36,2.500,3.000,2.100,3.850,4.250
2021102409,1365,6.000,26,31,2.000,2.500,2.000,3.430,4.890
2021102409,1387,6.000,26,31,2.000,2.500,,2.120,3.330
2021102409,1409,6.000,26,30,2.000,2.400,2.000,2.440,2.680
2021102409,1451,6.000,32,37,2.600,3.100,,2.550,3.840
2021102409,1496,6.000,52,57,4.600,5.100,,8.040,28.050
2021102409,1559,6.000,25,30,1.900,2.400,,1.740,2.600
2021102409,1625,6.000,60,65,5.400,5.900,3.700,7.930,33.050
2021102409,1659,6.000,26,30,2.000,2.400,,1.700,2.550
2021102409,1757,6.000,42,46,3.600,4.000,,4.750,11.120
2021102409,1781,6.000,38,43,3.200,3.700,,4.640,7.700
2021102409,1882,7.000,28,32,2.100,2.500,,0.990,1.300
2021102409,1932,6.000,25,30,1.900,2.400,,1.170,2.000
2021102409,1954,6.000,65,70,5.900,6.400,3.400,9.080,23.160
2021102409,1997,6.000,55,60,4.900,5.400,2.900,5.110,12.790
2021102409,2016,6.000,49,53,4.300,4.700,3.400,3.550,9.380
2021102409,2038,6.000,35,39,2.900,3.300,,2.670,4.100
2021102409,2199,6.000,54,58,4.800,5.200,3.200,5.830,13.980
2021102409,2261,6.000,29,34,2.300,2.800,,2.120,2.940
2021102409,2283,6.000,37,42,3.100,3.600,,2.490,4.520
2021102409,2305,6.000,38,43,3.200,3.700,2.900,3.090,6.570
2021102409,2423,6.000,29,34,2.300,2.800,,1.560,2.160
2021102409,2515,6.000,28,33,2.200,2.700,,2.180,2.950
2021102409,2627,6.000,29,34,2.300,2.800,,2.190,3.640
2021102409,2656,6.000,43,48,3.700,4.200,,4.900,14.440
2021102409,2741,6.000,28,32,2.200,2.600,,2.900,3.320
2021102409,2771,6.000,53,58,4.700,5.200,2.500,7.060,19.580
2021102409,2804,7.000,31,35,2.400,2.800,2.400,1.890,3.140
2021102409,2851,6.000,27,32,2.100,2.600,,2.330,2.910
2021102409,3205,6.000,31,36,2.500,3.000,2.400,2.680,3.420
2021102409,3269,6.000,30,35,2.400,2.900,,2.710,3.510
2021102409,3314,6.000,28,33,2.200,2.700,,2.370,3.890
2021102409,3336,11.000,34,39,2.300,2.800,,2.540,3.380
2021102409,3413,6.000,31,36,2.500,3.000,,2.280,3.370
2021102409,3458,6.000,29,34,2.300,2.800,,1.770,2.640
2021102409,3507,7.000,45,50,3.800,4.300,3.600,3.310,8.340
2021102409,3701,6.000,40,45,3.400,3.900,2.700,4.850,13.380
2021102409,3725,6.000,38,42,3.200,3.600,3.200,3.630,6.870
2021102409,3766,6.000,66,71,6.000,6.500,,7.420,36.110
2021102409,3863,7.000,30,35,2.300,2.800,,5.830,4.900
2021102409,3908,6.000,31,36,2.500,3.000,,2.010,3.030
2021102409,3930,6.000,61,66,5.500,6.000,,9.310,27.990
2021102409,3956,6.000,38,43,3.200,3.700,,3.130,5.720
2021102409,3997,7.000,33,38,2.600,3.100,,2.840,4.840
2021102410,62,6.000,40,45,3.400,3.900,,5.590,14.570
2021102410,141,6.000,38,43,3.200,3.700,,4.880,13.180
2021102410,371,6.000,58,63,5.200,5.700,4.700,7.060,30.080
2021102410,397,6.000,68,73,6.200,6.700,3.100,7.360,26.940
2021102410,477,6.000,28,33,2.200,2.700,,0.980,1.500
2021102410,503,6.000,48,53,4.200,4.700,3.000,3.680,10.280
2021102410,679,6.000,40,45,3.400,3.900,0.300,4.510,8.160
2021102410,754,78.000,106,111,2.800,3.300,,2.960,6.970
2021102410,810,6.000,41,46,3.500,4.000,,4.490,9.410
2021102410,854,6.000,44,49,3.800,4.300,,4.800,12.660
2021102410,969,7.000,44,49,3.700,4.200,2.700,4.270,9.530
2021102410,995,6.000,39,44,3.300,3.800,0.000,4.540,8.480
2021102410,1038,6.000,33,38,2.700,3.200,2.600,4.090,5.960
2021102410,1127,6.000,30,35,2.400,2.900,,1.290,2.650
2021102410,1177,6.000,67,72,6.100,6.600,3.000,7.610,26.190
2021102410,1345,6.000,32,37,2.600,3.100,,3.020,4.480
2021102410,1437,6.000,32,37,2.600,3.100,,2.890,5.100
2021102410,1524,6.000,32,37,2.600,3.100,,3.150,6.530
2021102410,1635,6.000,27,32,2.100,2.600,,2.780,3.730
2021102410,1752,6.000,35,40,2.900,3.400,,2.260,3.640
2021102410,1800,6.000,32,37,2.600,3.100,,5.140,6.540
2021102410,2126,6.000,25,30,1.900,2.400,,2.300,2.800
2021102410,2150,6.000,30,35,2.400,2.900,,4.120,5.040
2021102410,2368,6.000,29,34,2.300,2.800,,2.600,3.830
2021102410,2461,6.000,37,42,3.100,3.600,,2.380,6.020
2021102410,2485,6.000,29,34,2.300,2.800,,1.240,1.740
2021102410,2532,6.000,47,52,4.100,4.600,2.500,2.810,6.190
2021102410,2561,6.000,55,60,4.900,5.400,0.900,6.500,20.360
2021102410,2596,6.000,38,42,3.200,3.600,3.200,2.980,5.480
2021102410,2633,6.000,50,55,4.400,4.900,,4.260,10.570
2021102410,2719,6.000,32,37,2.600,3.100,,3.960,5.470
2021102410,2754,6.000,50,55,4.400,4.900,3.800,3.940,9.860
2021102410,2811,6.000,25,30,1.900,2.400,,1.190,1.720
2021102410,3041,6.000,45,50,3.900,4.400,,4.170,11.000
2021102410,3080,6.000,41,46,3.500,4.000,,4.560,13.640
2021102410,3108,6.000,51,56,4.500,5.000,,3.970,10.050
2021102410,3137,6.000,36,41,3.000,3.500,,2.760,4.100
2021102410,3226,2.000,41,46,3.900,4.400,,2.810,6.590
2021102410,3287,6.000,43,48,3.700,4.200,,2.950,6.030
2021102410,3374,6.000,35,40,2.900,3.400,,2.310,4.940
2021102410,3434,6.000,34,39,2.800,3.300,2.700,3.470,5.050
2021102410,3520,6.000,27,32,2.100,2.600,,1.220,2.060
2021102410,3548,6.000,27,32,2.100,2.600,,1.770,2.230
2021102410,3600,6.000,55,60,4.900,5.400,,6.890,24.610
2021102410,3621,6.000,24,29,1.800,2.300,,1.360,1.950
2021102410,3692,6.000,40,45,3.400,3.900,,5.230,8.240
2021102410,3714,7.000,38,43,3.100,3.600,3.100,2.370,4.580
2021102410,3781,6.000,35,40,2.900,3.400,,2.890,4.400
2021102410,3805,6.000,41,46,3.500,4.000,3.000,2.640,6.930
2021102410,3882,6.000,36,41,3.000,3.500,,2.730,4.120
2021102410,4063,6.000,75,80,6.900,7.400,3.200,4.350,15.270
2021102410,3833,,28,33,,,,2.330,3.750
2021102500,210,6.000,29,34,2.300,2.800,,1.770,2.850
2021102500,253,7.000,37,42,3.000,3.500,3.000,2.360,4.490
2021102500,326,7.000,38,42,3.100,3.500,3.100,4.370,5.880
2021102500,450,7.000,27,32,2.000,2.500,,2.030,2.620
2021102500,474,7.000,46,51,3.900,4.400,,4.510,10.650
2021102500,598,7.000,26,30,1.900,2.300,,2.500,2.820
2021102500,694,8.000,30,34,2.200,2.600,,1.680,2.340
2021102500,786,7.000,64,69,5.700,6.200,3.700,3.480,10.820
2021102500,833,8.000,53,58,4.500,5.000,,7.650,18.880
2021102500,894,7.000,41,45,3.400,3.800,,6.200,16.800
2021102500,933,8.000,59,63,5.100,5.500,2.600,6.280,19.220
2021102500,1024,7.000,34,38,2.700,3.100,2.400,4.100,7.160
2021102500,1069,7.000,24,29,1.700,2.200,,1.890,2.230
2021102500,1104,7.000,39,44,3.200,3.700,,5.260,9.080
2021102500,1240,7.000,41,46,3.400,3.900,,5.220,8.100
2021102500,1264,6.000,24,29,1.800,2.300,,3.470,3.860
2021102500,1347,7.000,38,43,3.100,3.600,,5.040,9.650
2021102500,1415,6.000,88,93,8.200,8.700,,7.720,33.360
2021102500,1478,6.000,33,38,2.700,3.200,,2.880,7.330
2021102500,1562,7.000,32,37,2.500,3.000,,1.690,2.580
2021102500,1597,7.000,36,40,2.900,3.300,,4.330,6.930
2021102500,1619,7.000,32,36,2.500,2.900,,2.390,3.480
2021102500,1701,6.000,38,42,3.200,3.600,3.200,6.240,11.360
2021102500,1751,7.000,45,49,3.800,4.200,,5.970,15.450
2021102500,1792,7.000,29,34,2.200,2.700,,2.770,4.060
2021102500,1816,6.000,36,41,3.000,3.500,3.000,3.270,4.800
2021102500,1855,8.000,35,39,2.700,3.100,,3.030,5.520
2021102500,1879,7.000,41,46,3.400,3.900,,6.540,12.360
2021102500,1900,7.000,33,37,2.600,3.000,,2.900,4.420
2021102500,1924,6.000,35,40,2.900,3.400,,2.690,4.630
2021102500,1953,7.000,14,40,0.700,3.300,,4.470,7.700
2021102500,2047,7.000,71,75,6.400,6.800,,7.330,25.280
2021102500,2214,7.000,35,39,2.800,3.200,,3.060,5.110
2021102500,2243,6.000,25,29,1.900,2.300,,2.240,2.970
2021102500,2293,6.000,60,64,5.400,5.800,3.500,4.620,14.560
2021102500,2348,6.000,30,35,2.400,2.900,2.300,3.240,3.600
2021102500,2436,6.000,57,62,5.100,5.600,,5.010,17.320
2021102500,2455,6.000,67,72,6.100,6.600,4.100,3.310,10.940
2021102500,2553,6.000,41,45,3.500,3.900,,5.180,9.420
2021102500,2603,6.000,35,39,2.900,3.300,,3.470,5.560
2021102500,2625,7.000,45,50,3.800,4.300,,3.650,8.060
2021102500,2835,6.000,49,54,4.300,4.800,,3.180,6.010
2021102500,2934,6.000,35,39,2.900,3.300,2.900,4.160,7.590
2021102500,3030,7.000,62,67,5.500,6.000,,8.250,25.440
2021102500,3099,7.000,59,64,5.200,5.700,2.600,3.600,10.020
2021102500,3139,7.000,48,53,4.100,4.600,,7.600,14.640
2021102500,3165,6.000,42,47,3.600,4.100,,3.420,6.290
2021102500,3238,7.000,48,53,4.100,4.600,,6.240,21.830
2021102500,3260,7.000,29,33,2.200,2.600,,2.490,2.710
2021102500,3305,7.000,44,47,3.700,4.000,,4.300,8.420
2021102500,3350,8.000,27,32,1.900,2.400,,2.240,2.430
2021102500,3395,6.000,27,32,2.100,2.600,,1.900,3.480
2021102500,3424,7.000,48,53,4.100,4.600,1.800,3.410,8.090
2021102500,3484,7.000,42,47,3.500,4.000,,4.740,8.210
2021102500,3506,7.000,67,72,6.000,6.500,2.500,3.390,9.950
2021102500,3536,7.000,59,63,5.200,5.600,,4.710,10.040
2021102500,3624,7.000,40,45,3.300,3.800,,3.030,7.430
2021102500,3660,6.000,33,37,2.700,3.100,,3.660,5.920
2021102500,3684,7.000,51,56,4.400,4.900,,3.660,8.260
2021102500,3735,7.000,57,62,5.000,5.500,,6.530,21.960
2021102500,3787,8.000,66,70,5.800,6.200,,7.160,34.870
2021102500,3904,7.000,32,37,2.500,3.000,,3.350,3.480
2021102500,3926,7.000,44,49,3.700,4.200,2.300,3.740,7.590
2021102500,3945,7.000,58,63,5.100,5.600,3.700,6.480,16.300
2021102500,3998,8.000,71,75,6.300,6.700,3.100,5.910,18.120
2021102800,189,6.000,50,55,4.400,4.900,2.900,2.960,7.370
2021102800,271,7.000,72,76,6.500,6.900,2.500,6.550,26.820
2021102800,334,6.000,25,29,1.900,2.300,,1.980,1.950
2021102800,368,6.000,38,42,3.200,3.600,,4.210,8.020
2021102800,392,6.000,33,37,2.700,3.100,2.600,3.190,4.770
2021102800,471,6.000,50,54,4.400,4.800,4.200,3.630,8.000
2021102800,495,6.000,37,41,3.100,3.500,,2.780,5.390
2021102800,519,7.000,38,41,3.100,3.400,2.900,3.730,8.910
2021102800,784,7.000,28,32,2.100,2.500,,3.320,4.620
2021102800,850,6.000,25,29,1.900,2.300,,3.560,5.890
2021102800,874,6.000,30,34,2.400,2.800,,5.080,11.200
2021102800,917,6.000,36,41,3.000,3.500,,2.540,5.530
2021102800,1133,6.000,34,39,2.800,3.300,,2.570,4.470
2021102800,1155,6.000,56,61,5.000,5.500,5.000,4.880,11.550
2021102800,1261,6.000,39,43,3.300,3.700,,3.090,7.630
2021102800,1454,6.000,34,39,2.800,3.300,,3.610,8.140
2021102800,1489,6.000,41,46,3.500,4.000,2.800,5.250,14.560
2021102800,1511,6.000,28,33,2.200,2.700,,2.210,4.590
2021102800,1595,6.000,32,37,2.600,3.100,,2.400,3.810
2021102800,1651,6.000,58,63,5.200,5.700,4.000,4.990,14.030
2021102800,1673,6.000,31,36,2.500,3.000,,3.430,4.810
2021102800,1735,6.000,25,29,1.900,2.300,,3.190,3.460
2021102800,1860,6.000,23,28,1.700,2.200,,2.250,2.980
2021102800,1903,6.000,58,62,5.200,5.600,2.200,7.050,24.760
2021102800,1942,6.000,54,59,4.800,5.300,,5.730,19.100
2021102800,2171,6.000,26,30,2.000,2.400,,2.510,3.890
2021102800,2269,6.000,31,36,2.500,3.000,,2.560,3.690
2021102800,2319,6.000,23,28,1.700,2.200,,0.970,1.450
2021102800,2367,6.000,34,39,2.800,3.300,2.800,2.890,4.440
2021102800,2389,6.000,30,34,2.400,2.800,,2.220,3.210
2021102800,2413,6.000,65,70,5.900,6.400,3.200,8.760,33.980
2021102800,2435,6.000,23,28,1.700,2.200,,1.590,2.060
2021102800,2506,6.000,27,32,2.100,2.600,,2.580,3.690
2021102800,2641,6.000,24,28,1.800,2.200,,3.410,5.330
2021102800,2755,6.000,35,40,2.900,3.400,,3.130,3.880
2021102800,2897,6.000,30,35,2.400,2.900,,3.880,5.570
2021102800,2953,7.000,38,43,3.100,3.600,3.100,3.250,5.320
2021102800,3007,6.000,33,38,2.700,3.200,,8.050,10.650
2021102800,3052,6.000,47,52,4.100,4.600,2.100,7.850,20.340
2021102800,3074,6.000,31,36,2.500,3.000,,3.210,4.360
2021102800,3096,7.000,28,33,2.100,2.600,,2.810,4.970
2021102800,3125,6.000,24,29,1.800,2.300,,1.920,1.940
2021102800,3202,6.000,26,31,2.000,2.500,,1.600,2.460
2021102800,3279,6.000,75,80,6.900,7.400,4.800,7.720,35.180
2021102800,3298,6.000,26,30,2.000,2.400,,1.880,2.640
2021102800,3346,6.000,25,29,1.900,2.300,,2.370,3.360
2021102800,3670,6.000,59,64,5.300,5.800,2.600,6.450,20.000
2021102800,3708,6.000,30,34,2.400,2.800,,4.300,5.730
2021102800,3751,6.000,30,35,2.400,2.900,,2.260,3.920
2021102800,3773,6.000,45,50,3.900,4.400,,2.600,7.910
2021102800,3797,6.000,43,48,3.700,4.200,,3.360,7.590
2021102800,3862,7.000,22,27,1.500,2.000,,1.510,1.540
2021102800,3917,6.000,42,47,3.600,4.100,2.600,3.900,9.990
2021102800,4039,6.000,23,28,1.700,2.200,,1.440,1.830
2021103100,113,7.000,39,44,3.200,3.700,2.500,3.500,8.510
2021103100,132,7.000,33,37,2.600,3.000,,3.580,5.080
2021103100,230,7.000,37,41,3.000,3.400,2.300,2.380,5.000
2021103100,422,7.000,38,42,3.100,3.500,2.400,3.140,5.910
2021103100,467,7.000,29,33,2.200,2.600,,2.160,2.480
2021103100,587,6.000,27,31,2.100,2.500,2.100,2.170,2.310
2021103100,637,7.000,30,34,2.300,2.700,2.200,2.680,3.260
2021103100,722,6.000,39,44,3.300,3.800,2.800,3.020,5.770
2021103100,744,6.000,29,33,2.300,2.700,,2.650,2.900
2021103100,798,7.000,36,40,2.900,3.300,1.800,3.580,6.200
2021103100,843,6.000,32,36,2.600,3.000,0.300,4.340,5.810
2021103100,923,7.000,35,39,2.800,3.200,2.700,5.050,9.580
2021103100,947,7.000,31,35,2.400,2.800,,2.820,4.150
2021103100,1032,6.000,35,39,2.900,3.300,2.600,3.430,4.690
2021103100,1151,8.000,31,34,2.300,2.600,,3.770,5.110
2021103100,1252,6.000,53,58,4.700,5.200,3.500,6.370,16.220
2021103100,1307,7.000,31,34,2.400,2.700,,3.350,5.130
2021103100,1352,7.000,41,45,3.400,3.800,,4.670,8.460
2021103100,1381,6.000,37,40,3.100,3.400,,3.250,4.750
2021103100,1456,7.000,30,34,2.300,2.700,,3.030,3.460
2021103100,1480,7.000,16,21,0.900,1.400,,2.670,3.000
2021103100,1550,7.000,38,42,3.100,3.500,,2.420,4.190
2021103100,1602,6.000,38,43,3.200,3.700,,5.220,7.360
2021103100,1624,6.000,55,60,4.900,5.400,2.700,8.340,22.200
2021103100,1700,6.000,34,39,2.800,3.300,,2.840,4.030
2021103100,1722,6.000,28,33,2.200,2.700,2.100,4.370,5.320
2021103100,1805,6.000,41,46,3.500,4.000,2.100,4.220,9.210
2021103100,1879,7.000,39,43,3.200,3.600,,3.100,4.650
2021103100,1908,6.000,39,43,3.300,3.700,,3.240,6.300
2021103100,2051,8.000,33,37,2.500,2.900,,3.500,5.090
2021103100,2096,7.000,34,37,2.700,3.000,,1.440,3.140
2021103100,2120,7.000,47,52,4.000,4.500,2.200,3.530,10.950
2021103100,2242,6.000,54,59,4.800,5.300,,8.970,31.490
2021103100,2263,6.000,43,46,3.700,4.000,,4.320,9.400
2021103100,2374,6.000,22,25,1.600,1.900,,1.280,1.170
2021103100,2472,7.000,44,48,3.700,4.100,,7.500,22.170
2021103100,2496,6.000,29,33,2.300,2.700,2.300,4.100,6.590
2021103100,2573,6.000,26,30,2.000,2.400,1.800,4.650,4.520
2021103100,2602,6.000,28,33,2.200,2.700,2.100,2.790,4.320
2021103100,2685,7.000,30,34,2.300,2.700,2.000,2.670,3.380
2021103100,2770,7.000,32,36,2.500,2.900,2.400,2.630,3.830
2021103100,2959,6.000,35,40,2.900,3.400,,2.630,3.590
2021103100,3021,6.000,33,37,2.700,3.100,2.500,3.280,4.890
2021103100,3043,6.000,48,53,4.200,4.700,3.100,7.100,14.370
2021103100,3120,6.000,55,59,4.900,5.300,,6.640,25.130
2021103100,3218,8.000,32,37,2.400,2.900,,2.800,4.060
2021103100,3261,6.000,46,51,4.000,4.500,2.600,3.350,10.040
2021103100,3424,6.000,33,38,2.700,3.200,2.400,1.670,2.920
2021103100,3448,2.000,23,28,2.100,2.600,,1.510,2.430
2021103100,3472,6.000,35,40,2.900,3.400,2.700,2.740,4.200
2021103100,3517,6.000,38,42,3.200,3.600,3.200,2.750,4.210
2021103100,3539,6.000,31,35,2.500,2.900,2.200,1.930,2.990
2021103100,3580,6.000,29,34,2.300,2.800,2.100,2.590,4.270
2021103100,3745,6.000,31,35,2.500,2.900,2.300,2.860,4.020
2021103100,3769,1.000,47,52,4.600,5.100,3.400,5.250,11.950
2021103101,62,6.000,26,31,2.000,2.500,,2.120,2.730
2021103101,112,6.000,46,51,4.000,4.500,2.900,8.660,24.570
2021103101,184,6.000,52,56,4.600,5.000,3.300,5.960,16.410
2021103101,210,6.000,29,33,2.300,2.700,,3.150,4.110
2021103101,255,6.000,22,27,1.600,2.100,,2.090,2.020
2021103101,277,6.000,31,36,2.500,3.000,2.500,4.650,9.290
2021103101,338,6.000,32,37,2.600,3.100,,1.330,2.210
2021103101,383,6.000,29,34,2.300,2.800,,2.440,4.340
2021103101,405,6.000,41,45,3.500,3.900,3.300,3.760,6.360
2021103101,514,6.000,27,32,2.100,2.600,,4.130,5.590
2021103101,535,7.000,48,53,4.100,4.600,,4.410,10.320
2021103101,737,6.000,31,35,2.500,2.900,,3.570,5.000
2021103101,759,6.000,30,35,2.400,2.900,,3.170,3.980
2021103101,799,7.000,26,30,1.900,2.300,,1.400,1.360
2021103101,868,6.000,48,52,4.200,4.600,2.400,3.000,7.380
2021103101,962,6.000,24,29,1.800,2.300,,1.670,2.510
2021103101,1126,6.000,34,38,2.800,3.200,2.500,3.450,4.520
2021103101,1251,7.000,38,43,3.100,3.600,,3.300,6.070
2021103101,1299,6.000,31,36,2.500,3.000,,2.670,5.400
2021103101,1321,6.000,40,45,3.400,3.900,2.600,3.890,6.870
2021103101,1368,7.000,32,37,2.500,3.000,2.500,2.540,4.070
2021103101,1435,6.000,24,29,1.800,2.300,,1.380,1.970
2021103101,1485,6.000,29,34,2.300,2.800,,1.510,2.220
2021103101,1530,6.000,43,47,3.700,4.100,,5.060,13.170
2021103101,1582,6.000,32,37,2.600,3.100,,3.590,5.980
2021103101,1695,6.000,27,31,2.100,2.500,,1.790,3.090
2021103101,1724,7.000,24,29,1.700,2.200,,3.200,4.890
2021103101,1780,6.000,39,43,3.300,3.700,2.200,3.120,6.540
2021103101,1804,6.000,35,40,2.900,3.400,2.100,6.160,12.870
2021103101,1834,6.000,26,31,2.000,2.500,,2.940,3.910
2021103101,1929,6.000,20,24,1.400,1.800,,1.490,1.900
2021103101,1970,6.000,22,27,1.600,2.100,,1.820,2.430
2021103101,2120,6.000,30,35,2.400,2.900,,4.290,7.060
2021103101,2155,6.000,45,50,3.900,4.400,,4.890,9.260
2021103101,2222,6.000,28,33,2.200,2.700,,1.580,2.210
2021103101,2248,7.000,42,47,3.500,4.000,2.900,2.870,5.890
2021103101,2306,6.000,24,28,1.800,2.200,,2.850,4.290
2021103101,2330,7.000,52,57,4.500,5.000,2.900,4.780,11.920
2021103101,2352,6.000,33,38,2.700,3.200,,3.690,6.130
2021103101,2501,7.000,33,37,2.600,3.000,2.600,1.690,2.950
2021103101,2527,7.000,51,56,4.400,4.900,,2.660,8.310
2021103101,2551,7.000,63,68,5.600,6.100,,2.620,9.450
2021103101,2616,7.000,29,33,2.200,2.600,,2.220,3.350
2021103101,2780,7.000,26,30,1.900,2.300,,4.470,6.830
2021103101,2813,7.000,51,54,4.400,4.700,2.100,3.540,8.650
2021103101,2908,6.000,39,43,3.300,3.700,,5.300,10.740
2021103101,2937,6.000,27,32,2.100,2.600,,2.810,4.330
2021103101,2979,6.000,40,44,3.400,3.800,3.400,2.490,5.220
2021103101,3067,7.000,36,41,2.900,3.400,,2.250,3.770
2021103101,3155,6.000,25,30,1.900,2.400,,3.850,3.260
2021103101,3234,6.000,33,38,2.700,3.200,,2.990,4.870
2021103101,3290,6.000,26,30,2.000,2.400,,4.030,4.340
2021103101,3350,6.000,39,43,3.300,3.700,,3.460,7.660
2021103101,3372,7.000,26,30,1.900,2.300,,2.890,3.800
2021103101,3401,6.000,30,35,2.400,2.900,2.300,2.330,4.260
2021103101,3439,6.000,52,57,4.600,5.100,1.900,3.210,7.990
2021103101,3496,6.000,34,38,2.800,3.200,,3.550,5.790
2021103101,3520,6.000,27,31,2.100,2.500,,2.940,3.710
2021103101,3544,6.000,26,30,2.000,2.400,,3.020,3.680
2021103101,3566,6.000,29,34,2.300,2.800,,3.560,5.880
2021103101,3588,7.000,50,54,4.300,4.700,2.600,4.010,12.020
2021103101,3700,6.000,37,41,3.100,3.500,,2.810,4.990
2021103101,3760,6.000,36,40,3.000,3.400,2.900,4.330,6.630
2021103101,3808,6.000,40,44,3.400,3.800,,2.870,7.950
2021103101,3830,6.000,35,39,2.900,3.300,,2.890,3.580
2021103101,3891,7.000,53,57,4.600,5.000,3.900,2.970,9.830
2021103101,4284,7.000,47,52,4.000,4.500,2.700,4.220,8.920
2021103101,4313,7.000,38,43,3.100,3.600,,3.630,7.860
2021103101,4335,6.000,39,42,3.300,3.600,,5.150,11.250
2021103101,4372,7.000,34,39,2.700,3.200,2.500,3.540,5.260
2021103101,4401,,31,35,,,,3.390,6.120
2021103102,62,6.000,24,29,1.800,2.300,,1.710,1.710
2021103102,84,6.000,28,33,2.200,2.700,,2.760,2.910
2021103102,109,6.000,26,31,2.000,2.500,,3.690,4.880
2021103102,241,6.000,29,34,2.300,2.800,,2.640,3.020
2021103102,263,6.000,38,43,3.200,3.700,2.400,5.970,8.910
2021103102,295,6.000,88,93,8.200,8.700,,5.440,16.660
2021103102,377,6.000,50,55,4.400,4.900,,8.830,25.320
2021103102,398,6.000,34,39,2.800,3.300,,2.400,4.050
2021103102,475,6.000,27,31,2.100,2.500,,1.440,2.480
2021103102,555,7.000,32,37,2.500,3.000,,1.730,2.670
2021103102,657,3.000,32,37,2.900,3.400,2.900,2.130,3.340
2021103102,702,6.000,36,41,3.000,3.500,,2.280,3.700
2021103102,724,6.000,33,38,2.700,3.200,2.600,2.560,3.900
2021103102,804,7.000,42,47,3.500,4.000,3.300,4.290,7.020
2021103102,870,6.000,31,36,2.500,3.000,2.500,1.890,2.840
2021103102,894,7.000,41,46,3.400,3.900,3.200,5.770,9.090
2021103102,996,7.000,25,30,1.800,2.300,,6.430,5.870
2021103102,1038,7.000,32,36,2.500,2.900,,4.310,7.220
2021103102,1083,7.000,42,46,3.500,3.900,,6.560,19.060
2021103102,1176,8.000,67,71,5.900,6.300,,6.830,21.960
2021103102,1200,7.000,40,45,3.300,3.800,3.200,3.120,4.950
2021103102,1245,6.000,25,30,1.900,2.400,,1.370,2.140
2021103102,1284,7.000,31,36,2.400,2.900,,2.740,3.420
2021103102,1383,6.000,39,44,3.300,3.800,,5.170,9.860
2021103102,1405,6.000,31,36,2.500,3.000,,2.370,3.960
2021103102,1429,7.000,38,43,3.100,3.600,,6.100,6.990
2021103102,1471,6.000,27,32,2.100,2.600,,5.610,9.280
2021103102,1495,6.000,44,49,3.800,4.300,,8.380,22.960
2021103102,1614,8.000,49,54,4.100,4.600,3.100,4.440,12.750
2021103102,1646,7.000,44,49,3.700,4.200,3.400,5.510,9.220
2021103102,1716,7.000,35,39,2.800,3.200,,2.770,4.940
2021103102,1830,7.000,44,47,3.700,4.000,3.500,3.100,8.380
2021103102,1852,7.000,25,29,1.800,2.200,1.600,2.130,3.250
2021103102,1876,8.000,24,28,1.600,2.000,,1.630,2.240
2021103102,1934,6.000,39,43,3.300,3.700,3.100,2.990,5.260
2021103102,1997,6.000,36,41,3.000,3.500,2.600,2.940,4.550
2021103102,2077,7.000,43,48,3.600,4.100,3.600,5.940,18.410
2021103102,2122,7.000,41,46,3.400,3.900,2.800,6.550,7.840
2021103102,2143,7.000,29,34,2.200,2.700,,0.880,1.520
2021103102,2186,6.000,28,33,2.200,2.700,,2.130,3.780
2021103102,2231,6.000,27,32,2.100,2.600,,1.770,2.050
2021103102,2255,6.000,29,34,2.300,2.800,2.000,5.010,7.830
2021103102,2312,7.000,27,32,2.000,2.500,,2.180,2.690
2021103102,2343,7.000,24,29,1.700,2.200,,1.110,1.700
2021103102,2470,7.000,36,40,2.900,3.300,2.700,2.950,4.430
2021103102,2757,6.000,33,36,2.700,3.000,,5.560,13.730
2021103102,2851,6.000,33,38,2.700,3.200,,4.340,6.800
2021103102,2890,6.000,34,39,2.800,3.300,2.700,2.620,6.080
2021103102,2954,6.000,50,55,4.400,4.900,3.000,4.300,11.450
2021103102,3005,6.000,25,29,1.900,2.300,,1.660,2.270
2021103102,3029,7.000,25,29,1.800,2.200,,1.310,1.520
2021103102,3110,7.000,27,32,2.000,2.500,,2.560,3.300
2021103102,3146,7.000,46,51,3.900,4.400,3.900,5.210,13.070
2021103102,3172,6.000,25,29,1.900,2.300,,1.790,2.410
2021103102,3256,7.000,33,38,2.600,3.100,,2.700,4.350
2021103102,3280,8.000,32,36,2.400,2.800,,4.240,5.700
2021103102,3323,7.000,30,34,2.300,2.700,,1.900,3.250
2021103102,3347,6.000,37,42,3.100,3.600,0.000,5.600,11.200
2021103102,3414,8.000,38,41,3.000,3.300,,1.340,1.920
2021103102,3480,6.000,29,33,2.300,2.700,,1.430,2.370
2021103102,3597,7.000,36,41,2.900,3.400,2.900,1.230,2.420
2021103102,3651,7.000,40,44,3.300,3.700,,4.150,8.250
2021103102,3962,7.000,48,52,4.100,4.500,4.000,3.780,12.190
2021103103,55,7.000,28,31,2.100,2.400,,1.830,3.370
2021103103,105,6.000,38,43,3.200,3.700,,4.470,7.960
2021103103,148,6.000,41,46,3.500,4.000,,3.300,5.810
2021103103,193,6.000,29,34,2.300,2.800,,3.090,3.720
2021103103,217,6.000,28,33,2.200,2.700,,3.790,3.920
2021103103,262,6.000,31,36,2.500,3.000,,4.420,7.790
2021103103,305,7.000,56,61,4.900,5.400,2.500,2.810,8.770
2021103103,394,6.000,26,31,2.000,2.500,,1.550,1.900
2021103103,460,6.000,30,35,2.400,2.900,2.400,2.500,3.720
2021103103,503,7.000,29,34,2.200,2.700,2.200,2.000,2.810
2021103103,538,6.000,30,35,2.400,2.900,2.300,2.600,3.820
2021103103,712,6.000,33,38,2.700,3.200,,3.740,5.990
2021103103,736,6.000,25,30,1.900,2.400,,4.020,6.730
2021103103,765,6.000,81,86,7.500,8.000,2.600,8.200,37.370
2021103103,899,6.000,31,36,2.500,3.000,,2.340,3.400
2021103103,944,6.000,43,48,3.700,4.200,,5.780,17.750
2021103103,1010,6.000,40,45,3.400,3.900,,2.710,3.930
2021103103,1080,7.000,54,59,4.700,5.200,2.500,4.270,11.220
2021103103,1119,6.000,30,35,2.400,2.900,2.400,1.780,2.630
2021103103,1233,6.000,35,40,2.900,3.400,2.900,3.480,5.650
2021103103,1255,6.000,31,36,2.500,3.000,,3.000,4.340
2021103103,1313,6.000,26,31,2.000,2.500,,2.050,2.190
2021103103,1437,6.000,32,37,2.600,3.100,2.400,3.050,5.910
2021103103,1456,6.000,45,49,3.900,4.300,2.300,2.840,4.980
2021103103,1641,6.000,23,28,1.700,2.200,,1.840,2.790
2021103103,1665,6.000,27,32,2.100,2.600,2.100,2.190,3.100
2021103103,1774,6.000,45,50,3.900,4.400,2.600,4.130,8.610
2021103103,1802,6.000,40,45,3.400,3.900,2.100,2.730,6.260
2021103103,1955,6.000,22,27,1.600,2.100,,1.570,2.300
2021103103,1984,6.000,52,57,4.600,5.100,2.600,1.850,5.320
2021103103,2179,6.000,23,28,1.700,2.200,,1.870,2.110
2021103103,2201,6.000,30,35,2.400,2.900,,2.390,3.450
2021103103,2329,6.000,28,33,2.200,2.700,,2.370,3.020
2021103103,2353,6.000,36,41,3.000,3.500,,4.690,6.870
2021103103,2403,6.000,26,31,2.000,2.500,,1.440,2.130
2021103103,2580,6.000,28,33,2.200,2.700,,2.510,3.400
2021103103,2630,7.000,31,36,2.400,2.900,,2.740,3.660
2021103103,2652,6.000,38,43,3.200,3.700,,2.740,3.870
2021103103,2742,6.000,20,25,1.400,1.900,,2.100,1.730
2021103103,2868,7.000,28,33,2.100,2.600,1.800,3.980,3.690
2021103103,2921,6.000,32,36,2.600,3.000,,2.480,3.550
2021103103,2955,6.000,35,40,2.900,3.400,,2.960,4.980
2021103103,3050,6.000,31,36,2.500,3.000,,4.220,9.220
2021103103,3100,7.000,39,44,3.200,3.700,3.200,1.470,1.750
2021103103,3270,6.000,35,40,2.900,3.400,,2.820,4.680
2021103103,3339,6.000,38,43,3.200,3.700,,5.710,16.020
2021103103,3361,6.000,27,32,2.100,2.600,,2.840,4.130
2021103103,3400,6.000,33,38,2.700,3.200,2.500,1.990,3.960
2021103103,3476,6.000,39,44,3.300,3.800,,5.520,8.560
2021103103,3566,6.000,27,32,2.100,2.600,,2.020,2.340
2021103103,3594,7.000,40,45,3.300,3.800,,5.970,8.180
2021103103,3636,6.000,28,33,2.200,2.700,,3.440,4.750
2021103103,3719,7.000,34,38,2.700,3.100,,2.650,3.950
2021103103,3847,7.000,24,29,1.700,2.200,,1.620,2.360
2021103103,3876,6.000,41,46,3.500,4.000,,4.880,9.630
2021103103,3915,6.000,39,43,3.300,3.700,3.200,2.650,5.410
2021103103,3948,6.000,58,63,5.200,5.700,,7.550,31.070
2021103103,4014,6.000,37,42,3.100,3.600,2.600,3.490,6.950
2021103103,4055,7.000,46,50,3.900,4.300,3.900,2.830,7.610
2021103103,4249,6.000,42,47,3.600,4.100,,6.330,17.650
2021103104,62,6.000,29,34,2.300,2.800,,2.670,3.230
2021103104,128,6.000,29,34,2.300,2.800,,2.380,3.290
2021103104,169,6.000,28,33,2.200,2.700,,2.000,2.970
2021103104,212,6.000,53,57,4.700,5.100,4.300,8.210,24.500
2021103104,268,6.000,26,31,2.000,2.500,,2.330,2.890
2021103104,292,6.000,37,42,3.100,3.600,2.300,2.330,4.220
2021103104,342,6.000,47,52,4.100,4.600,3.100,5.770,11.730
2021103104,548,6.000,40,45,3.400,3.900,,2.280,4.080
2021103104,787,6.000,52,57,4.600,5.100,2.800,4.890,14.910
2021103104,972,6.000,64,69,5.800,6.300,,6.820,19.020
2021103104,1049,6.000,25,30,1.900,2.400,1.800,4.140,3.900
2021103104,1073,6.000,29,34,2.300,2.800,,2.610,3.890
2021103104,1167,6.000,36,41,3.000,3.500,,4.630,7.930
2021103104,1212,6.000,39,44,3.300,3.800,2.700,1.740,3.420
2021103104,1236,6.000,44,49,3.800,4.300,2.300,4.020,11.760
2021103104,1322,6.000,46,51,4.000,4.500,,6.330,13.330
2021103104,1372,6.000,24,29,1.800,2.300,,1.300,1.980
2021103104,1417,6.000,54,59,4.800,5.300,2.500,7.620,16.180
2021103104,1491,6.000,41,46,3.500,4.000,,4.220,10.030
2021103104,1558,7.000,34,39,2.700,3.200,2.600,2.970,4.730
2021103104,1620,6.000,30,35,2.400,2.900,2.400,2.670,3.670
2021103104,1661,6.000,30,35,2.400,2.900,,2.940,4.390
2021103104,1690,6.000,36,41,3.000,3.500,2.900,2.930,4.790
2021103104,1725,6.000,32,37,2.600,3.100,2.300,2.670,4.050
2021103104,1765,6.000,52,57,4.600,5.100,2.300,6.050,17.180
2021103104,1791,7.000,25,30,1.800,2.300,,3.450,5.570
2021103104,1858,6.000,24,29,1.800,2.300,,1.940,2.930
2021103104,1920,6.000,50,55,4.400,4.900,2.400,3.180,9.180
2021103104,2033,6.000,86,91,8.000,8.500,4.300,6.420,24.410
2021103104,2055,6.000,37,42,3.100,3.600,3.100,4.230,6.380
2021103104,2108,6.000,44,49,3.800,4.300,,4.410,8.950
2021103104,2174,6.000,43,48,3.700,4.200,3.700,4.780,8.540
2021103104,2325,6.000,36,41,3.000,3.500,,4.220,7.460
2021103104,2399,6.000,43,48,3.700,4.200,2.600,5.640,12.300
2021103104,2455,6.000,57,61,5.100,5.500,3.200,5.190,14.240
2021103104,2509,7.000,73,77,6.600,7.000,6.600,4.340,13.590
2021103104,2531,6.000,40,45,3.400,3.900,3.200,3.270,5.800
2021103104,2755,6.000,31,36,2.500,3.000,2.500,2.400,4.140
2021103104,2827,6.000,33,38,2.700,3.200,2.600,2.820,4.110
2021103104,2855,6.000,30,35,2.400,2.900,2.100,3.160,4.870
2021103104,2903,6.000,29,34,2.300,2.800,,2.780,3.500
2021103104,2927,6.000,38,42,3.200,3.600,2.600,4.110,7.740
2021103104,3157,6.000,39,44,3.300,3.800,2.500,2.740,5.730
2021103104,3181,6.000,44,49,3.800,4.300,2.700,4.400,8.910
2021103104,3205,6.000,26,31,2.000,2.500,,1.900,2.360
2021103104,3229,6.000,40,45,3.400,3.900,3.100,3.950,7.320
2021103104,3253,6.000,32,37,2.600,3.100,,2.470,4.570
2021103104,3275,6.000,32,37,2.600,3.100,2.600,3.490,4.790
2021103104,3299,5.000,26,31,2.100,2.600,,2.290,2.840
2021103104,3321,6.000,23,28,1.700,2.200,,1.700,2.160
2021103104,3350,6.000,61,66,5.500,6.000,,5.580,19.650
2021103104,3376,6.000,27,32,2.100,2.600,,2.180,3.380
2021103104,3420,6.000,34,39,2.800,3.300,2.500,2.380,4.300
2021103104,3699,6.000,51,56,4.500,5.000,2.300,5.390,11.420
2021103104,3737,6.000,39,44,3.300,3.800,2.300,4.660,8.120
2021103105,76,6.000,26,31,2.000,2.500,,2.520,2.950
2021103105,142,7.000,31,36,2.400,2.900,,2.740,3.740
2021103105,166,6.000,31,36,2.500,3.000,,3.640,5.210
2021103105,188,6.000,38,43,3.200,3.700,3.000,3.200,5.380
2021103105,212,6.000,32,37,2.600,3.100,,2.940,4.410
2021103105,236,6.000,31,35,2.500,2.900,,3.020,3.870
2021103105,292,6.000,32,36,2.600,3.000,,5.600,12.550
2021103105,391,6.000,45,49,3.900,4.300,0.800,6.590,18.200
2021103105,597,6.000,32,36,2.600,3.000,,4.920,10.950
2021103105,626,7.000,37,42,3.000,3.500,,2.830,4.640
2021103105,740,6.000,45,49,3.900,4.300,3.900,3.740,8.080
2021103105,762,6.000,35,40,2.900,3.400,,2.160,2.980
2021103105,786,6.000,22,27,1.600,2.100,,2.310,2.720
2021103105,930,6.000,28,33,2.200,2.700,,2.510,2.740
2021103105,965,6.000,35,39,2.900,3.300,2.800,5.980,13.870
2021103105,986,6.000,30,34,2.400,2.800,,2.860,3.040
2021103105,1032,6.000,48,53,4.200,4.700,,4.390,8.050
2021103105,1122,6.000,34,38,2.800,3.200,,2.830,3.870
2021103105,1156,6.000,31,36,2.500,3.000,2.500,3.700,4.630
2021103105,1233,6.000,25,29,1.900,2.300,,2.380,4.150
2021103105,1267,7.000,43,47,3.600,4.000,2.600,5.970,13.950
2021103105,1366,6.000,41,46,3.500,4.000,,4.130,7.640
2021103105,1399,6.000,38,43,3.200,3.700,,2.640,3.860
2021103105,1455,6.000,40,45,3.400,3.900,,4.320,7.840
2021103105,1513,7.000,22,27,1.500,2.000,,3.240,4.480
2021103105,1547,6.000,50,55,4.400,4.900,2.600,3.610,7.640
2021103105,1760,6.000,46,50,4.000,4.400,,6.720,22.400
2021103105,1842,6.000,49,54,4.300,4.800,4.200,6.080,13.870
2021103105,1864,6.000,31,36,2.500,3.000,,2.950,4.070
2021103105,1905,6.000,29,34,2.300,2.800,2.300,3.040,4.730
2021103105,1976,6.000,24,29,1.800,2.300,,1.380,1.530
2021103105,2077,6.000,27,31,2.100,2.500,,5.520,9.250
2021103105,2120,6.000,58,63,5.200,5.700,2.000,2.810,10.180
2021103105,2206,7.000,26,30,1.900,2.300,,2.480,2.400
2021103105,2240,6.000,29,34,2.300,2.800,,3.570,4.580
2021103105,2309,6.000,29,33,2.300,2.700,,3.100,4.940
2021103105,2333,6.000,49,54,4.300,4.800,2.600,3.270,7.570
2021103105,2438,6.000,44,49,3.800,4.300,,4.210,9.780
2021103105,2483,6.000,27,32,2.100,2.600,,2.960,3.060
2021103105,2539,7.000,65,70,5.800,6.300,2.100,2.640,7.030
2021103105,2596,6.000,13,44,0.700,3.800,,5.750,12.360
2021103105,2693,6.000,33,38,2.700,3.200,,3.200,5.000
2021103105,2743,6.000,34,39,2.800,3.300,2.100,3.200,4.740
2021103105,2931,7.000,28,33,2.100,2.600,,5.930,11.250
2021103105,2955,6.000,33,38,2.700,3.200,2.400,2.750,4.320
2021103105,3029,6.000,45,50,3.900,4.400,2.800,2.980,5.710
2021103105,3102,6.000,26,31,2.000,2.500,,2.340,3.320
2021103105,3126,6.000,24,29,1.800,2.300,,1.730,2.500
2021103105,3214,7.000,32,37,2.500,3.000,,3.170,3.920
2021103105,3259,7.000,55,59,4.800,5.200,3.600,4.610,13.450
2021103105,3288,6.000,29,33,2.300,2.700,,2.680,5.020
2021103105,3393,6.000,25,30,1.900,2.400,,1.320,1.720
2021103105,3467,7.000,26,31,1.900,2.400,,2.740,3.350
2021103105,3512,7.000,26,31,1.900,2.400,,2.560,4.010
2021103105,3536,6.000,29,34,2.300,2.800,,2.770,4.820
2021103105,3593,7.000,47,52,4.000,4.500,2.100,5.240,17.330
2021103105,3617,7.000,32,37,2.500,3.000,2.500,2.830,3.820
2021103105,3686,6.000,36,41,3.000,3.500,,5.330,9.130
2021103105,3708,6.000,27,32,2.100,2.600,,2.740,3.820
2021103105,3972,6.000,48,53,4.200,4.700,,6.130,16.760
2021103105,3996,6.000,40,44,3.400,3.800,3.200,3.370,4.920
2021103105,4020,6.000,29,34,2.300,2.800,,2.780,4.550
2021103105,4042,6.000,35,39,2.900,3.300,,2.900,4.750
2021103105,4066,6.000,43,48,3.700,4.200,,2.720,5.210
2021103105,4090,6.000,50,55,4.400,4.900,3.000,6.370,16.380
2021103105,4114,6.000,39,43,3.300,3.700,,2.860,5.820
2021103106,62,6.000,27,32,2.100,2.600,,1.620,2.700
2021103106,86,6.000,25,30,1.900,2.400,,1.650,2.400
2021103106,131,6.000,32,37,2.600,3.100,,2.070,4.200
2021103106,153,6.000,32,37,2.600,3.100,,2.850,4.250
2021103106,225,6.000,64,69,5.800,6.300,5.500,6.870,22.470
2021103106,335,6.000,40,45,3.400,3.900,,2.450,5.680
2021103106,357,6.000,40,45,3.400,3.900,3.300,3.630,7.280
2021103106,434,6.000,37,42,3.100,3.600,,3.500,5.710
2021103106,460,6.000,46,51,4.000,4.500,,2.770,5.530
2021103106,584,6.000,33,38,2.700,3.200,,2.460,3.700
2021103106,673,6.000,25,30,1.900,2.400,,1.850,2.720
2021103106,697,6.000,41,46,3.500,4.000,,4.290,8.840
2021103106,719,6.000,37,41,3.100,3.500,,2.870,4.460
2021103106,743,6.000,46,50,4.000,4.400,,2.260,4.320
2021103106,765,6.000,32,36,2.600,3.000,,2.440,3.950
2021103106,808,6.000,35,40,2.900,3.400,2.900,1.730,2.930
2021103106,862,6.000,41,46,3.500,4.000,3.300,3.850,8.500
2021103106,907,6.000,28,33,2.200,2.700,,2.030,2.410
2021103106,950,6.000,38,43,3.200,3.700,3.100,2.420,4.080
2021103106,1066,7.000,31,36,2.400,2.900,,1.660,2.070
2021103106,1182,7.000,55,59,4.800,5.200,2.300,5.580,16.480
2021103106,1207,7.000,28,33,2.100,2.600,,2.300,3.210
2021103106,1231,6.000,42,47,3.600,4.100,2.400,2.860,6.760
2021103106,1333,7.000,49,54,4.200,4.700,,7.490,23.880
2021103106,1394,7.000,36,40,2.900,3.300,2.900,1.970,3.670
2021103106,1460,6.000,50,55,4.400,4.900,2.300,2.830,8.300
2021103106,1479,7.000,30,34,2.300,2.700,2.000,4.320,6.330
2021103106,1524,6.000,40,44,3.400,3.800,,3.550,5.980
2021103106,1641,7.000,25,29,1.800,2.200,,1.290,1.800
2021103106,1727,6.000,58,61,5.200,5.500,2.300,6.530,17.730
2021103106,1749,7.000,47,52,4.000,4.500,,4.770,10.820
2021103106,1773,7.000,42,46,3.500,3.900,,2.720,5.180
2021103106,1806,6.000,35,38,2.900,3.200,2.700,1.810,3.120
2021103106,1847,7.000,40,44,3.300,3.700,,2.960,5.010
2021103106,1876,8.000,33,37,2.500,2.900,,2.670,3.690
2021103106,1905,6.000,41,46,3.500,4.000,3.200,4.050,6.640
2021103106,2110,7.000,33,37,2.600,3.000,2.500,1.920,2.790
2021103106,2199,6.000,36,41,3.000,3.500,2.900,2.370,3.820
2021103106,2268,6.000,24,29,1.800,2.300,,2.590,4.060
2021103106,2290,6.000,29,34,2.300,2.800,2.200,2.590,3.640
2021103106,2319,6.000,42,47,3.600,4.100,,6.530,18.430
2021103106,2369,6.000,36,41,3.000,3.500,2.600,3.640,6.840
2021103106,2393,6.000,33,38,2.700,3.200,,1.830,2.780
2021103106,2518,6.000,37,42,3.100,3.600,2.800,1.910,4.170
2021103106,2540,7.000,43,48,3.600,4.100,,3.360,8.210
2021103106,2622,6.000,33,38,2.700,3.200,,3.020,5.680
2021103106,2665,6.000,42,47,3.600,4.100,,4.350,9.260
2021103106,2799,7.000,19,24,1.200,1.700,,2.450,2.360
2021103106,2844,6.000,46,50,4.000,4.400,,4.590,11.490
2021103106,2954,6.000,46,51,4.000,4.500,3.800,4.730,9.130
2021103106,3069,6.000,45,49,3.900,4.300,,4.200,7.810
2021103106,3091,6.000,31,36,2.500,3.000,,1.990,3.020
2021103106,3163,6.000,33,38,2.700,3.200,,2.450,4.060
2021103106,3203,6.000,22,27,1.600,2.100,,1.150,1.150
2021103106,3261,6.000,44,49,3.800,4.300,,4.440,8.640
2021103106,3283,6.000,26,30,2.000,2.400,,1.900,2.280
2021103106,3305,6.000,46,51,4.000,4.500,2.400,3.560,9.480
2021103106,3370,6.000,26,31,2.000,2.500,,1.980,3.140
2021103106,3445,6.000,44,48,3.800,4.200,,4.480,8.810
2021103106,3470,6.000,32,37,2.600,3.100,2.500,2.480,5.290
2021103106,3492,6.000,55,60,4.900,5.400,2.700,3.210,8.360
2021103106,3617,6.000,37,42,3.100,3.600,2.300,2.750,4.870
2021103106,3639,6.000,24,29,1.800,2.300,,1.390,1.950
2021103106,3691,6.000,44,49,3.800,4.300,,6.820,16.160
2021103106,3762,6.000,30,35,2.400,2.900,,5.020,7.580
2021103106,3784,7.000,63,68,5.600,6.100,3.700,8.190,27.350
2021103106,3890,6.000,44,49,3.800,4.300,2.200,4.200,9.290
2021103106,4052,6.000,34,39,2.800,3.300,,3.040,4.820
2021103106,4076,6.000,36,41,3.000,3.500,,3.060,5.160
2021103106,4109,6.000,42,46,3.600,4.000,3.500,2.540,5.830
2021103106,4131,6.000,26,30,2.000,2.400,,1.870,2.730
2021103106,4166,6.000,81,86,7.500,8.000,4.600,6.450,23.050
2021103106,4207,6.000,33,38,2.700,3.200,,2.790,4.340
2021103106,4229,6.000,40,44,3.400,3.800,,3.140,5.860
2021103106,4334,6.000,43,48,3.700,4.200,2.600,2.870,7.470
2021103106,4456,6.000,54,59,4.800,5.300,2.300,7.060,23.880
2021103106,4478,7.000,32,37,2.500,3.000,,2.620,3.740
2021103106,4518,7.000,38,43,3.100,3.600,,4.320,7.520
2021103106,4561,6.000,41,46,3.500,4.000,,3.180,6.000
2021103106,4603,6.000,37,42,3.100,3.600,,5.010,13.130
2021103106,4625,7.000,28,33,2.100,2.600,,2.150,3.160
2021103106,4670,6.000,42,47,3.600,4.100,,4.830,9.830
2021103106,4728,6.000,25,30,1.900,2.400,,4.630,8.180
2021103106,4750,6.000,26,31,2.000,2.500,,1.730,2.400
2021103107,79,6.000,38,43,3.200,3.700,,5.970,15.150
2021103107,114,6.000,31,36,2.500,3.000,,1.950,2.260
2021103107,138,6.000,43,48,3.700,4.200,3.500,4.900,8.840
2021103107,162,6.000,24,29,1.800,2.300,,1.970,2.400
2021103107,257,6.000,25,29,1.900,2.300,,2.420,2.830
2021103107,399,6.000,26,31,2.000,2.500,,1.640,2.280
2021103107,421,6.000,27,31,2.100,2.500,2.100,1.650,1.930
2021103107,445,6.000,31,35,2.500,2.900,,2.430,4.740
2021103107,488,6.000,59,64,5.300,5.800,,6.310,24.440
2021103107,554,6.000,28,33,2.200,2.700,,2.110,3.440
2021103107,595,6.000,31,36,2.500,3.000,,2.030,2.980
2021103107,720,6.000,32,36,2.600,3.000,,2.560,4.620
2021103107,742,6.000,56,61,5.000,5.500,2.700,4.500,10.930
2021103107,787,6.000,40,44,3.400,3.800,3.200,4.700,8.910
2021103107,842,6.000,30,34,2.400,2.800,,2.600,4.210
2021103107,866,6.000,38,42,3.200,3.600,,3.760,7.070
2021103107,899,7.000,26,31,1.900,2.400,,5.720,8.970
2021103107,1013,6.000,22,27,1.600,2.100,,1.610,1.540
2021103107,1101,5.000,37,42,3.200,3.700,,6.470,16.810
2021103107,1146,6.000,24,29,1.800,2.300,,2.960,5.020
2021103107,1209,7.000,45,50,3.800,4.300,3.600,2.900,7.120
2021103107,1311,6.000,23,27,1.700,2.100,,4.500,5.890
2021103107,1354,6.000,37,42,3.100,3.600,,3.170,5.430
2021103107,1397,6.000,29,33,2.300,2.700,,1.940,2.800
2021103107,1470,6.000,32,37,2.600,3.100,2.500,4.310,9.520
2021103107,1531,6.000,35,40,2.900,3.400,,2.270,3.160
2021103107,1555,6.000,31,35,2.500,2.900,2.200,2.610,3.410
2021103107,1579,6.000,26,30,2.000,2.400,,2.960,3.950
2021103107,1601,7.000,53,57,4.600,5.000,0.000,4.560,14.740
2021103107,1686,6.000,21,26,1.500,2.000,,1.580,2.290
2021103107,1758,6.000,36,41,3.000,3.500,,1.640,3.150
2021103107,1820,6.000,28,32,2.200,2.600,,1.710,2.150
2021103107,1842,6.000,32,36,2.600,3.000,,2.100,3.290
2021103107,1905,7.000,31,36,2.400,2.900,,3.110,3.680
2021103107,1929,6.000,34,39,2.800,3.300,2.600,3.110,4.970
2021103107,2003,6.000,26,30,2.000,2.400,,1.780,2.360
2021103107,2044,7.000,25,30,1.800,2.300,,1.400,2.130
2021103107,2069,6.000,24,29,1.800,2.300,,2.620,3.990
2021103107,2169,6.000,25,29,1.900,2.300,,4.120,6.790
2021103107,2323,7.000,27,32,2.000,2.500,,2.140,2.670
2021103107,2347,6.000,25,29,1.900,2.300,,2.110,2.200
2021103107,2397,7.000,27,31,2.000,2.400,,2.050,3.160
2021103107,2425,6.000,34,37,2.800,3.100,,3.110,4.860
2021103107,2487,7.000,29,33,2.200,2.600,,2.200,2.500
2021103107,2532,6.000,76,81,7.000,7.500,5.800,7.960,34.320
2021103107,2551,6.000,27,32,2.100,2.600,,4.090,6.790
2021103107,2575,7.000,45,49,3.800,4.200,,5.520,18.440
2021103107,2620,6.000,43,47,3.700,4.100,3.300,4.500,9.370
2021103107,2733,6.000,25,28,1.900,2.200,,2.650,3.790
2021103107,2762,7.000,43,47,3.600,4.000,,4.460,9.540
2021103107,2865,6.000,47,52,4.100,4.600,,5.210,12.340
2021103107,2889,7.000,27,31,2.000,2.400,,2.080,2.830
2021103107,2970,7.000,31,36,2.400,2.900,,2.480,3.210
2021103107,3015,6.000,40,45,3.400,3.900,,5.110,9.090
2021103107,3039,6.000,36,41,3.000,3.500,,3.360,5.140
2021103107,3145,6.000,50,55,4.400,4.900,3.300,4.260,12.200
2021103107,3220,7.000,29,33,2.200,2.600,2.100,1.680,2.450
2021103107,3242,6.000,29,33,2.300,2.700,,2.470,3.300
2021103107,3332,6.000,41,45,3.500,3.900,,2.640,5.340
2021103107,3354,7.000,32,36,2.500,2.900,2.200,3.120,4.170
2021103107,3378,6.000,31,35,2.500,2.900,2.500,2.470,3.380
2021103107,3423,6.000,29,34,2.300,2.800,,1.960,2.620
2021103107,3445,6.000,58,62,5.200,5.600,,6.640,17.230
2021103107,3508,7.000,26,31,1.900,2.400,,1.510,1.910
2021103107,3532,6.000,32,37,2.600,3.100,,3.120,4.660
2021103107,3554,6.000,36,40,3.000,3.400,3.000,3.490,4.980
2021103107,3578,6.000,42,47,3.600,4.100,,5.110,9.960
2021103107,3611,6.000,26,31,2.000,2.500,,2.530,2.860
2021103107,3635,6.000,26,30,2.000,2.400,,1.810,2.580
2021103107,3659,4.000,31,36,2.700,3.200,,2.620,4.450
2021103107,3735,6.000,33,37,2.700,3.100,,3.230,4.950
2021103107,3793,6.000,35,38,2.900,3.200,,3.850,5.820
2021103107,3869,6.000,38,42,3.200,3.600,3.000,2.060,4.040
2021103107,3948,6.000,55,60,4.900,5.400,3.600,4.720,14.310
2021103107,4007,6.000,39,44,3.300,3.800,3.300,2.460,4.580
2021103107,4029,6.000,45,50,3.900,4.400,3.000,3.220,7.800
2021103107,4133,6.000,30,34,2.400,2.800,,3.400,6.170
2021103107,4200,8.000,38,40,3.000,3.200,2.700,2.910,5.170
2021103108,54,7.000,36,39,2.900,3.200,,2.170,3.600
2021103108,99,6.000,46,51,4.000,4.500,,5.030,12.190
2021103108,128,6.000,26,31,2.000,2.500,,1.970,3.070
2021103108,171,6.000,49,54,4.300,4.800,2.400,6.910,17.280
2021103108,290,6.000,32,37,2.600,3.100,2.500,3.240,4.060
2021103108,312,6.000,31,36,2.500,3.000,,3.440,4.380
2021103108,341,6.000,45,50,3.900,4.400,3.500,3.460,7.160
2021103108,393,6.000,33,38,2.700,3.200,,3.200,4.350
2021103108,415,6.000,50,55,4.400,4.900,3.300,6.920,14.720
2021103108,485,6.000,63,68,5.700,6.200,,4.330,11.400
2021103108,619,6.000,31,36,2.500,3.000,,3.070,4.650
2021103108,648,6.000,38,43,3.200,3.700,,4.810,6.980
2021103108,670,6.000,51,56,4.500,5.000,3.000,6.340,21.510
2021103108,689,6.000,47,52,4.100,4.600,3.200,5.950,10.710
2021103108,740,6.000,32,37,2.600,3.100,,4.920,5.960
2021103108,790,6.000,40,45,3.400,3.900,2.900,3.270,6.160
2021103108,833,6.000,41,46,3.500,4.000,2.700,3.290,6.140
2021103108,894,6.000,22,27,1.600,2.100,,1.440,1.580
2021103108,979,6.000,36,41,3.000,3.500,,2.630,5.400
2021103108,1035,6.000,35,40,2.900,3.400,2.700,4.930,9.260
2021103108,1124,6.000,35,40,2.900,3.400,,6.830,9.330
2021103108,1156,6.000,41,46,3.500,4.000,,5.450,7.990
2021103108,1180,6.000,32,37,2.600,3.100,,3.170,4.010
2021103108,1223,6.000,35,39,2.900,3.300,,4.500,6.350
2021103108,1273,6.000,21,26,1.500,2.000,,1.380,1.440
2021103108,1332,6.000,24,29,1.800,2.300,,2.210,2.840
2021103108,1356,6.000,62,67,5.600,6.100,5.400,7.500,22.980
2021103108,1403,6.000,36,40,3.000,3.400,3.000,3.600,5.270
2021103108,1425,6.000,31,36,2.500,3.000,,2.760,4.170
2021103108,1533,6.000,35,40,2.900,3.400,0.500,5.470,12.680
2021103108,1555,6.000,27,32,2.100,2.600,,2.570,2.580
2021103108,1632,6.000,56,61,5.000,5.500,2.800,4.920,12.040
2021103108,1651,6.000,41,46,3.500,4.000,2.600,3.660,8.010
2021103108,1748,6.000,31,36,2.500,3.000,2.400,3.010,4.480
2021103108,1770,6.000,30,35,2.400,2.900,,3.450,4.370
2021103108,1810,6.000,34,39,2.800,3.300,,3.330,5.320
2021103108,1860,6.000,33,38,2.700,3.200,,3.180,4.950
2021103108,1882,6.000,36,41,3.000,3.500,,2.800,4.160
2021103108,1908,6.000,41,46,3.500,4.000,,3.540,5.800
2021103108,1932,6.000,32,37,2.600,3.100,,2.920,3.850
2021103108,1954,6.000,31,36,2.500,3.000,2.500,2.820,3.720
2021103108,1976,6.000,35,40,2.900,3.400,,3.090,4.440
2021103108,2166,6.000,30,35,2.400,2.900,,3.420,5.460
2021103108,2211,6.000,40,45,3.400,3.900,,5.550,8.870
2021103108,2292,6.000,37,42,3.100,3.600,,3.330,4.670
2021103108,2314,6.000,33,38,2.700,3.200,,3.100,4.940
2021103108,2354,6.000,40,45,3.400,3.900,,6.100,17.300
2021103108,2404,6.000,53,58,4.700,5.200,,5.400,12.910
2021103108,2426,6.000,62,67,5.600,6.100,3.100,6.750,25.660
2021103108,2549,6.000,38,43,3.200,3.700,3.200,3.220,5.470
2021103108,2668,6.000,39,43,3.300,3.700,3.000,1.800,3.180
2021103108,2711,6.000,35,40,2.900,3.400,2.700,3.280,4.460
2021103108,2794,6.000,48,53,4.200,4.700,3.300,3.380,8.300
2021103108,2866,6.000,24,29,1.800,2.300,,1.820,2.240
2021103108,2922,6.000,32,37,2.600,3.100,,2.570,3.070
2021103108,2965,6.000,24,29,1.800,2.300,,3.340,3.960
2021103108,3078,6.000,35,40,2.900,3.400,2.800,4.570,10.240
2021103108,3185,6.000,39,44,3.300,3.800,,3.370,6.380
2021103108,3230,6.000,34,39,2.800,3.300,,3.220,5.640
2021103108,3252,6.000,35,40,2.900,3.400,,3.250,5.360
2021103108,3279,6.000,36,41,3.000,3.500,,4.900,6.460
2021103108,3332,6.000,36,41,3.000,3.500,3.000,3.240,5.840
2021103108,3386,6.000,28,33,2.200,2.700,,2.390,3.630
2021103108,3671,6.000,32,37,2.600,3.100,2.500,4.120,7.550
2021103108,3683,6.000,34,39,2.800,3.300,,3.110,5.330
2021103108,3758,6.000,38,43,3.200,3.700,,5.040,8.480
2021103108,3802,6.000,34,39,2.800,3.300,,2.850,5.210
2021103108,3831,6.000,24,29,1.800,2.300,,3.700,4.000
2021103108,3872,6.000,51,56,4.500,5.000,2.600,3.310,7.690
2021103108,3896,6.000,24,29,1.800,2.300,,6.040,9.300
2021103108,3919,6.000,35,40,2.900,3.400,,3.230,5.480
2021103108,3960,6.000,41,46,3.500,4.000,2.700,3.160,6.790
2021103108,3989,6.000,38,43,3.200,3.700,,3.080,5.870
2021103108,4019,6.000,34,39,2.800,3.300,,3.410,5.570
2021103108,4065,6.000,35,40,2.900,3.400,,2.880,4.970
2021103109,75,6.000,27,32,2.100,2.600,,3.160,3.390
2021103109,141,6.000,38,43,3.200,3.700,,2.180,1.990
2021103109,165,6.000,27,31,2.100,2.500,,2.950,3.450
2021103109,189,6.000,63,67,5.700,6.100,5.100,5.030,16.870
2021103109,232,6.000,64,69,5.800,6.300,2.400,7.790,28.110
2021103109,268,6.000,32,37,2.600,3.100,,2.060,2.560
2021103109,313,6.000,34,39,2.800,3.300,2.300,2.790,4.390
2021103109,414,6.000,38,42,3.200,3.600,3.200,5.050,8.720
2021103109,623,6.000,31,36,2.500,3.000,,2.680,4.400
2021103109,705,6.000,51,56,4.500,5.000,,6.130,23.750
2021103109,734,6.000,27,32,2.100,2.600,,2.990,3.290
2021103109,855,6.000,29,34,2.300,2.800,,4.640,9.250
2021103109,903,6.000,48,52,4.200,4.600,,4.100,9.190
2021103109,934,6.000,26,31,2.000,2.500,,2.140,2.360
2021103109,1034,6.000,26,31,2.000,2.500,,1.820,2.170
2021103109,1058,6.000,29,34,2.300,2.800,,2.830,3.500
2021103109,1144,6.000,34,38,2.800,3.200,,2.240,3.500
2021103109,1242,6.000,43,48,3.700,4.200,,6.720,20.320
2021103109,1316,6.000,30,35,2.400,2.900,,1.830,2.090
2021103109,1359,6.000,36,41,3.000,3.500,,2.740,4.630
2021103109,1381,6.000,62,67,5.600,6.100,4.400,3.930,13.460
2021103109,1439,6.000,32,36,2.600,3.000,,2.850,3.110
2021103109,1463,6.000,40,45,3.400,3.900,,2.510,6.740
2021103109,1492,6.000,26,31,2.000,2.500,,2.120,2.320
2021103109,1609,6.000,40,44,3.400,3.800,,6.570,16.720
2021103109,1693,6.000,35,39,2.900,3.300,2.900,2.850,4.170
2021103109,1747,6.000,61,66,5.500,6.000,3.100,4.290,13.640
2021103109,1766,6.000,39,44,3.300,3.800,,3.340,6.200
2021103109,1808,6.000,64,68,5.800,6.200,4.900,4.960,19.200
2021103109,1944,7.000,35,40,2.800,3.300,,2.750,5.230
2021103109,1987,7.000,44,49,3.700,4.200,2.800,3.640,8.520
2021103109,2031,6.000,34,39,2.800,3.300,,3.920,7.660
2021103109,2095,6.000,36,41,3.000,3.500,,2.930,5.230
2021103109,2138,6.000,25,30,1.900,2.400,,1.460,1.870
2021103109,2167,6.000,59,64,5.300,5.800,3.400,7.170,19.570
2021103109,2193,6.000,33,37,2.700,3.100,2.700,2.280,3.480
2021103109,2266,7.000,25,29,1.800,2.200,,2.060,2.870
2021103109,2288,6.000,25,30,1.900,2.400,,2.240,2.850
2021103109,2362,6.000,60,65,5.400,5.900,2.400,7.880,27.640
2021103109,2688,6.000,39,44,3.300,3.800,0.100,6.230,15.170
2021103109,2734,6.000,38,43,3.200,3.700,2.900,3.320,5.650
2021103109,2847,6.000,33,38,2.700,3.200,,3.210,7.340
2021103109,2869,6.000,47,52,4.100,4.600,2.400,4.580,12.130
2021103109,2891,6.000,55,60,4.900,5.400,3.900,5.240,19.180
2021103109,2953,6.000,27,32,2.100,2.600,,2.460,2.600
2021103109,2977,6.000,35,39,2.900,3.300,,2.730,4.040
2021103109,3020,6.000,32,36,2.600,3.000,,2.700,3.550
2021103109,3044,6.000,42,46,3.600,4.000,,2.900,6.930
2021103109,3068,6.000,30,35,2.400,2.900,,2.650,3.990
2021103109,3090,6.000,29,34,2.300,2.800,,2.930,4.240
2021103109,3119,6.000,35,40,2.900,3.400,2.500,5.210,5.340
2021103109,3146,6.000,53,58,4.700,5.200,2.400,3.100,6.430
2021103109,3176,6.000,28,33,2.200,2.700,,2.820,3.020
2021103109,3276,6.000,36,41,3.000,3.500,2.900,3.490,6.770
2021103109,3338,6.000,53,58,4.700,5.200,3.300,5.080,16.220
2021103109,3473,6.000,60,64,5.400,5.800,3.300,6.240,19.010
2021103109,3516,6.000,34,39,2.800,3.300,2.700,3.000,4.570
2021103109,3540,6.000,35,40,2.900,3.400,2.900,2.840,5.350
2021103109,3564,6.000,28,32,2.200,2.600,,1.960,2.810
2021103109,3588,6.000,48,52,4.200,4.600,2.800,3.210,9.390
2021103109,3610,6.000,32,37,2.600,3.100,2.400,2.930,4.000
2021103109,3634,6.000,36,40,3.000,3.400,3.000,2.910,4.240
2021103109,3668,6.000,27,31,2.100,2.500,,2.540,3.280
2021103109,3692,6.000,38,43,3.200,3.700,3.000,3.520,7.820
2021103109,3716,6.000,27,32,2.100,2.600,,2.920,3.910
2021103109,3762,6.000,53,58,4.700,5.200,2.000,8.740,28.830
2021103109,3828,6.000,39,44,3.300,3.800,,3.440,7.710
2021103109,3905,6.000,26,31,2.000,2.500,,2.220,2.470
2021103109,3945,6.000,24,28,1.800,2.200,,1.290,1.380
2021103109,3991,6.000,37,41,3.100,3.500,,3.720,5.970
2021103109,4020,6.000,27,31,2.100,2.500,,2.170,2.720
2021103109,4066,6.000,34,39,2.800,3.300,2.700,2.880,4.590
2021103109,4094,6.000,37,41,3.100,3.500,,3.130,5.440
2021103109,4140,6.000,31,35,2.500,2.900,,4.110,6.610
2021103110,99,7.000,24,29,1.700,2.200,,2.070,2.720
2021103110,144,7.000,40,45,3.300,3.800,2.700,5.340,8.190
2021103110,228,7.000,31,35,2.400,2.800,,6.900,12.540
2021103110,252,8.000,33,38,2.500,3.000,,4.940,11.840
2021103110,362,7.000,32,36,2.500,2.900,2.400,4.000,4.650
2021103110,398,7.000,30,34,2.300,2.700,2.300,2.370,2.870
2021103110,454,7.000,53,58,4.600,5.100,2.700,3.050,5.400
2021103110,530,7.000,37,42,3.000,3.500,,3.440,6.490
2021103110,577,6.000,37,41,3.100,3.500,,2.650,4.140
2021103110,599,6.000,49,53,4.300,4.700,2.800,5.030,12.670
2021103110,653,6.000,36,40,3.000,3.400,,3.550,5.790
2021103110,719,6.000,24,29,1.800,2.300,,2.660,3.880
2021103110,783,8.000,42,46,3.400,3.800,,4.820,9.030
2021103110,894,7.000,34,38,2.700,3.100,,3.650,5.180
2021103110,957,7.000,24,29,1.700,2.200,,1.710,2.240
2021103110,986,7.000,38,42,3.100,3.500,,4.060,8.570
2021103110,1111,6.000,36,41,3.000,3.500,,5.730,14.570
2021103110,1140,8.000,36,41,2.800,3.300,,3.350,5.850
2021103110,1227,7.000,38,42,3.100,3.500,,3.660,5.990
2021103110,1261,7.000,36,40,2.900,3.300,,3.040,4.960
2021103110,1316,7.000,50,55,4.300,4.800,2.800,3.750,8.910
2021103110,1372,7.000,32,37,2.500,3.000,,4.800,11.420
2021103110,1459,7.000,33,37,2.600,3.000,2.500,4.790,6.230
2021103110,1500,7.000,35,39,2.800,3.200,0.000,3.690,6.140
2021103110,1524,7.000,34,37,2.700,3.000,,2.780,3.930
2021103110,1580,7.000,27,31,2.000,2.400,,2.470,3.190
2021103110,1604,7.000,36,40,2.900,3.300,,3.400,5.280
2021103110,1645,7.000,35,39,2.800,3.200,,3.710,5.280
2021103110,1674,6.000,39,43,3.300,3.700,,3.120,4.740
2021103110,1703,7.000,48,51,4.100,4.400,4.100,3.560,6.930
2021103110,1742,8.000,16,49,0.800,4.100,,4.390,10.790
2021103110,1789,7.000,53,57,4.600,5.000,2.800,3.460,10.390
2021103110,1883,7.000,37,41,3.000,3.400,,5.670,14.980
2021103110,1970,8.000,36,40,2.800,3.200,2.600,3.500,5.670
2021103110,2013,7.000,40,43,3.300,3.600,3.300,3.110,5.110
2021103110,2082,7.000,27,31,2.000,2.400,,2.090,3.150
2021103110,2106,8.000,53,58,4.500,5.000,2.700,2.860,8.420
2021103110,2150,8.000,30,35,2.200,2.700,2.000,1.730,2.580
2021103110,2325,7.000,45,49,3.800,4.200,3.800,3.620,6.520
2021103110,2370,7.000,35,40,2.800,3.300,,3.180,6.660
2021103110,2565,6.000,31,35,2.500,2.900,2.500,2.940,4.780
2021103110,2626,7.000,27,31,2.000,2.400,,2.410,3.140
2021103110,2650,8.000,26,30,1.800,2.200,,2.120,2.600
2021103110,2706,8.000,43,48,3.500,4.000,2.400,4.110,7.240
2021103110,2729,7.000,27,31,2.000,2.400,,1.660,1.810
2021103110,2751,7.000,62,66,5.500,5.900,2.600,7.780,25.800
2021103110,2881,7.000,31,35,2.400,2.800,,3.340,4.560
2021103110,2927,8.000,30,34,2.200,2.600,1.900,3.120,3.860
2021103110,2954,7.000,49,54,4.200,4.700,2.700,4.480,11.050
2021103110,2974,6.000,27,31,2.100,2.500,,2.010,2.670
2021103110,3017,8.000,43,47,3.500,3.900,3.500,3.710,8.750
2021103110,3083,8.000,32,36,2.400,2.800,,2.260,2.930
2021103110,3112,8.000,30,34,2.200,2.600,,2.890,3.930
2021103110,3167,8.000,35,39,2.700,3.100,,3.220,5.330
2021103110,3208,7.000,25,29,1.800,2.200,,1.910,2.760
2021103110,3230,6.000,30,34,2.400,2.800,,2.880,4.070
2021103110,3280,7.000,34,37,2.700,3.000,,3.230,4.330
2021103110,3308,8.000,35,39,2.700,3.100,,3.450,4.690
2021103110,3332,7.000,26,30,1.900,2.300,,2.750,4.110
2021103110,3397,7.000,43,48,3.600,4.100,3.300,4.430,12.000
2021103110,3443,8.000,61,65,5.300,5.700,3.000,3.620,12.000
2021103110,3532,6.000,42,47,3.600,4.100,,6.860,20.930
2021103110,3597,6.000,31,36,2.500,3.000,2.300,3.050,4.540
2021103110,3640,6.000,56,58,5.000,5.200,2.600,3.500,7.750
2021103110,3727,6.000,44,49,3.800,4.300,3.300,3.740,7.910
2021103111,75,6.000,31,36,2.500,3.000,,2.320,3.070
2021103111,153,6.000,28,33,2.200,2.700,,2.590,3.420
2021103111,182,6.000,27,32,2.100,2.600,,1.790,2.570
2021103111,231,11.000,55,60,4.400,4.900,3.000,7.140,17.050
2021103111,286,6.000,22,27,1.600,2.100,,3.420,3.690
2021103111,310,6.000,23,28,1.700,2.200,,2.570,2.840
2021103111,408,6.000,32,37,2.600,3.100,,2.700,3.970
2021103111,437,6.000,72,77,6.600,7.100,4.700,2.860,9.230
2021103111,500,6.000,24,29,1.800,2.300,,2.120,2.730
2021103111,522,6.000,30,35,2.400,2.900,,2.650,3.540
2021103111,588,6.000,32,37,2.600,3.100,,6.150,12.790
2021103111,715,6.000,58,63,5.200,5.700,3.400,8.800,33.910
2021103111,768,6.000,39,44,3.300,3.800,2.700,4.600,9.270
2021103111,789,6.000,28,33,2.200,2.700,,2.090,3.500
2021103111,834,6.000,29,34,2.300,2.800,,3.390,5.440
2021103111,1039,6.000,33,38,2.700,3.200,,2.940,5.870
2021103111,1063,6.000,37,42,3.100,3.600,,4.930,8.020
2021103111,1089,6.000,24,29,1.800,2.300,,1.630,2.150
2021103111,1113,6.000,36,41,3.000,3.500,,2.580,4.210
2021103111,1185,6.000,74,79,6.800,7.300,2.400,7.030,25.750
2021103111,1220,6.000,41,46,3.500,4.000,0.400,4.900,10.350
2021103111,1248,6.000,28,33,2.200,2.700,,2.470,3.350
2021103111,1293,6.000,27,32,2.100,2.600,,2.460,3.270
2021103111,1372,6.000,28,33,2.200,2.700,,1.910,2.520
2021103111,1426,6.000,46,51,4.000,4.500,,2.650,7.230
2021103111,1448,6.000,39,44,3.300,3.800,,3.280,5.340
2021103111,1477,6.000,33,38,2.700,3.200,,5.030,7.140
2021103111,1530,6.000,39,44,3.300,3.800,2.800,2.300,4.510
2021103111,1591,6.000,30,35,2.400,2.900,,2.830,3.360
2021103111,1615,6.000,61,66,5.500,6.000,,4.820,17.160
2021103111,1643,6.000,29,34,2.300,2.800,,2.540,3.300
2021103111,1669,6.000,31,36,2.500,3.000,,2.300,4.540
2021103111,1741,6.000,30,35,2.400,2.900,,2.970,5.810
2021103111,1774,6.000,51,56,4.500,5.000,,4.280,7.360
2021103111,1833,6.000,36,41,3.000,3.500,,4.640,13.120
2021103111,1955,6.000,35,40,2.900,3.400,,2.840,4.950
2021103111,2002,6.000,24,29,1.800,2.300,,1.820,2.280
2021103111,2098,6.000,27,32,2.100,2.600,,4.240,8.080
2021103111,2222,6.000,27,32,2.100,2.600,,2.650,4.270
2021103111,2267,6.000,39,44,3.300,3.800,2.700,6.330,11.700
2021103111,2318,6.000,30,35,2.400,2.900,,4.280,6.960
2021103111,2367,7.000,35,40,2.800,3.300,,4.450,8.230
2021103111,2527,6.000,35,40,2.900,3.400,,2.030,3.440
2021103111,2554,6.000,27,32,2.100,2.600,,2.480,2.850
2021103111,2603,6.000,27,32,2.100,2.600,,2.020,2.890
2021103111,2632,6.000,30,35,2.400,2.900,,2.300,2.870
2021103111,2664,6.000,42,47,3.600,4.100,,2.640,4.190
2021103111,2717,6.000,36,41,3.000,3.500,,2.870,4.640
2021103111,2807,6.000,24,29,1.800,2.300,,1.650,2.170
2021103111,2909,6.000,52,57,4.600,5.100,3.900,4.790,12.480
2021103111,3019,6.000,25,30,1.900,2.400,,1.940,2.160
2021103111,3098,6.000,18,23,1.200,1.700,,1.300,1.250
2021103111,3123,6.000,41,46,3.500,4.000,,2.460,5.020
2021103111,3198,6.000,31,36,2.500,3.000,,6.060,12.560
2021103111,3246,8.000,15,70,0.700,6.200,,6.700,22.430
2021103111,3429,6.000,30,35,2.400,2.900,,2.870,3.340
2021103111,3629,6.000,34,39,2.800,3.300,,4.810,7.430
2021103111,3660,6.000,31,36,2.500,3.000,,2.450,3.480
2021103111,3713,6.000,38,43,3.200,3.700,,2.820,5.400
2021103111,3777,6.000,40,45,3.400,3.900,,2.320,3.380
2021103111,3801,6.000,23,28,1.700,2.200,,1.620,2.210
2021103111,3854,6.000,35,40,2.900,3.400,,2.430,3.500
2021103111,3882,6.000,35,40,2.900,3.400,2.700,3.230,5.430
2021103111,3967,6.000,33,38,2.700,3.200,,2.710,3.790
2021103111,3991,6.000,26,31,2.000,2.500,,2.190,3.290
2021103111,4107,6.000,47,52,4.100,4.600,2.800,6.610,17.160
2021103111,4178,6.000,38,42,3.200,3.600,,3.150,6.190
2021103111,4228,6.000,25,30,1.900,2.400,,2.460,3.990
2021103111,4251,6.000,26,31,2.000,2.500,,3.690,6.690
2021103111,4273,6.000,31,36,2.500,3.000,2.500,2.870,3.890
2021103111,4342,6.000,35,40,2.900,3.400,,3.200,4.790
2021103111,4364,6.000,37,42,3.100,3.600,,3.210,6.040
2021103111,4429,6.000,51,56,4.500,5.000,2.600,3.420,8.260
2021103111,4465,6.000,35,40,2.900,3.400,,2.970,4.990
2021103111,4489,6.000,46,51,4.000,4.500,3.000,3.190,7.670
2021103111,4515,6.000,49,54,4.300,4.800,2.900,3.220,7.640
2021103112,55,6.000,54,59,4.800,5.300,2.500,6.500,25.360
2021103112,97,6.000,30,34,2.400,2.800,,2.250,2.690
2021103112,184,6.000,34,38,2.800,3.200,2.800,2.970,4.180
2021103112,238,6.000,34,38,2.800,3.200,,2.190,2.940
2021103112,315,6.000,25,30,1.900,2.400,,1.810,2.180
2021103112,386,6.000,29,34,2.300,2.800,,1.950,2.380
2021103112,465,6.000,33,38,2.700,3.200,,4.200,6.170
2021103112,516,6.000,27,31,2.100,2.500,,2.960,4.230
2021103112,538,6.000,24,29,1.800,2.300,,1.570,1.310
2021103112,562,6.000,45,50,3.900,4.400,2.400,3.080,6.740
2021103112,646,6.000,41,46,3.500,4.000,,4.570,7.740
2021103112,685,6.000,45,50,3.900,4.400,2.700,2.790,7.500
2021103112,788,6.000,38,43,3.200,3.700,,3.190,4.580
2021103112,821,6.000,45,50,3.900,4.400,,7.740,23.030
2021103112,939,7.000,33,37,2.600,3.000,,2.310,2.470
2021103112,1021,6.000,38,42,3.200,3.600,2.600,3.000,6.170
2021103112,1045,15.000,40,44,2.500,2.900,2.400,2.960,4.350
2021103112,1113,7.000,38,42,3.100,3.500,2.500,2.770,4.680
2021103112,1228,7.000,27,31,2.000,2.400,,1.860,1.800
2021103112,1253,7.000,37,41,3.000,3.400,,2.040,4.830
2021103112,1298,6.000,36,40,3.000,3.400,,4.000,8.210
2021103112,1320,6.000,27,30,2.100,2.400,,2.220,1.970
2021103112,1418,7.000,26,31,1.900,2.400,,1.350,1.710
2021103112,1469,7.000,42,46,3.500,3.900,0.600,5.890,17.080
2021103112,1535,6.000,44,48,3.800,4.200,0.500,6.180,18.300
2021103112,1602,7.000,31,36,2.400,2.900,,2.180,3.170
2021103112,1695,6.000,33,37,2.700,3.100,2.500,2.220,4.510
2021103112,1719,7.000,29,34,2.200,2.700,,2.190,2.800
2021103112,1743,6.000,32,36,2.600,3.000,2.400,2.180,4.360
2021103112,1809,6.000,34,38,2.800,3.200,2.400,2.970,4.950
2021103112,1831,6.000,34,38,2.800,3.200,,3.230,4.290
2021103112,1901,6.000,39,43,3.300,3.700,,2.560,4.350
2021103112,1931,6.000,47,52,4.100,4.600,,7.370,15.190
2021103112,1952,6.000,27,31,2.100,2.500,,1.730,2.790
2021103112,2050,7.000,31,35,2.400,2.800,,5.310,11.490
2021103112,2072,6.000,36,39,3.000,3.300,2.800,3.240,4.570
2021103112,2128,6.000,53,57,4.700,5.100,0.800,4.830,13.700
2021103112,2270,6.000,40,45,3.400,3.900,2.200,3.380,7.080
2021103112,2352,6.000,42,45,3.600,3.900,,2.600,4.560
2021103112,2374,7.000,72,77,6.500,7.000,4.100,6.170,28.760
2021103112,2423,6.000,41,46,3.500,4.000,,4.120,7.800
2021103112,2473,6.000,37,41,3.100,3.500,,4.950,13.360
2021103112,2523,6.000,32,37,2.600,3.100,2.300,4.110,6.230
2021103112,2545,6.000,31,35,2.500,2.900,,2.770,4.100
2021103112,2631,7.000,28,32,2.100,2.500,,2.180,2.600
2021103112,2660,6.000,44,49,3.800,4.300,3.700,4.910,13.360
2021103112,2722,6.000,22,26,1.600,2.000,,2.670,3.390
2021103112,2789,7.000,40,44,3.300,3.700,0.500,4.490,7.940
2021103112,2813,6.000,46,51,4.000,4.500,3.300,4.450,10.650
2021103112,2860,6.000,40,44,3.400,3.800,,5.710,17.070
2021103112,2938,6.000,24,27,1.800,2.100,,4.150,5.700
2021103112,2968,6.000,28,33,2.200,2.700,,2.100,3.010
2021103112,3024,6.000,34,37,2.800,3.100,2.800,5.020,11.770
2021103112,3091,6.000,40,45,3.400,3.900,,5.610,13.340
2021103112,3145,6.000,40,45,3.400,3.900,,5.150,8.080
2021103112,3169,6.000,36,40,3.000,3.400,,4.840,8.500
2021103112,3193,6.000,42,46,3.600,4.000,,2.460,5.200
2021103112,3221,6.000,34,39,2.800,3.300,2.500,2.950,4.110
2021103112,3280,6.000,38,43,3.200,3.700,2.700,3.230,5.630
2021103112,3325,6.000,35,38,2.900,3.200,2.400,3.720,5.780
2021103112,3363,6.000,42,47,3.600,4.100,3.200,5.040,15.100
2021103112,3396,6.000,31,36,2.500,3.000,2.300,2.430,3.580
2021103112,3507,6.000,32,36,2.600,3.000,,3.670,4.800
2021103112,3529,6.000,30,35,2.400,2.900,,2.800,4.040
2021103112,3591,6.000,46,51,4.000,4.500,3.800,5.860,19.450
2021103112,3624,6.000,40,44,3.400,3.800,,3.990,7.410
2021103112,3785,6.000,32,36,2.600,3.000,,4.090,9.980
2021103112,3814,6.000,58,63,5.200,5.700,3.100,5.840,15.520
2021103112,3878,6.000,29,33,2.300,2.700,,2.480,2.770
2021103112,3906,6.000,32,37,2.600,3.100,,2.820,3.680
2021103112,3930,6.000,27,32,2.100,2.600,,2.400,2.710
2021103112,3964,6.000,36,41,3.000,3.500,,1.930,4.070
2021103112,4003,6.000,35,39,2.900,3.300,2.900,2.780,4.370
2021103112,4048,6.000,31,36,2.500,3.000,,1.940,4.240
2021103112,4076,6.000,56,60,5.000,5.400,,4.410,13.500
2021103112,4109,6.000,35,39,2.900,3.300,,3.270,6.120
2021103112,4167,6.000,31,36,2.500,3.000,2.500,3.040,5.270
2021103112,4288,6.000,36,40,3.000,3.400,2.800,3.250,4.660
2021103112,4317,59.000,92,97,3.300,3.800,2.800,3.180,7.090
2021103112,4362,6.000,34,39,2.800,3.300,2.800,3.040,4.690
2021103112,4409,6.000,41,46,3.500,4.000,3.100,3.480,7.180
2021103112,4434,2.000,53,58,5.100,5.600,3.100,5.310,18.100
2021110100,79,6.000,34,39,2.800,3.300,,4.320,7.370
2021110100,159,6.000,21,26,1.500,2.000,,1.630,1.570
2021110100,183,6.000,41,46,3.500,4.000,,5.260,9.300
2021110100,241,6.000,23,28,1.700,2.200,,2.880,3.790
2021110100,265,6.000,40,45,3.400,3.900,,7.050,11.270
2021110100,393,6.000,66,71,6.000,6.500,,4.890,14.780
2021110100,441,6.000,25,30,1.900,2.400,,1.820,2.370
2021110100,531,6.000,60,65,5.400,5.900,3.800,3.830,12.430
2021110100,587,6.000,36,41,3.000,3.500,,1.450,3.010
2021110100,724,6.000,24,29,1.800,2.300,,3.310,5.070
2021110100,753,6.000,66,71,6.000,6.500,,7.210,22.990
2021110100,775,6.000,37,42,3.100,3.600,,3.130,4.820
2021110100,797,6.000,45,49,3.900,4.300,,3.250,9.520
2021110100,847,6.000,50,55,4.400,4.900,,8.560,27.970
2021110100,917,6.000,46,51,4.000,4.500,,3.120,8.550
2021110100,1037,6.000,29,33,2.300,2.700,,1.990,2.550
2021110100,1083,6.000,32,37,2.600,3.100,0.000,4.620,9.880
2021110100,1160,6.000,31,36,2.500,3.000,,2.350,3.940
2021110100,1182,6.000,81,86,7.500,8.000,3.700,6.710,24.250
2021110100,1267,6.000,29,33,2.300,2.700,2.200,2.370,3.920
2021110100,1301,6.000,28,33,2.200,2.700,,2.720,3.830
2021110100,1351,6.000,44,49,3.800,4.300,3.500,3.410,6.950
2021110100,1396,6.000,47,52,4.100,4.600,,6.970,19.150
2021110100,1458,6.000,30,35,2.400,2.900,,2.630,3.790
2021110100,1480,6.000,25,30,1.900,2.400,,3.030,3.160
2021110100,1664,6.000,31,36,2.500,3.000,,5.110,11.470
2021110100,1736,6.000,45,50,3.900,4.400,3.700,6.120,17.000
2021110100,1833,6.000,26,31,2.000,2.500,,6.010,9.070
2021110100,1896,6.000,43,48,3.700,4.200,2.800,3.020,5.820
2021110100,1920,6.000,34,39,2.800,3.300,,2.680,4.160
2021110100,1942,6.000,35,40,2.900,3.400,,2.700,5.670
2021110100,1970,7.000,46,50,3.900,4.300,2.600,3.850,10.410
2021110100,2032,6.000,78,82,7.200,7.600,7.100,8.560,35.790
2021110100,2096,7.000,25,29,1.800,2.200,,2.010,1.920
2021110100,2120,6.000,37,41,3.100,3.500,2.500,3.190,6.130
2021110100,2165,6.000,33,37,2.700,3.100,,2.960,4.700
2021110100,2226,7.000,58,63,5.100,5.600,3.400,8.590,27.670
2021110100,2569,6.000,23,28,1.700,2.200,,2.660,3.550
2021110100,2593,6.000,36,41,3.000,3.500,,3.250,5.040
2021110100,2643,7.000,39,44,3.200,3.700,,2.360,3.920
2021110100,2688,7.000,27,31,2.000,2.400,,2.170,2.540
2021110100,2712,6.000,26,31,2.000,2.500,,2.460,2.120
2021110100,2761,6.000,45,50,3.900,4.400,,5.630,13.690
2021110100,2783,6.000,26,31,2.000,2.500,,2.840,4.110
2021110100,2881,7.000,38,43,3.100,3.600,,2.500,4.700
2021110100,2954,7.000,60,64,5.300,5.700,,6.150,18.320
2021110100,2976,6.000,28,33,2.200,2.700,,2.830,3.320
2021110100,3016,7.000,52,57,4.500,5.000,3.000,5.880,17.260
2021110100,3089,7.000,37,41,3.000,3.400,,6.720,13.230
2021110100,3150,6.000,32,37,2.600,3.100,2.400,4.620,7.480
2021110100,3195,7.000,25,30,1.800,2.300,,2.420,3.120
2021110100,3260,7.000,26,31,1.900,2.400,,1.780,2.250
2021110100,3362,7.000,34,38,2.700,3.100,,2.320,4.740
2021110100,3392,7.000,34,38,2.700,3.100,2.700,2.810,4.560
2021110100,3421,7.000,40,45,3.300,3.800,,4.680,9.550
2021110100,3471,6.000,75,80,6.900,7.400,,8.450,35.490
2021110100,3529,7.000,38,42,3.100,3.500,,5.790,10.630
2021110100,3572,7.000,39,44,3.200,3.700,3.200,2.680,5.390
2021110100,3617,7.000,59,64,5.200,5.700,3.600,5.340,14.080
2021110100,3674,6.000,54,59,4.800,5.300,4.000,2.790,8.410
2021110100,3796,7.000,27,31,2.000,2.400,,4.600,6.340
2021110100,3831,7.000,35,39,2.800,3.200,,5.320,9.430
2021110100,3876,6.000,38,42,3.200,3.600,,2.820,5.930
2021110100,3909,7.000,44,47,3.700,4.000,,4.290,13.580
2021110100,3955,7.000,46,51,3.900,4.400,3.900,6.240,12.610
2021110100,4016,7.000,58,62,5.100,5.500,,7.450,19.650
2021110100,4049,8.000,45,50,3.700,4.200,3.500,7.270,22.580
2021110100,4071,7.000,38,43,3.100,3.600,,3.310,5.670
2021110100,4113,7.000,33,37,2.600,3.000,,2.890,3.870
2021110100,4310,7.000,55,60,4.800,5.300,,7.200,20.810
2021110100,4363,7.000,44,48,3.700,4.100,,4.710,11.090
2021110100,4392,7.000,48,53,4.100,4.600,3.000,3.080,7.780
2021110100,4411,7.000,33,37,2.600,3.000,2.500,2.410,3.830
2021110100,4433,7.000,53,58,4.600,5.100,2.600,2.790,9.250
